species,atoll,reference,Order,Family
"Birgus latro (L., 1767)",Aldabra,"Borradaile, L.A. (1910) No. XV - On the land and amphibious Decapoda of Aldabra",Decapoda - Anomura,Coenobitidae
"Birgus latro (L., 1767)",Ant,"Howald, G., Wegmann, A., & Jones, H. (2006) Feasibility of rat eradication from Ahnd Atoll, Federated States of Micronesia",Decapoda - Anomura,Coenobitidae
"Birgus latro (L., 1767)",Arno,"Holthuis, L.B. (1953) Enumeration of the decapod and stomatopod Crustacea from Pacific coral islands",Decapoda - Anomura,Coenobitidae
"Birgus latro (L., 1767)",Astove,"Bayne, C.J. et al. (1970) Geography and ecology of Astove",Decapoda - Anomura,Coenobitidae
"Birgus latro (L., 1767)",Atafu,"Yaldwyn, J.C., & Wodzicki, K. (1979) Systematics and ecology of the land crabs (Decapoda - Coenobitidae, Grapsidae and Gecarcinidae) of the Tokelau Islands",Decapoda - Anomura,Coenobitidae
"Birgus latro (L., 1767)",Caroline,"Drew, M.M., et al. (2010) A review of the biology and ecology of the robber crab, Birgus latro (Linnaeus, 1767) (Anomura: Coenobitidae)",Decapoda - Anomura,Coenobitidae
"Birgus latro (L., 1767)",South_Keeling,"Wood-Jones, F. (1909) The fauna of the Cocos-Keeling Atoll, collected by F. Wood-Jones",Decapoda - Anomura,Coenobitidae
"Birgus latro (L., 1767)",Cosmoledo,"Bayne, C.J., et al. (1970) Geography and ecology of Cosmoledo atoll",Decapoda - Anomura,Coenobitidae
"Birgus latro (L., 1767)",Diego Garcia,"Barnett, L.K., & Emms, C. (1996) An annotated checklist of the Chagos archipelago terrestrial fauna (omitting birds) recorded during the 1996 'Friends of the Chagos' expedition",Decapoda - Anomura,Coenobitidae
"Birgus latro (L., 1767)",Ducie,"Bond, A.L., & Lavers, J.L. (2024) New distribution records of the coconut crab (Birgus latro) in eastern Polynesia on Oeno Atoll, Henderson Island, and Ducie Atoll, Pitcairn Islands",Decapoda - Anomura,Coenobitidae
"Birgus latro (L., 1767)",Enderbury,"Pierce, R.J., et al. (2006) Phoenix island conservation survey and assessment of restoration feasibility - Kiribati",Decapoda - Anomura,Coenobitidae
"Birgus latro (L., 1767)",Eniwetok,"Drew, M.M., et al. (2010) A review of the biology and ecology of the robber crab, Birgus latro (Linnaeus, 1767) (Anomura: Coenobitidae)",Decapoda - Anomura,Coenobitidae
"Birgus latro (L., 1767)",Fakaofo,"Yaldwyn, J.C., & Wodzicki, K. (1979) Systematics and ecology of the land crabs (Decapoda - Coenobitidae, Grapsidae and Gecarcinidae) of the Tokelau Islands",Decapoda - Anomura,Coenobitidae
"Birgus latro (L., 1767)",Farquhar,"Poupin, J., et al. (2013) Crustacea Decapoda of Glorieuses Islands, with notes on the distribution of the coconut crab (Birgus latro) in the western Indian Ocean",Decapoda - Anomura,Coenobitidae
"Birgus latro (L., 1767)",Funafuti,"Hedley, C. (1900) The atoll of Funafuti, Ellice Group - its zoology, botany, ethnology, and general structure",Decapoda - Anomura,Coenobitidae
"Birgus latro (L., 1767)",Glorioso,"Poupin, J., et al. (2013) Crustacea Decapoda of Glorieuses Islands, with notes on the distribution of the coconut crab (Birgus latro) in the western Indian Ocean",Decapoda - Anomura,Coenobitidae
"Birgus latro (L., 1767)",Jaluit,"Drew, M.M., et al. (2010) A review of the biology and ecology of the robber crab, Birgus latro (Linnaeus, 1767) (Anomura: Coenobitidae)",Decapoda - Anomura,Coenobitidae
"Birgus latro (L., 1767)",Kapingamarangi,"Niering, W. A. (1963) Terrestrial ecology of Kapingamarangi atoll, Caroline Islands",Decapoda - Anomura,Coenobitidae
"Birgus latro (L., 1767)",Kiritimati,"Drew, M.M., et al. (2010) A review of the biology and ecology of the robber crab, Birgus latro (Linnaeus, 1767) (Anomura: Coenobitidae)",Decapoda - Anomura,Coenobitidae
"Birgus latro (L., 1767)",Kwajalein,"Nelson, V.A. (1977) Radiological survey of plants, animals and soil at Christmas Islands and seven atolls in the Marshall Islands",Decapoda - Anomura,Coenobitidae
"Birgus latro (L., 1767)",Manihiki,"Bullivant, J.S., & McCann, C. (1974) Contributions to the natural history of Manihiki Atoll, Cook Islands",Decapoda - Anomura,Coenobitidae
"Birgus latro (L., 1767)",Manuae,"Steibl, S., et al. (2025) Terrestrial biodiversity of Manuae atoll, Cook Islands",Decapoda - Anomura,Coenobitidae
"Birgus latro (L., 1767)",Namoluk,"Marshall, M., & Fosberg, F.R. (1975) The natural history of Namoluk atoll, Eastern Caroline Islands with identification of vascular flora",Decapoda - Anomura,Coenobitidae
"Birgus latro (L., 1767)",Ngcheangel,"Drew, M.M., et al. (2010) A review of the biology and ecology of the robber crab, Birgus latro (Linnaeus, 1767) (Anomura: Coenobitidae)",Decapoda - Anomura,Coenobitidae
"Birgus latro (L., 1767)",Niau,"Poupin, J. (1996) Crustacea Deacpoda of French Polynesia (Astacidea, Palinuridea, Anomura, Brachyura)",Decapoda - Anomura,Coenobitidae
"Birgus latro (L., 1767)",Nukunonu,"Drew, M.M., et al. (2010) A review of the biology and ecology of the robber crab, Birgus latro (Linnaeus, 1767) (Anomura: Coenobitidae)",Decapoda - Anomura,Coenobitidae
"Birgus latro (L., 1767)",Oeno,"Bond, A.L., & Lavers, J.L. (2024) New distribution records of the coconut crab (Birgus latro) in eastern Polynesia on Oeno Atoll, Henderson Island, and Ducie Atoll, Pitcairn Islands",Decapoda - Anomura,Coenobitidae
"Birgus latro (L., 1767)",Onotoa,"Holthuis, L.B. (1953) Enumeration of the decapod and stomatopod Crustacea from Pacific coral islands",Decapoda - Anomura,Coenobitidae
"Birgus latro (L., 1767)",Palmyra,"Nigro, K.M., et al. (2017) Stable isotope analysis as an early monitoring tool for community-scale effects of rat eradication",Decapoda - Anomura,Coenobitidae
"Birgus latro (L., 1767)",Rangiroa,"Brié, C., & Santos, R. (2008) Étude de la colonisation larvaire de six espèces de crustacés et études préléminaires d'élevage de varo",Decapoda - Anomura,Coenobitidae
"Birgus latro (L., 1767)",Raroia,"Poupin, J. (1996) Crustacea Deacpoda of French Polynesia (Astacidea, Palinuridea, Anomura, Brachyura)",Decapoda - Anomura,Coenobitidae
"Birgus latro (L., 1767)",Rawaki,"Pierce, R.J., et al. (2006) Phoenix island conservation survey and assessment of restoration feasibility - Kiribati",Decapoda - Anomura,Coenobitidae
"Birgus latro (L., 1767)",Rongelap,"Drew, M.M., et al. (2010) A review of the biology and ecology of the robber crab, Birgus latro (Linnaeus, 1767) (Anomura: Coenobitidae)",Decapoda - Anomura,Coenobitidae
"Birgus latro (L., 1767)",Rose,"Peck, R.W. et al. (2014) Arthropods of Rose atoll with special reference to ants",Decapoda - Anomura,Coenobitidae
"Birgus latro (L., 1767)",Takapoto,"Poupin, J. (1996) Crustacea Deacpoda of French Polynesia (Astacidea, Palinuridea, Anomura, Brachyura)",Decapoda - Anomura,Coenobitidae
"Birgus latro (L., 1767)",Tetiaroa,"Sachet, M.-H., & Fosberg, F.R. (1983) An ecological reconnaissance of Tetiaroa atoll, Society Islands",Decapoda - Anomura,Coenobitidae
"Birgus latro (L., 1767)",Tongareva,"Drew, M.M., et al. (2010) A review of the biology and ecology of the robber crab, Birgus latro (Linnaeus, 1767) (Anomura: Coenobitidae)",Decapoda - Anomura,Coenobitidae
"Birgus latro (L., 1767)",Tupai,"Sachet, M.-H. (1983) Botanique de l'ile de Tupai, Îles de la Societe",Decapoda - Anomura,Coenobitidae
"Birgus latro (L., 1767)",Ujae,"Holthuis, L.B. (1953) Enumeration of the decapod and stomatopod Crustacea from Pacific coral islands",Decapoda - Anomura,Coenobitidae
"Birgus latro (L., 1767)",Ujelang,"Holthuis, L.B. (1953) Enumeration of the decapod and stomatopod Crustacea from Pacific coral islands",Decapoda - Anomura,Coenobitidae
"Birgus latro (L., 1767)",Utirik,"Nelson, V.A. (1977) Radiological survey of plants, animals and soil at Christmas Islands and seven atolls in the Marshall Islands",Decapoda - Anomura,Coenobitidae
"Birgus latro (L., 1767)",Wotho,"Holthuis, L.B. (1953) Enumeration of the decapod and stomatopod Crustacea from Pacific coral islands",Decapoda - Anomura,Coenobitidae
"Coenobita brevimanus (Dana, 1852)",Addu,"Hogarth, P., Gherardi, F., & McLaughlin, P.A. (1998) Hermit crabs (Crustacea Decapoda Anomura) of the Maldives with the description of a new species of Catapagurus A. Milne Edwards 1880",Decapoda - Anomura,Coenobitidae
"Coenobita brevimanus (Dana, 1852)",Aldabra,"Alexander, H.G.L. (1979) A preliminary assessment on the role of the terrestrial decapod crustaceans in the Aldabran ecosystem",Decapoda - Anomura,Coenobitidae
"Coenobita brevimanus (Dana, 1852)",Ant,"Howald, G., Wegmann, A., & Jones, H. (2006) Feasibility of rat eradication from Ahnd Atoll, Federated States of Micronesia",Decapoda - Anomura,Coenobitidae
"Coenobita brevimanus (Dana, 1852)",Arno,"Holthuis, L.B. (1953) Enumeration of the decapod and stomatopod Crustacea from Pacific coral islands",Decapoda - Anomura,Coenobitidae
"Coenobita brevimanus (Dana, 1852)",Atafu,"Yaldwyn, J.C., & Wodzicki, K. (1979) Systematics and ecology of the land crabs (Decapoda - Coenobitidae, Grapsidae and Gecarcinidae) of the Tokelau Islands",Decapoda - Anomura,Coenobitidae
"Coenobita brevimanus (Dana, 1852)",Caroline,"Kepler, A.K., & Kepler, C.B. (1994) The natural history of Caroline atoll - Part I. History, physiography, botany, and isle descriptions",Decapoda - Anomura,Coenobitidae
"Coenobita brevimanus (Dana, 1852)",South_Keeling,"Morgan, G.J. (1994) Decapod crustaceans of the Cocos (Keeling) Islands",Decapoda - Anomura,Coenobitidae
"Coenobita brevimanus (Dana, 1852)",Diego Garcia,"Taylor, J.D. (1971) Crustacea: Brachyura and Anomura from Diego Garcia",Decapoda - Anomura,Coenobitidae
"Coenobita brevimanus (Dana, 1852)",Ducie,"Brooke, M.L. (1995) The breeding biology of the gadfly petrels Pterodroma spp. of the Pitcairn Islands - characteristics, population sizes and controls",Decapoda - Anomura,Coenobitidae
"Coenobita brevimanus (Dana, 1852)",Eniwetok,"Garth, J.S., Haig, J., & Knudsen, J.W. (1987) Crustacea Decapoda (Brachyura and Anomura) of Enewetak Atoll",Decapoda - Anomura,Coenobitidae
"Coenobita brevimanus (Dana, 1852)",Fakaofo,"Yaldwyn, J.C., & Wodzicki, K. (1979) Systematics and ecology of the land crabs (Decapoda - Coenobitidae, Grapsidae and Gecarcinidae) of the Tokelau Islands",Decapoda - Anomura,Coenobitidae
"Coenobita brevimanus (Dana, 1852)",Funafuti,"Hedley, C. (1900) The atoll of Funafuti, Ellice Group - its zoology, botany, ethnology, and general structure",Decapoda - Anomura,Coenobitidae
"Coenobita brevimanus (Dana, 1852)",Glorioso,"Poupin, J., et al. (2013) Crustacea Decapoda of Glorieuses Islands, with notes on the distribution of the coconut crab (Birgus latro) in the western Indian Ocean",Decapoda - Anomura,Coenobitidae
"Coenobita brevimanus (Dana, 1852)",Kapingamarangi,"Niering, W. A. (1963) Terrestrial ecology of Kapingamarangi atoll, Caroline Islands",Decapoda - Anomura,Coenobitidae
"Coenobita brevimanus (Dana, 1852)",Kavaratti,"Hogarth, P., Gherardi, F., & McLaughlin, P.A. (1998) Hermit crabs (Crustacea Decapoda Anomura) of the Maldives with the description of a new species of Catapagurus A. Milne Edwards 1880",Decapoda - Anomura,Coenobitidae
"Coenobita brevimanus (Dana, 1852)",Manuae,"Steibl, S., et al. (2025) Terrestrial biodiversity of Manuae atoll, Cook Islands",Decapoda - Anomura,Coenobitidae
"Coenobita brevimanus (Dana, 1852)",Niau,"Poupin, J. (1996) Crustacea Deacpoda of French Polynesia (Astacidea, Palinuridea, Anomura, Brachyura)",Decapoda - Anomura,Coenobitidae
"Coenobita brevimanus (Dana, 1852)",Nukunonu,"Hickley, A.D. (1969) Ecology of terrestrial arthropods on the Tokelau atolls",Decapoda - Anomura,Coenobitidae
"Coenobita brevimanus (Dana, 1852)",Nukutepipi,"Poupin, J. (1996) Crustacea Deacpoda of French Polynesia (Astacidea, Palinuridea, Anomura, Brachyura)",Decapoda - Anomura,Coenobitidae
"Coenobita brevimanus (Dana, 1852)",Palmyra,"Nigro, K.M., et al. (2017) Stable isotope analysis as an early monitoring tool for community-scale effects of rat eradication",Decapoda - Anomura,Coenobitidae
"Coenobita brevimanus (Dana, 1852)",Rangiroa,"Brié, C., & Santos, R. (2008) Étude de la colonisation larvaire de six espèces de crustacés et études préléminaires d'élevage de varo",Decapoda - Anomura,Coenobitidae
"Coenobita brevimanus (Dana, 1852)",Raroia,"Poupin, J. (1996) Crustacea Deacpoda of French Polynesia (Astacidea, Palinuridea, Anomura, Brachyura)",Decapoda - Anomura,Coenobitidae
"Coenobita brevimanus (Dana, 1852)",Rose,"Peck, R.W. et al. (2014) Arthropods of Rose atoll with special reference to ants",Decapoda - Anomura,Coenobitidae
"Coenobita brevimanus (Dana, 1852)",Tabuaeran,"Guinther, E.B. (1971) Ecologic observations on an estuarine environment at Fanning Atoll",Decapoda - Anomura,Coenobitidae
"Coenobita brevimanus (Dana, 1852)",Takapoto,"Poupin, J. (1996) Crustacea Deacpoda of French Polynesia (Astacidea, Palinuridea, Anomura, Brachyura)",Decapoda - Anomura,Coenobitidae
"Coenobita brevimanus (Dana, 1852)",Tetiaroa,"Sachet, M.-H., & Fosberg, F.R. (1983) An ecological reconnaissance of Tetiaroa atoll, Society Islands",Decapoda - Anomura,Coenobitidae
"Coenobita brevimanus (Dana, 1852)",Ujae,"Holthuis, L.B. (1953) Enumeration of the decapod and stomatopod Crustacea from Pacific coral islands",Decapoda - Anomura,Coenobitidae
"Coenobita brevimanus (Dana, 1852)",Ujelang,"Holthuis, L.B. (1953) Enumeration of the decapod and stomatopod Crustacea from Pacific coral islands",Decapoda - Anomura,Coenobitidae
"Coenobita carnescens (Dana, 1851)",Ujelang,"Holthuis, L.B. (1953) Enumeration of the decapod and stomatopod Crustacea from Pacific coral islands",Decapoda - Anomura,Coenobitidae
"Coenobita cavipes (Stimpson, 1858)",Aldabra,"Alexander, H.G.L. (1979) A preliminary assessment on the role of the terrestrial decapod crustaceans in the Aldabran ecosystem",Decapoda - Anomura,Coenobitidae
"Coenobita cavipes (Stimpson, 1858)",Eniwetok,"Garth, J.S., Haig, J., & Knudsen, J.W. (1987) Crustacea Decapoda (Brachyura and Anomura) of Enewetak Atoll",Decapoda - Anomura,Coenobitidae
"Coenobita compressus (H. Milne Edwards, 1837)",Addu,"Gardiner, J.S. (1901) The fauna and geography of the Maldive and Laccadive archipelagoes - Volume I, Part I",Decapoda - Anomura,Coenobitidae
"Coenobita compressus (H. Milne Edwards, 1837)",Aldabra,"Borradaile, L.A. (1910) No. XV - On the land and amphibious Decapoda of Aldabra",Decapoda - Anomura,Coenobitidae
"Coenobita perlatus (H. Milne Edwards, 1837)",Abariringa,"Degener, O., & Gillaspy, E., (1955) Canton Island, South Pacific",Decapoda - Anomura,Coenobitidae
"Coenobita perlatus (H. Milne Edwards, 1837)",Addu,"Gardiner, J.S. (1901) The fauna and geography of the Maldive and Laccadive archipelagoes - Volume I, Part I",Decapoda - Anomura,Coenobitidae
"Coenobita perlatus (H. Milne Edwards, 1837)",Ailuk,"Holthuis, L.B. (1953) Enumeration of the decapod and stomatopod Crustacea from Pacific coral islands",Decapoda - Anomura,Coenobitidae
"Coenobita perlatus (H. Milne Edwards, 1837)",Aldabra,"Borradaile, L.A. (1910) No. XV - On the land and amphibious Decapoda of Aldabra",Decapoda - Anomura,Coenobitidae
"Coenobita perlatus (H. Milne Edwards, 1837)",Ant,"Howald, G., Wegmann, A., & Jones, H. (2006) Feasibility of rat eradication from Ahnd Atoll, Federated States of Micronesia",Decapoda - Anomura,Coenobitidae
"Coenobita perlatus (H. Milne Edwards, 1837)",Arno,"Holthuis, L.B. (1953) Enumeration of the decapod and stomatopod Crustacea from Pacific coral islands",Decapoda - Anomura,Coenobitidae
"Coenobita perlatus (H. Milne Edwards, 1837)",Ashmore,"Morgan, G.J., & Berry, P.F. (1993) Decapod crustacea of Ashmore Reef and Cartier Island",Decapoda - Anomura,Coenobitidae
"Coenobita perlatus (H. Milne Edwards, 1837)",Astove,"Bayne, C.J. et al. (1970) Geography and ecology of Astove",Decapoda - Anomura,Coenobitidae
"Coenobita perlatus (H. Milne Edwards, 1837)",Atafu,"Yaldwyn, J.C., & Wodzicki, K. (1979) Systematics and ecology of the land crabs (Decapoda - Coenobitidae, Grapsidae and Gecarcinidae) of the Tokelau Islands",Decapoda - Anomura,Coenobitidae
"Coenobita perlatus (H. Milne Edwards, 1837)",Bikar,"Holthuis, L.B. (1953) Enumeration of the decapod and stomatopod Crustacea from Pacific coral islands",Decapoda - Anomura,Coenobitidae
"Coenobita perlatus (H. Milne Edwards, 1837)",Caroline,"Kepler, A.K., & Kepler, C.B. (1994) The natural history of Caroline atoll - Part I. History, physiography, botany, and isle descriptions",Decapoda - Anomura,Coenobitidae
"Coenobita perlatus (H. Milne Edwards, 1837)",Chesterfield,"Cohic, F. (1959) Report on a visit to the Chesterfield Islands, September 1957",Decapoda - Anomura,Coenobitidae
"Coenobita perlatus (H. Milne Edwards, 1837)",South_Keeling,"Wood-Jones, F. (1909) The fauna of the Cocos-Keeling Atoll, collected by F. Wood-Jones",Decapoda - Anomura,Coenobitidae
"Coenobita perlatus (H. Milne Edwards, 1837)",Cosmoledo,"Bayne, C.J., et al. (1970) Geography and ecology of Cosmoledo atoll",Decapoda - Anomura,Coenobitidae
"Coenobita perlatus (H. Milne Edwards, 1837)",Diego Garcia,"Taylor, J.D. (1971) Crustacea: Brachyura and Anomura from Diego Garcia",Decapoda - Anomura,Coenobitidae
"Coenobita perlatus (H. Milne Edwards, 1837)",Ducie,"Rehder, H.A., & Randall, J.E. (1975) Ducie Atoll - its history, physiography and biota",Decapoda - Anomura,Coenobitidae
"Coenobita perlatus (H. Milne Edwards, 1837)",Eniwetok,"Garth, J.S., Haig, J., & Knudsen, J.W. (1987) Crustacea Decapoda (Brachyura and Anomura) of Enewetak Atoll",Decapoda - Anomura,Coenobitidae
"Coenobita perlatus (H. Milne Edwards, 1837)",Enderbury,"Pierce, R.J., et al. (2006) Phoenix island conservation survey and assessment of restoration feasibility - Kiribati",Decapoda - Anomura,Coenobitidae
"Coenobita perlatus (H. Milne Edwards, 1837)",Europa,"Poupin, J., et al. (2012) Illustrated checklist of the Decapoda at Europa Island",Decapoda - Anomura,Coenobitidae
"Coenobita perlatus (H. Milne Edwards, 1837)",Fakaofo,"Yaldwyn, J.C., & Wodzicki, K. (1979) Systematics and ecology of the land crabs (Decapoda - Coenobitidae, Grapsidae and Gecarcinidae) of the Tokelau Islands",Decapoda - Anomura,Coenobitidae
"Coenobita perlatus (H. Milne Edwards, 1837)",Funafuti,"Hedley, C. (1900) The atoll of Funafuti, Ellice Group - its zoology, botany, ethnology, and general structure",Decapoda - Anomura,Coenobitidae
"Coenobita perlatus (H. Milne Edwards, 1837)",Glorioso,"Poupin, J., et al. (2013) Crustacea Decapoda of Glorieuses Islands, with notes on the distribution of the coconut crab (Birgus latro) in the western Indian Ocean",Decapoda - Anomura,Coenobitidae
"Coenobita perlatus (H. Milne Edwards, 1837)",Kapingamarangi,"Niering, W. A. (1963) Terrestrial ecology of Kapingamarangi atoll, Caroline Islands",Decapoda - Anomura,Coenobitidae
"Coenobita perlatus (H. Milne Edwards, 1837)",Kavaratti,"Hogarth, P., Gherardi, F., & McLaughlin, P.A. (1998) Hermit crabs (Crustacea Decapoda Anomura) of the Maldives with the description of a new species of Catapagurus A. Milne Edwards 1880",Decapoda - Anomura,Coenobitidae
"Coenobita perlatus (H. Milne Edwards, 1837)",Kiritimati,"Thaman, R.R., & Nye, A. (2016) Flora of Kiritimati (Christmas) Atoll, Northern Line Islands, Republic of Kiribati",Decapoda - Anomura,Coenobitidae
"Coenobita perlatus (H. Milne Edwards, 1837)",Kwajalein,"Holthuis, L.B. (1953) Enumeration of the decapod and stomatopod Crustacea from Pacific coral islands",Decapoda - Anomura,Coenobitidae
"Coenobita perlatus (H. Milne Edwards, 1837)",Lae,"Holthuis, L.B. (1953) Enumeration of the decapod and stomatopod Crustacea from Pacific coral islands",Decapoda - Anomura,Coenobitidae
"Coenobita perlatus (H. Milne Edwards, 1837)",Likiep,"Holthuis, L.B. (1953) Enumeration of the decapod and stomatopod Crustacea from Pacific coral islands",Decapoda - Anomura,Coenobitidae
"Coenobita perlatus (H. Milne Edwards, 1837)",Manuae,"Steibl, S., et al. (2025) Terrestrial biodiversity of Manuae atoll, Cook Islands",Decapoda - Anomura,Coenobitidae
"Coenobita perlatus (H. Milne Edwards, 1837)",Moruroa,"Poupin, J. (1996) Crustacea Deacpoda of French Polynesia (Astacidea, Palinuridea, Anomura, Brachyura)",Decapoda - Anomura,Coenobitidae
"Coenobita perlatus (H. Milne Edwards, 1837)",Ngcheangel,"Baba, K. (1982) Galatheids and Pagurids of the Palau Islands (Crustacea - Anomura)",Decapoda - Anomura,Coenobitidae
"Coenobita perlatus (H. Milne Edwards, 1837)",Nukunonu,"Hickley, A.D. (1969) Ecology of terrestrial arthropods on the Tokelau atolls",Decapoda - Anomura,Coenobitidae
"Coenobita perlatus (H. Milne Edwards, 1837)",Nukutepipi,"Poupin, J. (1996) Crustacea Deacpoda of French Polynesia (Astacidea, Palinuridea, Anomura, Brachyura)",Decapoda - Anomura,Coenobitidae
"Coenobita perlatus (H. Milne Edwards, 1837)",Onotoa,"Holthuis, L.B. (1953) Enumeration of the decapod and stomatopod Crustacea from Pacific coral islands",Decapoda - Anomura,Coenobitidae
"Coenobita perlatus (H. Milne Edwards, 1837)",Palmyra,"Nigro, K.M., et al. (2017) Stable isotope analysis as an early monitoring tool for community-scale effects of rat eradication",Decapoda - Anomura,Coenobitidae
"Coenobita perlatus (H. Milne Edwards, 1837)",Rangiroa,"Brié, C., & Santos, R. (2008) Étude de la colonisation larvaire de six espèces de crustacés et études préléminaires d'élevage de varo",Decapoda - Anomura,Coenobitidae
"Coenobita perlatus (H. Milne Edwards, 1837)",Raroia,"Poupin, J. (1996) Crustacea Deacpoda of French Polynesia (Astacidea, Palinuridea, Anomura, Brachyura)",Decapoda - Anomura,Coenobitidae
"Coenobita perlatus (H. Milne Edwards, 1837)",Rawaki,"Pierce, R.J., et al. (2006) Phoenix island conservation survey and assessment of restoration feasibility - Kiribati",Decapoda - Anomura,Coenobitidae
"Coenobita perlatus (H. Milne Edwards, 1837)",Rose,"Peck, R.W. et al. (2014) Arthropods of Rose atoll with special reference to ants",Decapoda - Anomura,Coenobitidae
"Coenobita perlatus (H. Milne Edwards, 1837)",St. Joseph,"Stoddart, D.R., Coe, M.J., & Fosberg, F.R. (1979) D'Arros and St. Joseph, Amirante Islands",Decapoda - Anomura,Coenobitidae
"Coenobita perlatus (H. Milne Edwards, 1837)",Tabuaeran,"Guinther, E.B. (1971) Ecologic observations on an estuarine environment at Fanning Atoll",Decapoda - Anomura,Coenobitidae
"Coenobita perlatus (H. Milne Edwards, 1837)",Taka,"Holthuis, L.B. (1953) Enumeration of the decapod and stomatopod Crustacea from Pacific coral islands",Decapoda - Anomura,Coenobitidae
"Coenobita perlatus (H. Milne Edwards, 1837)",Takapoto,"Poupin, J. (1996) Crustacea Deacpoda of French Polynesia (Astacidea, Palinuridea, Anomura, Brachyura)",Decapoda - Anomura,Coenobitidae
"Coenobita perlatus (H. Milne Edwards, 1837)",Tetiaroa,"Sachet, M.-H., & Fosberg, F.R. (1983) An ecological reconnaissance of Tetiaroa atoll, Society Islands",Decapoda - Anomura,Coenobitidae
"Coenobita perlatus (H. Milne Edwards, 1837)",Ujae,"Holthuis, L.B. (1953) Enumeration of the decapod and stomatopod Crustacea from Pacific coral islands",Decapoda - Anomura,Coenobitidae
"Coenobita perlatus (H. Milne Edwards, 1837)",Ujelang,"Holthuis, L.B. (1953) Enumeration of the decapod and stomatopod Crustacea from Pacific coral islands",Decapoda - Anomura,Coenobitidae
"Coenobita perlatus (H. Milne Edwards, 1837)",Utirik,"Holthuis, L.B. (1953) Enumeration of the decapod and stomatopod Crustacea from Pacific coral islands",Decapoda - Anomura,Coenobitidae
"Coenobita perlatus (H. Milne Edwards, 1837)",Wake,"Griffiths, R., et al. (2014) The Wake Island rodent eradication: part success, part failure, but wholly instructive",Decapoda - Anomura,Coenobitidae
"Coenobita perlatus (H. Milne Edwards, 1837)",Wotho,"Holthuis, L.B. (1953) Enumeration of the decapod and stomatopod Crustacea from Pacific coral islands",Decapoda - Anomura,Coenobitidae
"Coenobita rugosus (H. Milne Edwards, 1837)",Addu,"Gardiner, J.S. (1901) The fauna and geography of the Maldive and Laccadive archipelagoes - Volume I, Part I",Decapoda - Anomura,Coenobitidae
"Coenobita rugosus (H. Milne Edwards, 1837)",Aldabra,"Borradaile, L.A. (1910) No. XV - On the land and amphibious Decapoda of Aldabra",Decapoda - Anomura,Coenobitidae
"Coenobita rugosus (H. Milne Edwards, 1837)",Arno,"Holthuis, L.B. (1953) Enumeration of the decapod and stomatopod Crustacea from Pacific coral islands",Decapoda - Anomura,Coenobitidae
"Coenobita rugosus (H. Milne Edwards, 1837)",Ashmore,"Morgan, G.J., & Berry, P.F. (1993) Decapod crustacea of Ashmore Reef and Cartier Island",Decapoda - Anomura,Coenobitidae
"Coenobita rugosus (H. Milne Edwards, 1837)",Astove,"Bayne, C.J. et al. (1970) Geography and ecology of Astove",Decapoda - Anomura,Coenobitidae
"Coenobita rugosus (H. Milne Edwards, 1837)",Atafu,"Yaldwyn, J.C., & Wodzicki, K. (1979) Systematics and ecology of the land crabs (Decapoda - Coenobitidae, Grapsidae and Gecarcinidae) of the Tokelau Islands",Decapoda - Anomura,Coenobitidae
"Coenobita rugosus (H. Milne Edwards, 1837)",Bikar,"Holthuis, L.B. (1953) Enumeration of the decapod and stomatopod Crustacea from Pacific coral islands",Decapoda - Anomura,Coenobitidae
"Coenobita rugosus (H. Milne Edwards, 1837)",South_Keeling,"Wood-Jones, F. (1909) The fauna of the Cocos-Keeling Atoll, collected by F. Wood-Jones",Decapoda - Anomura,Coenobitidae
"Coenobita rugosus (H. Milne Edwards, 1837)",Cosmoledo,"Bayne, C.J., et al. (1970) Geography and ecology of Cosmoledo atoll",Decapoda - Anomura,Coenobitidae
"Coenobita rugosus (H. Milne Edwards, 1837)",Diego Garcia,"Taylor, J.D. (1971) Crustacea: Brachyura and Anomura from Diego Garcia",Decapoda - Anomura,Coenobitidae
"Coenobita rugosus (H. Milne Edwards, 1837)",Eniwetok,"Garth, J.S., Haig, J., & Knudsen, J.W. (1987) Crustacea Decapoda (Brachyura and Anomura) of Enewetak Atoll",Decapoda - Anomura,Coenobitidae
"Coenobita rugosus (H. Milne Edwards, 1837)",Europa,"Poupin, J., et al. (2012) Illustrated checklist of the Decapoda at Europa Island",Decapoda - Anomura,Coenobitidae
"Coenobita rugosus (H. Milne Edwards, 1837)",Farquhar,"Borradaile, L.A. (1907) No. III - Land and freshwater Decapoda",Decapoda - Anomura,Coenobitidae
"Coenobita rugosus (H. Milne Edwards, 1837)",Fakaofo,"Yaldwyn, J.C., & Wodzicki, K. (1979) Systematics and ecology of the land crabs (Decapoda - Coenobitidae, Grapsidae and Gecarcinidae) of the Tokelau Islands",Decapoda - Anomura,Coenobitidae
"Coenobita rugosus (H. Milne Edwards, 1837)",Funafuti,"Hedley, C. (1900) The atoll of Funafuti, Ellice Group - its zoology, botany, ethnology, and general structure",Decapoda - Anomura,Coenobitidae
"Coenobita rugosus (H. Milne Edwards, 1837)",Glorioso,"Poupin, J., et al. (2013) Crustacea Decapoda of Glorieuses Islands, with notes on the distribution of the coconut crab (Birgus latro) in the western Indian Ocean",Decapoda - Anomura,Coenobitidae
"Coenobita rugosus (H. Milne Edwards, 1837)",Kavaratti,"Hogarth, P., Gherardi, F., & McLaughlin, P.A. (1998) Hermit crabs (Crustacea Decapoda Anomura) of the Maldives with the description of a new species of Catapagurus A. Milne Edwards 1880",Decapoda - Anomura,Coenobitidae
"Coenobita rugosus (H. Milne Edwards, 1837)",Kiritimati,"Thaman, R.R., & Nye, A. (2016) Flora of Kiritimati (Christmas) Atoll, Northern Line Islands, Republic of Kiribati",Decapoda - Anomura,Coenobitidae
"Coenobita rugosus (H. Milne Edwards, 1837)",Kwajalein,"Holthuis, L.B. (1953) Enumeration of the decapod and stomatopod Crustacea from Pacific coral islands",Decapoda - Anomura,Coenobitidae
"Coenobita rugosus (H. Milne Edwards, 1837)",Lae,"Holthuis, L.B. (1953) Enumeration of the decapod and stomatopod Crustacea from Pacific coral islands",Decapoda - Anomura,Coenobitidae
"Coenobita rugosus (H. Milne Edwards, 1837)",Likiep,"Holthuis, L.B. (1953) Enumeration of the decapod and stomatopod Crustacea from Pacific coral islands",Decapoda - Anomura,Coenobitidae
"Coenobita rugosus (H. Milne Edwards, 1837)",Ngcheangel,"Baba, K. (1982) Galatheids and Pagurids of the Palau Islands (Crustacea - Anomura)",Decapoda - Anomura,Coenobitidae
"Coenobita rugosus (H. Milne Edwards, 1837)",Nukunonu,"McNatty, A., Abbott, K.L., & Lester, P.J. (2009) Invasive ants compete with and modify the trophic ecology of hermit crabs on tropical islands",Decapoda - Anomura,Coenobitidae
"Coenobita rugosus (H. Milne Edwards, 1837)",Onotoa,"Holthuis, L.B. (1953) Enumeration of the decapod and stomatopod Crustacea from Pacific coral islands",Decapoda - Anomura,Coenobitidae
"Coenobita rugosus (H. Milne Edwards, 1837)",Palmyra,"Edmondson, C.H. (1923) Crustacea of Palmyra and Fanning islands",Decapoda - Anomura,Coenobitidae
"Coenobita rugosus (H. Milne Edwards, 1837)",Raroia,"Poupin, J. (1996) Crustacea Deacpoda of French Polynesia (Astacidea, Palinuridea, Anomura, Brachyura)",Decapoda - Anomura,Coenobitidae
"Coenobita rugosus (H. Milne Edwards, 1837)",St. Joseph,"Stoddart, D.R., Coe, M.J., & Fosberg, F.R. (1979) D'Arros and St. Joseph, Amirante Islands",Decapoda - Anomura,Coenobitidae
"Coenobita rugosus (H. Milne Edwards, 1837)",Tabuaeran,"Edmondson, C.H. (1923) Crustacea of Palmyra and Fanning islands",Decapoda - Anomura,Coenobitidae
"Coenobita rugosus (H. Milne Edwards, 1837)",Tetiaroa,"Sachet, M.-H., & Fosberg, F.R. (1983) An ecological reconnaissance of Tetiaroa atoll, Society Islands",Decapoda - Anomura,Coenobitidae
"Coenobita rugosus (H. Milne Edwards, 1837)",Ujae,"Holthuis, L.B. (1953) Enumeration of the decapod and stomatopod Crustacea from Pacific coral islands",Decapoda - Anomura,Coenobitidae
"Coenobita rugosus (H. Milne Edwards, 1837)",Ujelang,"Holthuis, L.B. (1953) Enumeration of the decapod and stomatopod Crustacea from Pacific coral islands",Decapoda - Anomura,Coenobitidae
"Coenobita rugosus (H. Milne Edwards, 1837)",Wotho,"Holthuis, L.B. (1953) Enumeration of the decapod and stomatopod Crustacea from Pacific coral islands",Decapoda - Anomura,Coenobitidae
"Coenobita spinosus (H. Milne Edwards, 1837)",Arno,"Holthuis, L.B. (1953) Enumeration of the decapod and stomatopod Crustacea from Pacific coral islands",Decapoda - Anomura,Coenobitidae
"Coenobita spinosus (H. Milne Edwards, 1837)",Ducie,"Irving, R., Dawson, T. (2012) The marine environment of the Pitcairn Islands",Decapoda - Anomura,Coenobitidae
"Coenobita spinosus (H. Milne Edwards, 1837)",Manuae,"Steibl, S., et al. (2025) Terrestrial biodiversity of Manuae atoll, Cook Islands",Decapoda - Anomura,Coenobitidae
"Coenobita spinosus (H. Milne Edwards, 1837)",Niau,"Poupin, J. (1996) Crustacea Deacpoda of French Polynesia (Astacidea, Palinuridea, Anomura, Brachyura)",Decapoda - Anomura,Coenobitidae
"Coenobita spinosus (H. Milne Edwards, 1837)",Nukutepipi,"Poupin, J. (1996) Crustacea Deacpoda of French Polynesia (Astacidea, Palinuridea, Anomura, Brachyura)",Decapoda - Anomura,Coenobitidae
"Coenobita spinosus (H. Milne Edwards, 1837)",Oeno,"Irving, R., Dawson, T. (2012) The marine environment of the Pitcairn Islands",Decapoda - Anomura,Coenobitidae
"Coenobita spinosus (H. Milne Edwards, 1837)",Tetiaroa,"Sachet, M.-H., & Fosberg, F.R. (1983) An ecological reconnaissance of Tetiaroa atoll, Society Islands",Decapoda - Anomura,Coenobitidae
"Coenobita spinosus (H. Milne Edwards, 1837)",Ujae,"Holthuis, L.B. (1953) Enumeration of the decapod and stomatopod Crustacea from Pacific coral islands",Decapoda - Anomura,Coenobitidae
"Coenobita spinosus (H. Milne Edwards, 1837)",Wotho,"Holthuis, L.B. (1953) Enumeration of the decapod and stomatopod Crustacea from Pacific coral islands",Decapoda - Anomura,Coenobitidae
Coenobita sp.,Namoluk,"Marshall, M., & Fosberg, F.R. (1975) The natural history of Namoluk atoll, Eastern Caroline Islands with identification of vascular flora",Decapoda - Anomura,Coenobitidae
"Cardisoma carnifex (Herbst, 1796)",Abariringa,"Smith, A.K., et al. (2020) Ecological and infrastructure assessment of Kanton (Abariringa) Island, Phoenix Island Protected Area, Kiribati",Decapoda - Brachyura,Gecarcinidae
"Cardisoma carnifex (Herbst, 1796)",Aldabra,"Borradaile, L.A. (1910) No. XV - On the land and amphibious Decapoda of Aldabra",Decapoda - Brachyura,Gecarcinidae
"Cardisoma carnifex (Herbst, 1796)",Astove,"Bayne, C.J. et al. (1970) Geography and ecology of Astove",Decapoda - Brachyura,Gecarcinidae
"Cardisoma carnifex (Herbst, 1796)",Atafu,"Yaldwyn, J.C., & Wodzicki, K. (1979) Systematics and ecology of the land crabs (Decapoda - Coenobitidae, Grapsidae and Gecarcinidae) of the Tokelau Islands",Decapoda - Brachyura,Gecarcinidae
"Cardisoma carnifex (Herbst, 1796)",Caroline,"Kepler, A.K., & Kepler, C.B. (1994) The natural history of Caroline atoll - Part I. History, physiography, botany, and isle descriptions",Decapoda - Brachyura,Gecarcinidae
"Cardisoma carnifex (Herbst, 1796)",South_Keeling,"Tweedie, M.W.F. (1950) The fauna of the Cocos-Keeling Islands, Brachyura and Stomatopoda",Decapoda - Brachyura,Gecarcinidae
"Cardisoma carnifex (Herbst, 1796)",Cosmoledo,"Bayne, C.J., et al. (1970) Geography and ecology of Cosmoledo atoll",Decapoda - Brachyura,Gecarcinidae
"Cardisoma carnifex (Herbst, 1796)",Diego Garcia,"Barnett, L.K., & Emms, C. (1996) An annotated checklist of the Chagos archipelago terrestrial fauna (omitting birds) recorded during the 1996 'Friends of the Chagos' expedition",Decapoda - Brachyura,Gecarcinidae
"Cardisoma carnifex (Herbst, 1796)",Enderbury,"Pierce, R.J., et al. (2006) Phoenix island conservation survey and assessment of restoration feasibility - Kiribati",Decapoda - Brachyura,Gecarcinidae
"Cardisoma carnifex (Herbst, 1796)",Europa,"Poupin, J., et al. (2012) Illustrated checklist of the Decapoda at Europa Island",Decapoda - Brachyura,Gecarcinidae
"Cardisoma carnifex (Herbst, 1796)",Fakaofo,"Yaldwyn, J.C., & Wodzicki, K. (1979) Systematics and ecology of the land crabs (Decapoda - Coenobitidae, Grapsidae and Gecarcinidae) of the Tokelau Islands",Decapoda - Brachyura,Gecarcinidae
"Cardisoma carnifex (Herbst, 1796)",Glorioso,"Poupin, J., et al. (2013) Crustacea Decapoda of Glorieuses Islands, with notes on the distribution of the coconut crab (Birgus latro) in the western Indian Ocean",Decapoda - Brachyura,Gecarcinidae
"Cardisoma carnifex (Herbst, 1796)",Kavaratti,"Devi, S.S., et al. (2019) On a collection of brachyuran crabs from Lakshadweep, Indian Ocean (Crustacea - Decapoda - Brachyura)",Decapoda - Brachyura,Gecarcinidae
"Cardisoma carnifex (Herbst, 1796)",Kiritimati,"Ward, M. (1939) The Brachyura of the second Templeton-Crocker American Museum expedition to the Pacific Ocean",Decapoda - Brachyura,Gecarcinidae
"Cardisoma carnifex (Herbst, 1796)",Manihiki,"Bullivant, J.S., & McCann, C. (1974) Contributions to the natural history of Manihiki Atoll, Cook Islands",Decapoda - Brachyura,Gecarcinidae
"Cardisoma carnifex (Herbst, 1796)",Manuae,"Steibl, S., et al. (2025) Terrestrial biodiversity of Manuae atoll, Cook Islands",Decapoda - Brachyura,Gecarcinidae
"Cardisoma carnifex (Herbst, 1796)",Namoluk,"Marshall, M., & Fosberg, F.R. (1975) The natural history of Namoluk atoll, Eastern Caroline Islands with identification of vascular flora",Decapoda - Brachyura,Gecarcinidae
"Cardisoma carnifex (Herbst, 1796)",Nukutepipi,"Poupin, J. (1996) Crustacea Deacpoda of French Polynesia (Astacidea, Palinuridea, Anomura, Brachyura)",Decapoda - Brachyura,Gecarcinidae
"Cardisoma carnifex (Herbst, 1796)",Onotoa,"Holthuis, L.B. (1953) Enumeration of the decapod and stomatopod Crustacea from Pacific coral islands",Decapoda - Brachyura,Gecarcinidae
"Cardisoma carnifex (Herbst, 1796)",Palmyra,"Nigro, K.M., et al. (2017) Stable isotope analysis as an early monitoring tool for community-scale effects of rat eradication",Decapoda - Brachyura,Gecarcinidae
"Cardisoma carnifex (Herbst, 1796)",Rangiroa,"Poupin, J. (1996) Crustacea Deacpoda of French Polynesia (Astacidea, Palinuridea, Anomura, Brachyura)",Decapoda - Brachyura,Gecarcinidae
"Cardisoma carnifex (Herbst, 1796)",Raroia,"Poupin, J. (1996) Crustacea Deacpoda of French Polynesia (Astacidea, Palinuridea, Anomura, Brachyura)",Decapoda - Brachyura,Gecarcinidae
"Cardisoma carnifex (Herbst, 1796)",Rawaki,"Pierce, R.J., et al. (2006) Phoenix island conservation survey and assessment of restoration feasibility - Kiribati",Decapoda - Brachyura,Gecarcinidae
"Cardisoma carnifex (Herbst, 1796)",Rose,"Wegman, A., & Holzwarth, S. (2006) Rose Atoll national wildlife refuge research compendium",Decapoda - Brachyura,Gecarcinidae
"Cardisoma carnifex (Herbst, 1796)",St. Joseph,"Stoddart, D.R., Coe, M.J., & Fosberg, F.R. (1979) D'Arros and St. Joseph, Amirante Islands",Decapoda - Brachyura,Gecarcinidae
"Cardisoma carnifex (Herbst, 1796)",Tabuaeran,"Guinther, E.B. (1971) Ecologic observations on an estuarine environment at Fanning Atoll",Decapoda - Brachyura,Gecarcinidae
"Cardisoma carnifex (Herbst, 1796)",Takapoto,"Poupin, J. (1996) Crustacea Deacpoda of French Polynesia (Astacidea, Palinuridea, Anomura, Brachyura)",Decapoda - Brachyura,Gecarcinidae
"Cardisoma carnifex (Herbst, 1796)",Tetiaroa,"Sachet, M.-H., & Fosberg, F.R. (1983) An ecological reconnaissance of Tetiaroa atoll, Society Islands",Decapoda - Brachyura,Gecarcinidae
"Cardisoma carnifex (Herbst, 1796)",Tupai,"Sachet, M.-H. (1983) Botanique de l'ile de Tupai, Îles de la Societe",Decapoda - Brachyura,Gecarcinidae
"Epigrapsus politus (Heller, 1862)",Arno,"Holthuis, L.B. (1953) Enumeration of the decapod and stomatopod Crustacea from Pacific coral islands",Decapoda - Brachyura,Gecarcinidae
"Gecarcoidea lalandii (H. Milne Edwards, 1837)",Ant,"Howald, G., Wegmann, A., & Jones, H. (2006) Feasibility of rat eradication from Ahnd Atoll, Federated States of Micronesia",Decapoda - Brachyura,Gecarcinidae
"Gecarcoidea lalandii (H. Milne Edwards, 1837)",Arno,"Holthuis, L.B. (1953) Enumeration of the decapod and stomatopod Crustacea from Pacific coral islands",Decapoda - Brachyura,Gecarcinidae
"Gecarcoidea lalandii (H. Milne Edwards, 1837)",Clipperton,"Sachet, M.-H. (1962) Geography and land ecology of Clipperton Island",Decapoda - Brachyura,Gecarcinidae
"Gecarcoidea lalandii (H. Milne Edwards, 1837)",South_Keeling,"Wood-Jones, F. (1909) The fauna of the Cocos-Keeling Atoll, collected by F. Wood-Jones",Decapoda - Brachyura,Gecarcinidae
"Gecarcoidea lalandii (H. Milne Edwards, 1837)",Eniwetok,"Garth, J.S., Haig, J., & Knudsen, J.W. (1987) Crustacea Decapoda (Brachyura and Anomura) of Enewetak Atoll",Decapoda - Brachyura,Gecarcinidae
"Gecarcoidea lalandii (H. Milne Edwards, 1837)",Kapingamarangi,"Niering, W. A. (1963) Terrestrial ecology of Kapingamarangi atoll, Caroline Islands",Decapoda - Brachyura,Gecarcinidae
"Gecarcoidea lalandii (H. Milne Edwards, 1837)",Ngcheangel,"Perry, R. (2011) Kayangel Rodent Eradication Operational Plan",Decapoda - Brachyura,Gecarcinidae
"Gecarcoidea lalandii (H. Milne Edwards, 1837)",Ujae,"Holthuis, L.B. (1953) Enumeration of the decapod and stomatopod Crustacea from Pacific coral islands",Decapoda - Brachyura,Gecarcinidae
"Gecarcoidea natalis (Pocock, 1889)",South_Keeling,"Morgan, G.J. (1994) Decapod crustaceans of the Cocos (Keeling) Islands",Decapoda - Brachyura,Gecarcinidae
"Johngarthia planata (Stimpson, 1860)",Clipperton,"Poupin, J. (2010) Biodiversité de l'Indo-Pacifique tropical français : 2514 espèces de crustacés décapodes et stomatopodes",Decapoda - Brachyura,Gecarcinidae
"Tuerkayana hirtipes (Dana, 1851)",Aldabra,"Borradaile, L.A. (1910) No. XV - On the land and amphibious Decapoda of Aldabra",Decapoda - Brachyura,Gecarcinidae
"Tuerkayana hirtipes (Dana, 1851)",South_Keeling,"Wood-Jones, F. (1909) The fauna of the Cocos-Keeling Atoll, collected by F. Wood-Jones",Decapoda - Brachyura,Gecarcinidae
"Tuerkayana hirtipes (Dana, 1851)",Farquhar,"Borradaile, L.A. (1907) No. III - Land and freshwater Decapoda",Decapoda - Brachyura,Gecarcinidae
"Tuerkayana hirtipes (Dana, 1851)",Funafuti,"Hedley, C. (1900) The atoll of Funafuti, Ellice Group - its zoology, botany, ethnology, and general structure",Decapoda - Brachyura,Gecarcinidae
"Tuerkayana hirtipes (Dana, 1851)",Manihiki,"Bullivant, J.S., & McCann, C. (1974) Contributions to the natural history of Manihiki Atoll, Cook Islands",Decapoda - Brachyura,Gecarcinidae
"Tuerkayana rotundum (Quoy & Gaimard, 1824)",Aldabra,"Alexander, H.G.L. (1979) A preliminary assessment on the role of the terrestrial decapod crustaceans in the Aldabran ecosystem",Decapoda - Brachyura,Gecarcinidae
"Tuerkayana rotundum (Quoy & Gaimard, 1824)",Arno,"Holthuis, L.B. (1953) Enumeration of the decapod and stomatopod Crustacea from Pacific coral islands",Decapoda - Brachyura,Gecarcinidae
"Tuerkayana rotundum (Quoy & Gaimard, 1824)",Atafu,"Yaldwyn, J.C., & Wodzicki, K. (1979) Systematics and ecology of the land crabs (Decapoda - Coenobitidae, Grapsidae and Gecarcinidae) of the Tokelau Islands",Decapoda - Brachyura,Gecarcinidae
"Tuerkayana rotundum (Quoy & Gaimard, 1824)",South_Keeling,"Morgan, G.J. (1994) Decapod crustaceans of the Cocos (Keeling) Islands",Decapoda - Brachyura,Gecarcinidae
"Tuerkayana rotundum (Quoy & Gaimard, 1824)",Fakaofo,"Yaldwyn, J.C., & Wodzicki, K. (1979) Systematics and ecology of the land crabs (Decapoda - Coenobitidae, Grapsidae and Gecarcinidae) of the Tokelau Islands",Decapoda - Brachyura,Gecarcinidae
"Tuerkayana rotundum (Quoy & Gaimard, 1824)",Farquhar,"Edmondson, C.H. (1923) Crustacea of Palmyra and Fanning islands",Decapoda - Brachyura,Gecarcinidae
"Tuerkayana rotundum (Quoy & Gaimard, 1824)",Glorioso,"Poupin, J., et al. (2013) Crustacea Decapoda of Glorieuses Islands, with notes on the distribution of the coconut crab (Birgus latro) in the western Indian Ocean",Decapoda - Brachyura,Gecarcinidae
"Tuerkayana rotundum (Quoy & Gaimard, 1824)",Kapingamarangi,"Niering, W. A. (1963) Terrestrial ecology of Kapingamarangi atoll, Caroline Islands",Decapoda - Brachyura,Gecarcinidae
"Tuerkayana rotundum (Quoy & Gaimard, 1824)",Manuae,"Steibl, S., et al. (2025) Terrestrial biodiversity of Manuae atoll, Cook Islands",Decapoda - Brachyura,Gecarcinidae
"Tuerkayana rotundum (Quoy & Gaimard, 1824)",Niau,"Poupin, J. (1996b) Atlas des crustacés marins profonds de Polynésie française. Récoltes du navire Marara, 1986/199",Decapoda - Brachyura,Gecarcinidae
"Tuerkayana rotundum (Quoy & Gaimard, 1824)",Nukunonu,"Yaldwyn, J.C., & Wodzicki, K. (1979) Systematics and ecology of the land crabs (Decapoda - Coenobitidae, Grapsidae and Gecarcinidae) of the Tokelau Islands",Decapoda - Brachyura,Gecarcinidae
"Tuerkayana rotundum (Quoy & Gaimard, 1824)",Palmyra,"Nigro, K.M., et al. (2017) Stable isotope analysis as an early monitoring tool for community-scale effects of rat eradication",Decapoda - Brachyura,Gecarcinidae
"Tuerkayana rotundum (Quoy & Gaimard, 1824)",Tabuaeran,"Edmondson, C.H. (1923) Crustacea of Palmyra and Fanning islands",Decapoda - Brachyura,Gecarcinidae
"Tuerkayana rotundum (Quoy & Gaimard, 1824)",Tetiaroa,"Sachet, M.-H., & Fosberg, F.R. (1983) An ecological reconnaissance of Tetiaroa atoll, Society Islands",Decapoda - Brachyura,Gecarcinidae
"Tuerkayana rotundum (Quoy & Gaimard, 1824)",Tikehau,"Poupin, J. (1996) Crustacea Deacpoda of French Polynesia (Astacidea, Palinuridea, Anomura, Brachyura)",Decapoda - Brachyura,Gecarcinidae
"Tuerkayana rotundum (Quoy & Gaimard, 1824)",Ujae,"Holthuis, L.B. (1953) Enumeration of the decapod and stomatopod Crustacea from Pacific coral islands",Decapoda - Brachyura,Gecarcinidae
"Geograpsus crinipes (Dana, 1851)",Ailuk,"Holthuis, L.B. (1953) Enumeration of the decapod and stomatopod Crustacea from Pacific coral islands",Decapoda - Brachyura,Grapsidae
"Geograpsus crinipes (Dana, 1851)",Aldabra,"Borradaile, L.A. (1910) No. XV - On the land and amphibious Decapoda of Aldabra",Decapoda - Brachyura,Grapsidae
"Geograpsus crinipes (Dana, 1851)",Arno,"Holthuis, L.B. (1953) Enumeration of the decapod and stomatopod Crustacea from Pacific coral islands",Decapoda - Brachyura,Grapsidae
"Geograpsus crinipes (Dana, 1851)",Atafu,"Yaldwyn, J.C., & Wodzicki, K. (1979) Systematics and ecology of the land crabs (Decapoda - Coenobitidae, Grapsidae and Gecarcinidae) of the Tokelau Islands",Decapoda - Brachyura,Grapsidae
"Geograpsus crinipes (Dana, 1851)",Bikar,"Holthuis, L.B. (1953) Enumeration of the decapod and stomatopod Crustacea from Pacific coral islands",Decapoda - Brachyura,Grapsidae
"Geograpsus crinipes (Dana, 1851)",South_Keeling,"Tweedie, M.W.F. (1950) The fauna of the Cocos-Keeling Islands, Brachyura and Stomatopoda",Decapoda - Brachyura,Grapsidae
"Geograpsus crinipes (Dana, 1851)",Cosmoledo,"Hartnoll, R.G. (1975) The Grapsidae and Ocypodidae (Decapoda - Brachyura) of Tanzania",Decapoda - Brachyura,Grapsidae
"Geograpsus crinipes (Dana, 1851)",Enderbury,"Pierce, R.J., et al. (2006) Phoenix island conservation survey and assessment of restoration feasibility - Kiribati",Decapoda - Brachyura,Grapsidae
"Geograpsus crinipes (Dana, 1851)",Eniwetok,"Garth, J.S., Haig, J., & Knudsen, J.W. (1987) Crustacea Decapoda (Brachyura and Anomura) of Enewetak Atoll",Decapoda - Brachyura,Grapsidae
"Geograpsus crinipes (Dana, 1851)",Europa,"Poupin, J., et al. (2012) Illustrated checklist of the Decapoda at Europa Island",Decapoda - Brachyura,Grapsidae
"Geograpsus crinipes (Dana, 1851)",Fakaofo,"Yaldwyn, J.C., & Wodzicki, K. (1979) Systematics and ecology of the land crabs (Decapoda - Coenobitidae, Grapsidae and Gecarcinidae) of the Tokelau Islands",Decapoda - Brachyura,Grapsidae
"Geograpsus crinipes (Dana, 1851)",Funafuti,"Hedley, C. (1900) The atoll of Funafuti, Ellice Group - its zoology, botany, ethnology, and general structure",Decapoda - Brachyura,Grapsidae
"Geograpsus crinipes (Dana, 1851)",Glorioso,"Poupin, J., et al. (2013) Crustacea Decapoda of Glorieuses Islands, with notes on the distribution of the coconut crab (Birgus latro) in the western Indian Ocean",Decapoda - Brachyura,Grapsidae
"Geograpsus crinipes (Dana, 1851)",Kapingamarangi,"Niering, W. A. (1963) Terrestrial ecology of Kapingamarangi atoll, Caroline Islands",Decapoda - Brachyura,Grapsidae
"Geograpsus crinipes (Dana, 1851)",Kavaratti,"Sankarankutty, C. (1961) On some crabs (Decapoda-Brachyura) from the Laccadive archipelago",Decapoda - Brachyura,Grapsidae
"Geograpsus crinipes (Dana, 1851)",Lae,"Holthuis, L.B. (1953) Enumeration of the decapod and stomatopod Crustacea from Pacific coral islands",Decapoda - Brachyura,Grapsidae
"Geograpsus crinipes (Dana, 1851)",Laysan,"Paulay, G., & Starmer, J. (2011) Evolution, insular restriction, and extinction of oceanic land crabs, exemplified by the loss of an endemic Geograpsus in the Hawaiian islands",Decapoda - Brachyura,Grapsidae
"Geograpsus crinipes (Dana, 1851)",Manuae,"Steibl, S., et al. (2025) Terrestrial biodiversity of Manuae atoll, Cook Islands",Decapoda - Brachyura,Grapsidae
"Geograpsus crinipes (Dana, 1851)",Moruroa,"Poupin, J. (1996) Crustacea Deacpoda of French Polynesia (Astacidea, Palinuridea, Anomura, Brachyura)",Decapoda - Brachyura,Grapsidae
"Geograpsus crinipes (Dana, 1851)",Nukunonu,"Yaldwyn, J.C., & Wodzicki, K. (1979) Systematics and ecology of the land crabs (Decapoda - Coenobitidae, Grapsidae and Gecarcinidae) of the Tokelau Islands",Decapoda - Brachyura,Grapsidae
"Geograpsus crinipes (Dana, 1851)",Oeno,"Paulay, G., & Starmer, J. (2011) Evolution, insular restriction, and extinction of oceanic land crabs, exemplified by the loss of an endemic Geograpsus in the Hawaiian islands",Decapoda - Brachyura,Grapsidae
"Geograpsus crinipes (Dana, 1851)",Palmyra,"Nigro, K.M., et al. (2017) Stable isotope analysis as an early monitoring tool for community-scale effects of rat eradication",Decapoda - Brachyura,Grapsidae
"Geograpsus crinipes (Dana, 1851)",Raroia,"Poupin, J. (1996) Crustacea Deacpoda of French Polynesia (Astacidea, Palinuridea, Anomura, Brachyura)",Decapoda - Brachyura,Grapsidae
"Geograpsus crinipes (Dana, 1851)",Rawaki,"Pierce, R.J., et al. (2006) Phoenix island conservation survey and assessment of restoration feasibility - Kiribati",Decapoda - Brachyura,Grapsidae
"Geograpsus crinipes (Dana, 1851)",Tabuaeran,"Edmondson, C.H. (1923) Crustacea of Palmyra and Fanning islands",Decapoda - Brachyura,Grapsidae
"Geograpsus crinipes (Dana, 1851)",Takapoto,"Poupin, J. (1996) Crustacea Deacpoda of French Polynesia (Astacidea, Palinuridea, Anomura, Brachyura)",Decapoda - Brachyura,Grapsidae
"Geograpsus crinipes (Dana, 1851)",Tetiaroa,"Sachet, M.-H., & Fosberg, F.R. (1983) An ecological reconnaissance of Tetiaroa atoll, Society Islands",Decapoda - Brachyura,Grapsidae
"Geograpsus crinipes (Dana, 1851)",Ujae,"Holthuis, L.B. (1953) Enumeration of the decapod and stomatopod Crustacea from Pacific coral islands",Decapoda - Brachyura,Grapsidae
"Geograpsus crinipes (Dana, 1851)",Utirik,"Holthuis, L.B. (1953) Enumeration of the decapod and stomatopod Crustacea from Pacific coral islands",Decapoda - Brachyura,Grapsidae
"Geograpsus grayi (H. Milne Edwards, 1853)",Abariringa,"Degener, O., & Gillaspy, E. (1955) Canton Island, South Pacific",Decapoda - Brachyura,Grapsidae
"Geograpsus grayi (H. Milne Edwards, 1853)",Addu,"Gardiner, J.S. (1901) The fauna and geography of the Maldive and Laccadive archipelagoes - Volume I, Part I",Decapoda - Brachyura,Grapsidae
"Geograpsus grayi (H. Milne Edwards, 1853)",Aldabra,"Borradaile, L.A. (1910) No. XV - On the land and amphibious Decapoda of Aldabra",Decapoda - Brachyura,Grapsidae
"Geograpsus grayi (H. Milne Edwards, 1853)",Arno,"Holthuis, L.B. (1953) Enumeration of the decapod and stomatopod Crustacea from Pacific coral islands",Decapoda - Brachyura,Grapsidae
"Geograpsus grayi (H. Milne Edwards, 1853)",Atafu,"Yaldwyn, J.C., & Wodzicki, K. (1979) Systematics and ecology of the land crabs (Decapoda - Coenobitidae, Grapsidae and Gecarcinidae) of the Tokelau Islands",Decapoda - Brachyura,Grapsidae
"Geograpsus grayi (H. Milne Edwards, 1853)",South_Keeling,"Tweedie, M.W.F. (1950) The fauna of the Cocos-Keeling Islands, Brachyura and Stomatopoda",Decapoda - Brachyura,Grapsidae
"Geograpsus grayi (H. Milne Edwards, 1853)",Diego Garcia,"Taylor, J.D. (1971) Crustacea: Brachyura and Anomura from Diego Garcia",Decapoda - Brachyura,Grapsidae
"Geograpsus grayi (H. Milne Edwards, 1853)",Eniwetok,"Garth, J.S., Haig, J., & Knudsen, J.W. (1987) Crustacea Decapoda (Brachyura and Anomura) of Enewetak Atoll",Decapoda - Brachyura,Grapsidae
"Geograpsus grayi (H. Milne Edwards, 1853)",Fakaofo,"Yaldwyn, J.C., & Wodzicki, K. (1979) Systematics and ecology of the land crabs (Decapoda - Coenobitidae, Grapsidae and Gecarcinidae) of the Tokelau Islands",Decapoda - Brachyura,Grapsidae
"Geograpsus grayi (H. Milne Edwards, 1853)",Glorioso,"Poupin, J., et al. (2013) Crustacea Decapoda of Glorieuses Islands, with notes on the distribution of the coconut crab (Birgus latro) in the western Indian Ocean",Decapoda - Brachyura,Grapsidae
"Geograpsus grayi (H. Milne Edwards, 1853)",Kapingamarangi,"Niering, W. A. (1963) Terrestrial ecology of Kapingamarangi atoll, Caroline Islands",Decapoda - Brachyura,Grapsidae
"Geograpsus grayi (H. Milne Edwards, 1853)",Lae,"Holthuis, L.B. (1953) Enumeration of the decapod and stomatopod Crustacea from Pacific coral islands",Decapoda - Brachyura,Grapsidae
"Geograpsus grayi (H. Milne Edwards, 1853)",Nukunonu,"Yaldwyn, J.C., & Wodzicki, K. (1979) Systematics and ecology of the land crabs (Decapoda - Coenobitidae, Grapsidae and Gecarcinidae) of the Tokelau Islands",Decapoda - Brachyura,Grapsidae
"Geograpsus grayi (H. Milne Edwards, 1853)",Nukutepipi,"Poupin, J. (1996) Crustacea Deacpoda of French Polynesia (Astacidea, Palinuridea, Anomura, Brachyura)",Decapoda - Brachyura,Grapsidae
"Geograpsus grayi (H. Milne Edwards, 1853)",Palmyra,"Nigro, K.M., et al. (2017) Stable isotope analysis as an early monitoring tool for community-scale effects of rat eradication",Decapoda - Brachyura,Grapsidae
"Geograpsus grayi (H. Milne Edwards, 1853)",Raroia,"Poupin, J. (1996) Crustacea Deacpoda of French Polynesia (Astacidea, Palinuridea, Anomura, Brachyura)",Decapoda - Brachyura,Grapsidae
"Geograpsus grayi (H. Milne Edwards, 1853)",Rawaki,"Pierce, R.J., et al. (2006) Phoenix island conservation survey and assessment of restoration feasibility - Kiribati",Decapoda - Brachyura,Grapsidae
"Geograpsus grayi (H. Milne Edwards, 1853)",Taka,"Holthuis, L.B. (1953) Enumeration of the decapod and stomatopod Crustacea from Pacific coral islands",Decapoda - Brachyura,Grapsidae
"Geograpsus grayi (H. Milne Edwards, 1853)",Tetiaroa,"Sachet, M.-H., & Fosberg, F.R. (1983) An ecological reconnaissance of Tetiaroa atoll, Society Islands",Decapoda - Brachyura,Grapsidae
"Geograpsus grayi (H. Milne Edwards, 1853)",Ujae,"Holthuis, L.B. (1953) Enumeration of the decapod and stomatopod Crustacea from Pacific coral islands",Decapoda - Brachyura,Grapsidae
"Geograpsus grayi (H. Milne Edwards, 1853)",Wake,"Holthuis, L.B. (1953) Enumeration of the decapod and stomatopod Crustacea from Pacific coral islands",Decapoda - Brachyura,Grapsidae
"Geograpsus grayi (H. Milne Edwards, 1853)",Wotho,"Holthuis, L.B. (1953) Enumeration of the decapod and stomatopod Crustacea from Pacific coral islands",Decapoda - Brachyura,Grapsidae
"Geograpsus lividus (H. Milne Edwards, 1837)",Arno,"Holthuis, L.B. (1953) Enumeration of the decapod and stomatopod Crustacea from Pacific coral islands",Decapoda - Brachyura,Grapsidae
"Geograpsus lividus (H. Milne Edwards, 1837)",Clipperton,"Sachet, M.-H. (1962) Geography and land ecology of Clipperton Island",Decapoda - Brachyura,Grapsidae
"Geograpsus lividus (H. Milne Edwards, 1837)",Manihiki,"Bullivant, J.S., & McCann, C. (1974) Contributions to the natural history of Manihiki Atoll, Cook Islands",Decapoda - Brachyura,Grapsidae
Geograpsus sp.,Caroline,"Kepler, A.K., & Kepler, C.B. (1994) The natural history of Caroline atoll - Part I. History, physiography, botany, and isle descriptions",Decapoda - Brachyura,Grapsidae
"Grapsus albolineatus (Latreille in Milbert, 1812)",South_Keeling,"Naderloo, R., & Türkay, M. (2012) Decapod crustaceans of the littoral and shallow sublittoral Iranian coast of the Persian Gulf: faunistics, biodiversity and zoogeography",Decapoda - Brachyura,Grapsidae
"Grapsus albolineatus (Latreille in Milbert, 1812)",Europa,"Poupin, J., et al. (2012) Illustrated checklist of the Decapoda at Europa Island",Decapoda - Brachyura,Grapsidae
"Grapsus albolineatus (Latreille in Milbert, 1812)",Johnston,"Binion Amerson, A., & Shelton, P.C. (1976) The natural history of Johnston atoll, Central Pacific Ocean",Decapoda - Brachyura,Grapsidae
"Grapsus albolineatus (Latreille in Milbert, 1812)",Kavaratti,"Devi, S.S., et al. (2019) On a collection of brachyuran crabs from Lakshadweep, Indian Ocean (Crustacea - Decapoda - Brachyura)",Decapoda - Brachyura,Grapsidae
"Grapsus albolineatus (Latreille in Milbert, 1812)",Kiritimati,"Thaman, R.R., & Nye, A. (2016) Flora of Kiritimati (Christmas) Atoll, Northern Line Islands, Republic of Kiribati",Decapoda - Brachyura,Grapsidae
"Grapsus albolineatus (Latreille in Milbert, 1812)",Manihiki,"Bullivant, J.S., & McCann, C. (1974) Contributions to the natural history of Manihiki Atoll, Cook Islands",Decapoda - Brachyura,Grapsidae
"Grapsus fourmanoiri (Crosnier, 1965)",Europa,"Poupin, J., et al. (2012) Illustrated checklist of the Decapoda at Europa Island",Decapoda - Brachyura,Grapsidae
"Grapsus fourmanoiri (Crosnier, 1965)",Glorioso,"Poupin, J., et al. (2013) Crustacea Decapoda of Glorieuses Islands, with notes on the distribution of the coconut crab (Birgus latro) in the western Indian Ocean",Decapoda - Brachyura,Grapsidae
"Grapsus grapsus (L., 1758)",Clipperton,"Poupin, J. (2010) Biodiversité de l'Indo-Pacifique tropical français : 2514 espèces de crustacés décapodes et stomatopodes",Decapoda - Brachyura,Grapsidae
"Grapsus grapsus (L., 1758)",Funafuti,"Hedley, C. (1900) The atoll of Funafuti, Ellice Group - its zoology, botany, ethnology, and general structure",Decapoda - Brachyura,Grapsidae
"Grapsus intermedius (De Man, 1888)",South_Keeling,"Tweedie, M.W.F. (1950) The fauna of the Cocos-Keeling Islands, Brachyura and Stomatopoda",Decapoda - Brachyura,Grapsidae
"Grapsus intermedius (De Man, 1888)",Eniwetok,"Garth, J.S., Haig, J., & Knudsen, J.W. (1987) Crustacea Decapoda (Brachyura and Anomura) of Enewetak Atoll",Decapoda - Brachyura,Grapsidae
"Grapsus longitarsis (Dana, 1851)",Arno,"Holthuis, L.B. (1953) Enumeration of the decapod and stomatopod Crustacea from Pacific coral islands",Decapoda - Brachyura,Grapsidae
"Grapsus longitarsis (Dana, 1851)",Eniwetok,"Garth, J.S., Haig, J., & Knudsen, J.W. (1987) Crustacea Decapoda (Brachyura and Anomura) of Enewetak Atoll",Decapoda - Brachyura,Grapsidae
"Grapsus longitarsis (Dana, 1851)",Europa,"Poupin, J., et al. (2012) Illustrated checklist of the Decapoda at Europa Island",Decapoda - Brachyura,Grapsidae
"Grapsus longitarsis (Dana, 1851)",Glorioso,"Poupin, J., et al. (2013) Crustacea Decapoda of Glorieuses Islands, with notes on the distribution of the coconut crab (Birgus latro) in the western Indian Ocean",Decapoda - Brachyura,Grapsidae
"Grapsus longitarsis (Dana, 1851)",Johnston,"Rash, R. (2020) Checklist and images documenting the biodiversity of Johnston Atoll National Wildlife Refuge",Decapoda - Brachyura,Grapsidae
"Grapsus longitarsis (Dana, 1851)",Manihiki,"Bullivant, J.S., & McCann, C. (1974) Contributions to the natural history of Manihiki Atoll, Cook Islands",Decapoda - Brachyura,Grapsidae
"Grapsus longitarsis (Dana, 1851)",Onotoa,"Holthuis, L.B. (1953) Enumeration of the decapod and stomatopod Crustacea from Pacific coral islands",Decapoda - Brachyura,Grapsidae
"Grapsus longitarsis (Dana, 1851)",Palmyra,"Edmonson, C.H. (1959) Hawaiian Grapsidae",Decapoda - Brachyura,Grapsidae
"Grapsus longitarsis (Dana, 1851)",Rangiroa,"Poupin, J. (1996) Crustacea Deacpoda of French Polynesia (Astacidea, Palinuridea, Anomura, Brachyura)",Decapoda - Brachyura,Grapsidae
"Grapsus longitarsis (Dana, 1851)",Raroia,"Poupin, J. (1996) Crustacea Deacpoda of French Polynesia (Astacidea, Palinuridea, Anomura, Brachyura)",Decapoda - Brachyura,Grapsidae
"Grapsus longitarsis (Dana, 1851)",Takapoto,"Poupin, J. (1996) Crustacea Deacpoda of French Polynesia (Astacidea, Palinuridea, Anomura, Brachyura)",Decapoda - Brachyura,Grapsidae
"Grapsus longitarsis (Dana, 1851)",Tetiaroa,"Sachet, M.-H., & Fosberg, F.R. (1983) An ecological reconnaissance of Tetiaroa atoll, Society Islands",Decapoda - Brachyura,Grapsidae
"Grapsus longitarsis (Dana, 1851)",Wake,"Edmonson, C.H. (1959) Hawaiian Grapsidae",Decapoda - Brachyura,Grapsidae
"Grapsus tenuicrustatus (Herbst, 1783)",Aldabra,"Alexander, H.G.L. (1979) A preliminary assessment on the role of the terrestrial decapod crustaceans in the Aldabran ecosystem",Decapoda - Brachyura,Grapsidae
"Grapsus tenuicrustatus (Herbst, 1783)",Arno,"Holthuis, L.B. (1953) Enumeration of the decapod and stomatopod Crustacea from Pacific coral islands",Decapoda - Brachyura,Grapsidae
"Grapsus tenuicrustatus (Herbst, 1783)",Ashmore,"Morgan, G.J., & Berry, P.F. (1993) Decapod crustacea of Ashmore Reef and Cartier Island",Decapoda - Brachyura,Grapsidae
"Grapsus tenuicrustatus (Herbst, 1783)",Astove,"Bayne, C.J. et al. (1970) Geography and ecology of Astove",Decapoda - Brachyura,Grapsidae
"Grapsus tenuicrustatus (Herbst, 1783)",Bikar,"Holthuis, L.B. (1953) Enumeration of the decapod and stomatopod Crustacea from Pacific coral islands",Decapoda - Brachyura,Grapsidae
"Grapsus tenuicrustatus (Herbst, 1783)",South_Keeling,"Tweedie, M.W.F. (1950) The fauna of the Cocos-Keeling Islands, Brachyura and Stomatopoda",Decapoda - Brachyura,Grapsidae
"Grapsus tenuicrustatus (Herbst, 1783)",Cosmoledo,"Bayne, C.J., et al. (1970) Geography and ecology of Cosmoledo atoll",Decapoda - Brachyura,Grapsidae
"Grapsus tenuicrustatus (Herbst, 1783)",Diego Garcia,"Taylor, J.D. (1971) Crustacea: Brachyura and Anomura from Diego Garcia",Decapoda - Brachyura,Grapsidae
"Grapsus tenuicrustatus (Herbst, 1783)",Ducie,"Rehder, H.A., & Randall, J.E. (1975) Ducie Atoll - its history, physiography and biota",Decapoda - Brachyura,Grapsidae
"Grapsus tenuicrustatus (Herbst, 1783)",Eniwetok,"Garth, J.S., Haig, J., & Knudsen, J.W. (1987) Crustacea Decapoda (Brachyura and Anomura) of Enewetak Atoll",Decapoda - Brachyura,Grapsidae
"Grapsus tenuicrustatus (Herbst, 1783)",Europa,"Poupin, J., et al. (2012) Illustrated checklist of the Decapoda at Europa Island",Decapoda - Brachyura,Grapsidae
"Grapsus tenuicrustatus (Herbst, 1783)",Glorioso,"Poupin, J., et al. (2013) Crustacea Decapoda of Glorieuses Islands, with notes on the distribution of the coconut crab (Birgus latro) in the western Indian Ocean",Decapoda - Brachyura,Grapsidae
"Grapsus tenuicrustatus (Herbst, 1783)",Jaluit,"Gressitt, J.L. (1961) Terrestrial fauna",Decapoda - Brachyura,Grapsidae
"Grapsus tenuicrustatus (Herbst, 1783)",Johnston,"Binion Amerson, A., & Shelton, P.C. (1976) The natural history of Johnston atoll, Central Pacific Ocean",Decapoda - Brachyura,Grapsidae
"Grapsus tenuicrustatus (Herbst, 1783)",Kavaratti,"Sankarankutty, C. (1961) On some crabs (Decapoda-Brachyura) from the Laccadive archipelago",Decapoda - Brachyura,Grapsidae
"Grapsus tenuicrustatus (Herbst, 1783)",Laysan,"Castro, P. (2011) Catalog of the anomuran and brachyuran crabs (Crustacea: Decapoda: Anomura, Brachyura) of the Hawaiian islands",Decapoda - Brachyura,Grapsidae
"Grapsus tenuicrustatus (Herbst, 1783)",Manihiki,"Bullivant, J.S., & McCann, C. (1974) Contributions to the natural history of Manihiki Atoll, Cook Islands",Decapoda - Brachyura,Grapsidae
"Grapsus tenuicrustatus (Herbst, 1783)",Manuae,"Steibl, S., et al. (2025) Terrestrial biodiversity of Manuae atoll, Cook Islands",Decapoda - Brachyura,Grapsidae
"Grapsus tenuicrustatus (Herbst, 1783)",Moruroa,"Poupin, J. (1996) Crustacea Deacpoda of French Polynesia (Astacidea, Palinuridea, Anomura, Brachyura)",Decapoda - Brachyura,Grapsidae
"Grapsus tenuicrustatus (Herbst, 1783)",Onotoa,"Holthuis, L.B. (1953) Enumeration of the decapod and stomatopod Crustacea from Pacific coral islands",Decapoda - Brachyura,Grapsidae
"Grapsus tenuicrustatus (Herbst, 1783)",Palmyra,"Edmondson, C.H. (1923) Crustacea of Palmyra and Fanning islands",Decapoda - Brachyura,Grapsidae
"Grapsus tenuicrustatus (Herbst, 1783)",Rangiroa,"Poupin, J. (1996) Crustacea Deacpoda of French Polynesia (Astacidea, Palinuridea, Anomura, Brachyura)",Decapoda - Brachyura,Grapsidae
"Grapsus tenuicrustatus (Herbst, 1783)",Raroia,"Poupin, J. (1996) Crustacea Deacpoda of French Polynesia (Astacidea, Palinuridea, Anomura, Brachyura)",Decapoda - Brachyura,Grapsidae
"Grapsus tenuicrustatus (Herbst, 1783)",Tabuaeran,"Edmondson, C.H. (1923) Crustacea of Palmyra and Fanning islands",Decapoda - Brachyura,Grapsidae
"Grapsus tenuicrustatus (Herbst, 1783)",Takapoto,"Poupin, J. (1996) Crustacea Deacpoda of French Polynesia (Astacidea, Palinuridea, Anomura, Brachyura)",Decapoda - Brachyura,Grapsidae
"Grapsus tenuicrustatus (Herbst, 1783)",Tetiaroa,"Sachet, M.-H., & Fosberg, F.R. (1983) An ecological reconnaissance of Tetiaroa atoll, Society Islands",Decapoda - Brachyura,Grapsidae
"Grapsus tenuicrustatus (Herbst, 1783)",Ujae,"Holthuis, L.B. (1953) Enumeration of the decapod and stomatopod Crustacea from Pacific coral islands",Decapoda - Brachyura,Grapsidae
"Metopograpsus cannicci (Innocenti, Schubart & Fratini, 2020)",Aldabra,"Innocenti, G., Schubart, C.D., & Fratini, S. (2020) Description of Metopograpsus cannicci, new species, a pseudocryptic crab species from East Africa and the Western Indian Ocean",Decapoda - Brachyura,Grapsidae
"Metopograpsus messor (Forskal, 1775)",Abariringa,"Degener, O., & Gillaspy, E. (1955) Canton Island, South Pacific",Decapoda - Brachyura,Grapsidae
"Metopograpsus messor (Forskal, 1775)",Aldabra,"Borradaile, L.A. (1910) No. XV - On the land and amphibious Decapoda of Aldabra",Decapoda - Brachyura,Grapsidae
"Metopograpsus messor (Forskal, 1775)",Astove,"Bayne, C.J. et al. (1970) Geography and ecology of Astove",Decapoda - Brachyura,Grapsidae
"Metopograpsus messor (Forskal, 1775)",Diego Garcia,"Taylor, J.D. (1971) Crustacea: Brachyura and Anomura from Diego Garcia",Decapoda - Brachyura,Grapsidae
"Metopograpsus messor (Forskal, 1775)",Europa,"Poupin, J., et al. (2012) Illustrated checklist of the Decapoda at Europa Island",Decapoda - Brachyura,Grapsidae
"Metopograpsus messor (Forskal, 1775)",Funafuti,"Hedley, C. (1900) The atoll of Funafuti, Ellice Group - its zoology, botany, ethnology, and general structure",Decapoda - Brachyura,Grapsidae
"Metopograpsus messor (Forskal, 1775)",Tabuaeran,"Edmondson, C.H. (1923) Crustacea of Palmyra and Fanning islands",Decapoda - Brachyura,Grapsidae
"Metopograpsus thukuhar (Owen, 1839)",Arno,"Holthuis, L.B. (1953) Enumeration of the decapod and stomatopod Crustacea from Pacific coral islands",Decapoda - Brachyura,Grapsidae
"Metopograpsus thukuhar (Owen, 1839)",Atafu,"Yaldwyn, J.C., & Wodzicki, K. (1979) Systematics and ecology of the land crabs (Decapoda - Coenobitidae, Grapsidae and Gecarcinidae) of the Tokelau Islands",Decapoda - Brachyura,Grapsidae
"Metopograpsus thukuhar (Owen, 1839)",South_Keeling,"Naderloo, R., & Türkay, M. (2012) Decapod crustaceans of the littoral and shallow sublittoral Iranian coast of the Persian Gulf: faunistics, biodiversity and zoogeography",Decapoda - Brachyura,Grapsidae
"Metopograpsus thukuhar (Owen, 1839)",Diego Garcia,"Taylor, J.D. (1971) Crustacea: Brachyura and Anomura from Diego Garcia",Decapoda - Brachyura,Grapsidae
"Metopograpsus thukuhar (Owen, 1839)",Eniwetok,"Garth, J.S., Haig, J., & Knudsen, J.W. (1987) Crustacea Decapoda (Brachyura and Anomura) of Enewetak Atoll",Decapoda - Brachyura,Grapsidae
"Metopograpsus thukuhar (Owen, 1839)",Europa,"Poupin, J., et al. (2012) Illustrated checklist of the Decapoda at Europa Island",Decapoda - Brachyura,Grapsidae
"Metopograpsus thukuhar (Owen, 1839)",Rangiroa,"Poupin, J. (1996b) Atlas des crustacés marins profonds de Polynésie française. Récoltes du navire Marara, 1986/199",Decapoda - Brachyura,Grapsidae
"Metopograpsus thukuhar (Owen, 1839)",Tabuaeran,"Guinther, E.B. (1971) Ecologic observations on an estuarine environment at Fanning Atoll",Decapoda - Brachyura,Grapsidae
"Pachygrapsus fakaravensis (Rathbun, 1907)",Takapoto,"Poupin, J. (1996) Crustacea Deacpoda of French Polynesia (Astacidea, Palinuridea, Anomura, Brachyura)",Decapoda - Brachyura,Grapsidae
"Pachygrapsus minutus (A. Milne-Edwards, 1873)",Abariringa,"Degener, O., & Gillaspy, E. (1955) Canton Island, South Pacific",Decapoda - Brachyura,Grapsidae
"Pachygrapsus minutus (A. Milne-Edwards, 1873)",Ashmore,"Morgan, G.J., & Berry, P.F. (1993) Decapod crustacea of Ashmore Reef and Cartier Island",Decapoda - Brachyura,Grapsidae
"Pachygrapsus minutus (A. Milne-Edwards, 1873)",Clipperton,"Sachet, M.-H. (1962) Geography and land ecology of Clipperton Island",Decapoda - Brachyura,Grapsidae
"Pachygrapsus minutus (A. Milne-Edwards, 1873)",South_Keeling,"Morgan, G.J. (1994) Decapod crustaceans of the Cocos (Keeling) Islands",Decapoda - Brachyura,Grapsidae
"Pachygrapsus minutus (A. Milne-Edwards, 1873)",Diego Garcia,"Taylor, J.D. (1971) Crustacea: Brachyura and Anomura from Diego Garcia",Decapoda - Brachyura,Grapsidae
"Pachygrapsus minutus (A. Milne-Edwards, 1873)",Eniwetok,"Garth, J.S., Haig, J., & Knudsen, J.W. (1987) Crustacea Decapoda (Brachyura and Anomura) of Enewetak Atoll",Decapoda - Brachyura,Grapsidae
"Pachygrapsus minutus (A. Milne-Edwards, 1873)",Europa,"Poupin, J., et al. (2012) Illustrated checklist of the Decapoda at Europa Island",Decapoda - Brachyura,Grapsidae
"Pachygrapsus minutus (A. Milne-Edwards, 1873)",French Frigate Shoals,"Castro, P. (2011) Catalog of the anomuran and brachyuran crabs (Crustacea: Decapoda: Anomura, Brachyura) of the Hawaiian islands",Decapoda - Brachyura,Grapsidae
"Pachygrapsus minutus (A. Milne-Edwards, 1873)",Glorioso,"Poupin, J., et al. (2013) Crustacea Decapoda of Glorieuses Islands, with notes on the distribution of the coconut crab (Birgus latro) in the western Indian Ocean",Decapoda - Brachyura,Grapsidae
"Pachygrapsus minutus (A. Milne-Edwards, 1873)",Johnston,"Binion Amerson, A., & Shelton, P.C. (1976) The natural history of Johnston atoll, Central Pacific Ocean",Decapoda - Brachyura,Grapsidae
"Pachygrapsus minutus (A. Milne-Edwards, 1873)",Kavaratti,"Devi, S.S., et al. (2019) On a collection of brachyuran crabs from Lakshadweep, Indian Ocean (Crustacea - Decapoda - Brachyura)",Decapoda - Brachyura,Grapsidae
"Pachygrapsus minutus (A. Milne-Edwards, 1873)",Laysan,"Castro, P. (2011) Catalog of the anomuran and brachyuran crabs (Crustacea: Decapoda: Anomura, Brachyura) of the Hawaiian islands",Decapoda - Brachyura,Grapsidae
"Pachygrapsus minutus (A. Milne-Edwards, 1873)",Onotoa,"Holthuis, L.B. (1953) Enumeration of the decapod and stomatopod Crustacea from Pacific coral islands",Decapoda - Brachyura,Grapsidae
"Pachygrapsus minutus (A. Milne-Edwards, 1873)",Palmyra,"Edmondson, C.H. (1923) Crustacea of Palmyra and Fanning islands",Decapoda - Brachyura,Grapsidae
"Pachygrapsus minutus (A. Milne-Edwards, 1873)",Tabuaeran,"Edmondson, C.H. (1923) Crustacea of Palmyra and Fanning islands",Decapoda - Brachyura,Grapsidae
"Pachygrapsus minutus (A. Milne-Edwards, 1873)",Takapoto,"Poupin, J. (1996) Crustacea Deacpoda of French Polynesia (Astacidea, Palinuridea, Anomura, Brachyura)",Decapoda - Brachyura,Grapsidae
"Pachygrapsus minutus (A. Milne-Edwards, 1873)",Tikehau,"Poupin, J. (1996) Crustacea Deacpoda of French Polynesia (Astacidea, Palinuridea, Anomura, Brachyura)",Decapoda - Brachyura,Grapsidae
"Pachygrapsus planifrons (De Man, 1818)",Abariringa,"Edmonson, C.H. (1959) Hawaiian Grapsidae",Decapoda - Brachyura,Grapsidae
"Pachygrapsus planifrons (De Man, 1818)",Clipperton,"Castro, P. (2011) Catalog of the anomuran and brachyuran crabs (Crustacea: Decapoda: Anomura, Brachyura) of the Hawaiian islands",Decapoda - Brachyura,Grapsidae
"Pachygrapsus planifrons (De Man, 1818)",South_Keeling,"Tweedie, M.W.F. (1950) The fauna of the Cocos-Keeling Islands, Brachyura and Stomatopoda",Decapoda - Brachyura,Grapsidae
"Pachygrapsus planifrons (De Man, 1818)",Eniwetok,"Garth, J.S., Haig, J., & Knudsen, J.W. (1987) Crustacea Decapoda (Brachyura and Anomura) of Enewetak Atoll",Decapoda - Brachyura,Grapsidae
"Pachygrapsus planifrons (De Man, 1818)",Europa,"Poupin, J., et al. (2012) Illustrated checklist of the Decapoda at Europa Island",Decapoda - Brachyura,Grapsidae
"Pachygrapsus planifrons (De Man, 1818)",Glorioso,"Poupin, J., et al. (2013) Crustacea Decapoda of Glorieuses Islands, with notes on the distribution of the coconut crab (Birgus latro) in the western Indian Ocean",Decapoda - Brachyura,Grapsidae
"Pachygrapsus planifrons (De Man, 1818)",Johnston,"Castro, P. (2011) Catalog of the anomuran and brachyuran crabs (Crustacea: Decapoda: Anomura, Brachyura) of the Hawaiian islands",Decapoda - Brachyura,Grapsidae
"Pachygrapsus planifrons (De Man, 1818)",Midway,"Edmonson, C.H. (1959) Hawaiian Grapsidae",Decapoda - Brachyura,Grapsidae
"Pachygrapsus planifrons (De Man, 1818)",Onotoa,"Holthuis, L.B. (1953) Enumeration of the decapod and stomatopod Crustacea from Pacific coral islands",Decapoda - Brachyura,Grapsidae
"Pachygrapsus planifrons (De Man, 1818)",Rangiroa,"Poupin, J. (1996b) Atlas des crustacés marins profonds de Polynésie française. Récoltes du navire Marara, 1986/199",Decapoda - Brachyura,Grapsidae
"Pachygrapsus planifrons (De Man, 1818)",Raroia,"Poupin, J. (1996) Crustacea Deacpoda of French Polynesia (Astacidea, Palinuridea, Anomura, Brachyura)",Decapoda - Brachyura,Grapsidae
"Pachygrapsus planifrons (De Man, 1818)",Tongareva,"Edmonson, C.H. (1959) Hawaiian Grapsidae",Decapoda - Brachyura,Grapsidae
"Pachygrapsus plicatus (H. Milne Edwards, 1837)",Arno,"Holthuis, L.B. (1953) Enumeration of the decapod and stomatopod Crustacea from Pacific coral islands",Decapoda - Brachyura,Grapsidae
"Pachygrapsus plicatus (H. Milne Edwards, 1837)",South_Keeling,"Tweedie, M.W.F. (1950) The fauna of the Cocos-Keeling Islands, Brachyura and Stomatopoda",Decapoda - Brachyura,Grapsidae
"Pachygrapsus plicatus (H. Milne Edwards, 1837)",Eniwetok,"Garth, J.S., Haig, J., & Knudsen, J.W. (1987) Crustacea Decapoda (Brachyura and Anomura) of Enewetak Atoll",Decapoda - Brachyura,Grapsidae
"Pachygrapsus plicatus (H. Milne Edwards, 1837)",Europa,"Poupin, J., et al. (2012) Illustrated checklist of the Decapoda at Europa Island",Decapoda - Brachyura,Grapsidae
"Pachygrapsus plicatus (H. Milne Edwards, 1837)",Glorioso,"Poupin, J., et al. (2013) Crustacea Decapoda of Glorieuses Islands, with notes on the distribution of the coconut crab (Birgus latro) in the western Indian Ocean",Decapoda - Brachyura,Grapsidae
"Pachygrapsus plicatus (H. Milne Edwards, 1837)",Johnston,"Castro, P. (2011) Catalog of the anomuran and brachyuran crabs (Crustacea: Decapoda: Anomura, Brachyura) of the Hawaiian islands",Decapoda - Brachyura,Grapsidae
"Pachygrapsus plicatus (H. Milne Edwards, 1837)",Palmyra,"Edmondson, C.H. (1923) Crustacea of Palmyra and Fanning islands",Decapoda - Brachyura,Grapsidae
"Pachygrapsus plicatus (H. Milne Edwards, 1837)",Rangiroa,"Poupin, J. (1996b) Atlas des crustacés marins profonds de Polynésie française. Récoltes du navire Marara, 1986/199",Decapoda - Brachyura,Grapsidae
"Pachygrapsus plicatus (H. Milne Edwards, 1837)",Raroia,"Poupin, J. (1996) Crustacea Deacpoda of French Polynesia (Astacidea, Palinuridea, Anomura, Brachyura)",Decapoda - Brachyura,Grapsidae
"Pachygrapsus plicatus (H. Milne Edwards, 1837)",Tabuaeran,"Edmondson, C.H. (1923) Crustacea of Palmyra and Fanning islands",Decapoda - Brachyura,Grapsidae
"Pachygrapsus plicatus (H. Milne Edwards, 1837)",Takapoto,"Poupin, J. (1996) Crustacea Deacpoda of French Polynesia (Astacidea, Palinuridea, Anomura, Brachyura)",Decapoda - Brachyura,Grapsidae
"Pachygrapsus socius (Stimpson, 1871)",Clipperton,"Poupin, J. (2010) Biodiversité de l'Indo-Pacifique tropical français : 2514 espèces de crustacés décapodes et stomatopodes",Decapoda - Brachyura,Grapsidae
"Circulium rotundatum (Hess, 1865)",Arno,"Holthuis, L.B. (1953) Enumeration of the decapod and stomatopod Crustacea from Pacific coral islands",Decapoda - Brachyura,Sesarmidae
"Circulium rotundatum (Hess, 1865)",Kapingamarangi,"Niering, W. A. (1963) Terrestrial ecology of Kapingamarangi atoll, Caroline Islands",Decapoda - Brachyura,Sesarmidae
"Circulium rotundatum (Hess, 1865)",Nukunonu,"Yaldwyn, J.C., & Wodzicki, K. (1979) Systematics and ecology of the land crabs (Decapoda - Coenobitidae, Grapsidae and Gecarcinidae) of the Tokelau Islands",Decapoda - Brachyura,Sesarmidae
"Circulium rotundatum (Hess, 1865)",Ujae,"Holthuis, L.B. (1953) Enumeration of the decapod and stomatopod Crustacea from Pacific coral islands",Decapoda - Brachyura,Sesarmidae
"Leptarma lenzii (De Man, 1895)",South_Keeling,"Tweedie, M.W.F. (1950) The fauna of the Cocos-Keeling Islands, Brachyura and Stomatopoda",Decapoda - Brachyura,Sesarmidae
"Metasesarma aubryi (A. Milne-Edwards, 1869)",Arno,"Holthuis, L.B. (1953) Enumeration of the decapod and stomatopod Crustacea from Pacific coral islands",Decapoda - Brachyura,Sesarmidae
"Metasesarma aubryi (A. Milne-Edwards, 1869)",Kapingamarangi,"Niering, W. A. (1963) Terrestrial ecology of Kapingamarangi atoll, Caroline Islands",Decapoda - Brachyura,Sesarmidae
"Metasesarma aubryi (A. Milne-Edwards, 1869)",Ujae,"Holthuis, L.B. (1953) Enumeration of the decapod and stomatopod Crustacea from Pacific coral islands",Decapoda - Brachyura,Sesarmidae
"Metasesarma obesum (Dana, 1851)",Arno,"Holthuis, L.B. (1953) Enumeration of the decapod and stomatopod Crustacea from Pacific coral islands",Decapoda - Brachyura,Sesarmidae
"Metasesarma obesum (Dana, 1851)",Diego Garcia,"Taylor, J.D. (1971) Crustacea: Brachyura and Anomura from Diego Garcia",Decapoda - Brachyura,Sesarmidae
"Metasesarma obesum (Dana, 1851)",Eniwetok,"Garth, J.S., Haig, J., & Knudsen, J.W. (1987) Crustacea Decapoda (Brachyura and Anomura) of Enewetak Atoll",Decapoda - Brachyura,Sesarmidae
"Metasesarma obesum (Dana, 1851)",Jaluit,"Gressitt, J.L. (1961) Terrestrial fauna",Decapoda - Brachyura,Sesarmidae
"Metasesarma obesum (Dana, 1851)",Kavaratti,"Devi, S.S., et al. (2019) On a collection of brachyuran crabs from Lakshadweep, Indian Ocean (Crustacea - Decapoda - Brachyura)",Decapoda - Brachyura,Sesarmidae
"Metasesarma obesum (Dana, 1851)",Kwajalein,"Holthuis, L.B. (1953) Enumeration of the decapod and stomatopod Crustacea from Pacific coral islands",Decapoda - Brachyura,Sesarmidae
"Metasesarma obesum (Dana, 1851)",Likiep,"Holthuis, L.B. (1953) Enumeration of the decapod and stomatopod Crustacea from Pacific coral islands",Decapoda - Brachyura,Sesarmidae
"Metasesarma obesum (Dana, 1851)",Rangiroa,"Poupin, J. (2010) Biodiversité de l'Indo-Pacifique tropical français : 2514 espèces de crustacés décapodes et stomatopodes",Decapoda - Brachyura,Sesarmidae
"Neosamartium meinerti (De Man, 1887)",Aldabra,"Taylor, J.D. (1971) Intertidal zonation at Aldabra atoll",Decapoda - Brachyura,Sesarmidae
"Parasesarma sigillatum (Tweedie, 1950)",South_Keeling,"Tweedie, M.W.F. (1950) The fauna of the Cocos-Keeling Islands, Brachyura and Stomatopoda",Decapoda - Brachyura,Sesarmidae
"Cyclograpsus audouinii (H. Milne Edwards, 1837)",Palmyra,"Edmondson, C.H. (1923) Crustacea of Palmyra and Fanning islands",Decapoda - Brachyura,Varunidae
"Cyclograpsus audouinii (H. Milne Edwards, 1837)",Tabuaeran,"Edmondson, C.H. (1923) Crustacea of Palmyra and Fanning islands",Decapoda - Brachyura,Varunidae
"Cyclograpsus integer (H. Milne Edwards, 1837)",Arno,"Holthuis, L.B. (1953) Enumeration of the decapod and stomatopod Crustacea from Pacific coral islands",Decapoda - Brachyura,Varunidae
"Cyclograpsus integer (H. Milne Edwards, 1837)",South_Keeling,"Morgan, G.J. (1994) Decapod crustaceans of the Cocos (Keeling) Islands",Decapoda - Brachyura,Varunidae
"Cyclograpsus integer (H. Milne Edwards, 1837)",Eniwetok,"Garth, J.S., Haig, J., & Knudsen, J.W. (1987) Crustacea Decapoda (Brachyura and Anomura) of Enewetak Atoll",Decapoda - Brachyura,Varunidae
"Cyclograpsus integer (H. Milne Edwards, 1837)",Europa,"Poupin, J., et al. (2012) Illustrated checklist of the Decapoda at Europa Island",Decapoda - Brachyura,Varunidae
"Cyclograpsus integer (H. Milne Edwards, 1837)",Manihiki,"Bullivant, J.S., & McCann, C. (1974) Contributions to the natural history of Manihiki Atoll, Cook Islands",Decapoda - Brachyura,Varunidae
"Cyclograpsus integer (H. Milne Edwards, 1837)",Rangiroa,"Poupin, J. (1996b) Atlas des crustacés marins profonds de Polynésie française. Récoltes du navire Marara, 1986/199",Decapoda - Brachyura,Varunidae
"Cyclograpsus integer (H. Milne Edwards, 1837)",Raroia,"Poupin, J. (1996) Crustacea Deacpoda of French Polynesia (Astacidea, Palinuridea, Anomura, Brachyura)",Decapoda - Brachyura,Varunidae
"Cyclograpsus integer (H. Milne Edwards, 1837)",Takapoto,"Poupin, J. (1996) Crustacea Deacpoda of French Polynesia (Astacidea, Palinuridea, Anomura, Brachyura)",Decapoda - Brachyura,Varunidae
"Cyclograpsus integer (H. Milne Edwards, 1837)",Wake,"Griffin, D.J.G. (1968) A new species of Cyclograpsus (Decapoda, Grapsidae) and notes on five others from the Pacific Ocean",Decapoda - Brachyura,Varunidae
"Cyclograpsus longipes (Stimpson, 1858)",Eniwetok,"Garth, J.S., Haig, J., & Knudsen, J.W. (1987) Crustacea Decapoda (Brachyura and Anomura) of Enewetak Atoll",Decapoda - Brachyura,Varunidae
"Cyclograpsus longipes (Stimpson, 1858)",Raroia,"Poupin, J. (1996) Crustacea Deacpoda of French Polynesia (Astacidea, Palinuridea, Anomura, Brachyura)",Decapoda - Brachyura,Varunidae
"Cyclograpsus sanctaecrucis (Griffin, 1968)",Eniwetok,"Garth, J.S., Haig, J., & Knudsen, J.W. (1987) Crustacea Decapoda (Brachyura and Anomura) of Enewetak Atoll",Decapoda - Brachyura,Varunidae
"Cyclograpsus sanctaecrucis (Griffin, 1968)",Tongareva,"Griffin, D.J.G. (1968) A new species of Cyclograpsus (Decapoda, Grapsidae) and notes on five others from the Pacific Ocean",Decapoda - Brachyura,Varunidae
"Chaenostoma boscii (Audouin, 1826)",Onotoa,"Holthuis, L.B. (1953) Enumeration of the decapod and stomatopod Crustacea from Pacific coral islands",Decapoda - Brachyura,Macrophthalmidae
"Macrophthalmus parvimanus (Guérin, 1832)",Aldabra,"Taylor, J.D. (1971) Intertidal zonation at Aldabra atoll",Decapoda - Brachyura,Macrophthalmidae
"Macrophthalmus telescopicus (Owen, 1839)",South_Keeling,"Morgan, G.J. (1994) Decapod crustaceans of the Cocos (Keeling) Islands",Decapoda - Brachyura,Macrophthalmidae
"Austruca annulipes (H. Milne Edwards, 1837)",Aldabra,"Borradaile, L.A. (1910) No. XV - On the land and amphibious Decapoda of Aldabra",Decapoda - Brachyura,Ocypodidae
"Austruca annulipes (H. Milne Edwards, 1837)",Manihiki,"Bullivant, J.S., & McCann, C. (1974) Contributions to the natural history of Manihiki Atoll, Cook Islands",Decapoda - Brachyura,Ocypodidae
"Austruca annulipes (H. Milne Edwards, 1837)",Palmyra,"Edmondson, C.H. (1923) Crustacea of Palmyra and Fanning islands",Decapoda - Brachyura,Ocypodidae
"Austruca annulipes (H. Milne Edwards, 1837)",Tabuaeran,"Edmondson, C.H. (1923) Crustacea of Palmyra and Fanning islands",Decapoda - Brachyura,Ocypodidae
"Austruca lactea (De Han, 1835)",Aldabra,"Taylor, J.D. (1971) Intertidal zonation at Aldabra atoll",Decapoda - Brachyura,Ocypodidae
"Gelasimus tetragonon (Herbst, 1790)",Abariringa,"Degener, O., & Degener, I. (1959) Canton Island, South Pacific (Resurvey of 1958)",Decapoda - Brachyura,Ocypodidae
"Gelasimus tetragonon (Herbst, 1790)",Aldabra,"Taylor, J.D. (1971) Intertidal zonation at Aldabra atoll",Decapoda - Brachyura,Ocypodidae
"Gelasimus tetragonon (Herbst, 1790)",Ashmore,"Morgan, G.J., & Berry, P.F. (1993) Decapod crustacea of Ashmore Reef and Cartier Island",Decapoda - Brachyura,Ocypodidae
"Gelasimus tetragonon (Herbst, 1790)",Diego Garcia,"Borradaile, L.A. (1907) No. III - Land and freshwater Decapoda",Decapoda - Brachyura,Ocypodidae
"Gelasimus tetragonon (Herbst, 1790)",Eniwetok,"Garth, J.S., Haig, J., & Knudsen, J.W. (1987) Crustacea Decapoda (Brachyura and Anomura) of Enewetak Atoll",Decapoda - Brachyura,Ocypodidae
"Gelasimus tetragonon (Herbst, 1790)",Europa,"Poupin, J., et al. (2012) Illustrated checklist of the Decapoda at Europa Island",Decapoda - Brachyura,Ocypodidae
"Gelasimus tetragonon (Herbst, 1790)",Funafuti,"Hedley, C. (1900) The atoll of Funafuti, Ellice Group - its zoology, botany, ethnology, and general structure",Decapoda - Brachyura,Ocypodidae
"Gelasimus tetragonon (Herbst, 1790)",Moruroa,"Poupin, J. (1996) Crustacea Deacpoda of French Polynesia (Astacidea, Palinuridea, Anomura, Brachyura)",Decapoda - Brachyura,Ocypodidae
"Gelasimus tetragonon (Herbst, 1790)",Onotoa,"Holthuis, L.B. (1953) Enumeration of the decapod and stomatopod Crustacea from Pacific coral islands",Decapoda - Brachyura,Ocypodidae
"Gelasimus tetragonon (Herbst, 1790)",Palmyra,"Edmondson, C.H. (1923) Crustacea of Palmyra and Fanning islands",Decapoda - Brachyura,Ocypodidae
"Gelasimus tetragonon (Herbst, 1790)",Raroia,"Poupin, J. (1996) Crustacea Deacpoda of French Polynesia (Astacidea, Palinuridea, Anomura, Brachyura)",Decapoda - Brachyura,Ocypodidae
"Gelasimus tetragonon (Herbst, 1790)",Tabuaeran,"Guinther, E.B. (1971) Ecologic observations on an estuarine environment at Fanning Atoll",Decapoda - Brachyura,Ocypodidae
"Gelasimus tetragonon (Herbst, 1790)",Tetiaroa,"Sachet, M.-H., & Fosberg, F.R. (1983) An ecological reconnaissance of Tetiaroa atoll, Society Islands",Decapoda - Brachyura,Ocypodidae
"Gelasimus tetragonon (Herbst, 1790)",Tongareva,"Ward, M. (1939) The Brachyura of the second Templeton-Crocker American Museum expedition to the Pacific Ocean",Decapoda - Brachyura,Ocypodidae
"Paraleptuca chlorophthalmus (H. Milne Edwards, 1837)",South_Keeling,"Tweedie, M.W.F. (1950) The fauna of the Cocos-Keeling Islands, Brachyura and Stomatopoda",Decapoda - Brachyura,Ocypodidae
"Paraleptuca chlorophthalmus (H. Milne Edwards, 1837)",Europa,"Poupin, J., et al. (2012) Illustrated checklist of the Decapoda at Europa Island",Decapoda - Brachyura,Ocypodidae
"Ocypode ceratophthalmus (Pallas, 1772)",Abariringa,"Degener, O., & Gillaspy, E. (1955) Canton Island, South Pacific",Decapoda - Brachyura,Ocypodidae
"Ocypode ceratophthalmus (Pallas, 1772)",Addu,"Gardiner, J.S. (1901) The fauna and geography of the Maldive and Laccadive archipelagoes - Volume I, Part I",Decapoda - Brachyura,Ocypodidae
"Ocypode ceratophthalmus (Pallas, 1772)",Ailuk,"Sakai, K., & Türkay, M. (2013) Revision of the genus Ocypode with the description of a new genus, Hoplocypode (Crustacea - Decapoda - Brachyura)",Decapoda - Brachyura,Ocypodidae
"Ocypode ceratophthalmus (Pallas, 1772)",Aldabra,"Borradaile, L.A. (1910) No. XV - On the land and amphibious Decapoda of Aldabra",Decapoda - Brachyura,Ocypodidae
"Ocypode ceratophthalmus (Pallas, 1772)",Arno,"Holthuis, L.B. (1953) Enumeration of the decapod and stomatopod Crustacea from Pacific coral islands",Decapoda - Brachyura,Ocypodidae
"Ocypode ceratophthalmus (Pallas, 1772)",Ashmore,"Morgan, G.J., & Berry, P.F. (1993) Decapod crustacea of Ashmore Reef and Cartier Island",Decapoda - Brachyura,Ocypodidae
"Ocypode ceratophthalmus (Pallas, 1772)",Bikar,"Sakai, K., & Türkay, M. (2013) Revision of the genus Ocypode with the description of a new genus, Hoplocypode (Crustacea - Decapoda - Brachyura)",Decapoda - Brachyura,Ocypodidae
"Ocypode ceratophthalmus (Pallas, 1772)",Clipperton,"Sakai, K., & Türkay, M. (2013) Revision of the genus Ocypode with the description of a new genus, Hoplocypode (Crustacea - Decapoda - Brachyura)",Decapoda - Brachyura,Ocypodidae
"Ocypode ceratophthalmus (Pallas, 1772)",South_Keeling,"Tweedie, M.W.F. (1950) The fauna of the Cocos-Keeling Islands, Brachyura and Stomatopoda",Decapoda - Brachyura,Ocypodidae
"Ocypode ceratophthalmus (Pallas, 1772)",Cosmoledo,"Bayne, C.J., et al. (1970) Geography and ecology of Cosmoledo atoll",Decapoda - Brachyura,Ocypodidae
"Ocypode ceratophthalmus (Pallas, 1772)",Diego Garcia,"Sakai, K., & Türkay, M. (2013) Revision of the genus Ocypode with the description of a new genus, Hoplocypode (Crustacea - Decapoda - Brachyura)",Decapoda - Brachyura,Ocypodidae
"Ocypode ceratophthalmus (Pallas, 1772)",Eniwetok,"Sakai, K., & Türkay, M. (2013) Revision of the genus Ocypode with the description of a new genus, Hoplocypode (Crustacea - Decapoda - Brachyura)",Decapoda - Brachyura,Ocypodidae
"Ocypode ceratophthalmus (Pallas, 1772)",Europa,"Poupin, J., et al. (2012) Illustrated checklist of the Decapoda at Europa Island",Decapoda - Brachyura,Ocypodidae
"Ocypode ceratophthalmus (Pallas, 1772)",French Frigate Shoals,"Castro, P. (2011) Catalog of the anomuran and brachyuran crabs (Crustacea: Decapoda: Anomura, Brachyura) of the Hawaiian islands",Decapoda - Brachyura,Ocypodidae
"Ocypode ceratophthalmus (Pallas, 1772)",Funafuti,"Hedley, C. (1900) The atoll of Funafuti, Ellice Group - its zoology, botany, ethnology, and general structure",Decapoda - Brachyura,Ocypodidae
"Ocypode ceratophthalmus (Pallas, 1772)",Glorioso,"Poupin, J., et al. (2013) Crustacea Decapoda of Glorieuses Islands, with notes on the distribution of the coconut crab (Birgus latro) in the western Indian Ocean",Decapoda - Brachyura,Ocypodidae
"Ocypode ceratophthalmus (Pallas, 1772)",Johnston,"Castro, P. (2011) Catalog of the anomuran and brachyuran crabs (Crustacea: Decapoda: Anomura, Brachyura) of the Hawaiian islands",Decapoda - Brachyura,Ocypodidae
"Ocypode ceratophthalmus (Pallas, 1772)",Kapingamarangi,"Sakai, K., & Türkay, M. (2013) Revision of the genus Ocypode with the description of a new genus, Hoplocypode (Crustacea - Decapoda - Brachyura)",Decapoda - Brachyura,Ocypodidae
"Ocypode ceratophthalmus (Pallas, 1772)",Kavaratti,"Sankarankutty, C. (1961) On some crabs (Decapoda-Brachyura) from the Laccadive archipelago",Decapoda - Brachyura,Ocypodidae
"Ocypode ceratophthalmus (Pallas, 1772)",Kiritimati,"Thaman, R.R., & Nye, A. (2016) Flora of Kiritimati (Christmas) Atoll, Northern Line Islands, Republic of Kiribati",Decapoda - Brachyura,Ocypodidae
"Ocypode ceratophthalmus (Pallas, 1772)",Kwajalein,"Sakai, K., & Türkay, M. (2013) Revision of the genus Ocypode with the description of a new genus, Hoplocypode (Crustacea - Decapoda - Brachyura)",Decapoda - Brachyura,Ocypodidae
"Ocypode ceratophthalmus (Pallas, 1772)",Laysan,"Castro, P. (2011) Catalog of the anomuran and brachyuran crabs (Crustacea: Decapoda: Anomura, Brachyura) of the Hawaiian islands",Decapoda - Brachyura,Ocypodidae
"Ocypode ceratophthalmus (Pallas, 1772)",Manuae,"Steibl, S., et al. (2025) Terrestrial biodiversity of Manuae atoll, Cook Islands",Decapoda - Brachyura,Ocypodidae
"Ocypode ceratophthalmus (Pallas, 1772)",Onotoa,"Sakai, K., & Türkay, M. (2013) Revision of the genus Ocypode with the description of a new genus, Hoplocypode (Crustacea - Decapoda - Brachyura)",Decapoda - Brachyura,Ocypodidae
"Ocypode ceratophthalmus (Pallas, 1772)",Palmyra,"Edmondson, C.H. (1923) Crustacea of Palmyra and Fanning islands",Decapoda - Brachyura,Ocypodidae
"Ocypode ceratophthalmus (Pallas, 1772)",Pearl and Hermes,"Castro, P. (2011) Catalog of the anomuran and brachyuran crabs (Crustacea: Decapoda: Anomura, Brachyura) of the Hawaiian islands",Decapoda - Brachyura,Ocypodidae
"Ocypode ceratophthalmus (Pallas, 1772)",Rangiroa,"Sakai, K., & Türkay, M. (2013) Revision of the genus Ocypode with the description of a new genus, Hoplocypode (Crustacea - Decapoda - Brachyura)",Decapoda - Brachyura,Ocypodidae
"Ocypode ceratophthalmus (Pallas, 1772)",Raroia,"Poupin, J. (1996) Crustacea Deacpoda of French Polynesia (Astacidea, Palinuridea, Anomura, Brachyura)",Decapoda - Brachyura,Ocypodidae
"Ocypode ceratophthalmus (Pallas, 1772)",Rongelap,"Sakai, K., & Türkay, M. (2013) Revision of the genus Ocypode with the description of a new genus, Hoplocypode (Crustacea - Decapoda - Brachyura)",Decapoda - Brachyura,Ocypodidae
"Ocypode ceratophthalmus (Pallas, 1772)",St. Joseph,"Stoddart, D.R., Coe, M.J., & Fosberg, F.R. (1979) D'Arros and St. Joseph, Amirante Islands",Decapoda - Brachyura,Ocypodidae
"Ocypode ceratophthalmus (Pallas, 1772)",Tabuaeran,"Edmondson, C.H. (1923) Crustacea of Palmyra and Fanning islands",Decapoda - Brachyura,Ocypodidae
"Ocypode ceratophthalmus (Pallas, 1772)",Taka,"Sakai, K., & Türkay, M. (2013) Revision of the genus Ocypode with the description of a new genus, Hoplocypode (Crustacea - Decapoda - Brachyura)",Decapoda - Brachyura,Ocypodidae
"Ocypode ceratophthalmus (Pallas, 1772)",Takapoto,"Poupin, J. (1996) Crustacea Deacpoda of French Polynesia (Astacidea, Palinuridea, Anomura, Brachyura)",Decapoda - Brachyura,Ocypodidae
"Ocypode ceratophthalmus (Pallas, 1772)",Tetiaroa,"Sachet, M.-H., & Fosberg, F.R. (1983) An ecological reconnaissance of Tetiaroa atoll, Society Islands",Decapoda - Brachyura,Ocypodidae
"Ocypode ceratophthalmus (Pallas, 1772)",Tikehau,"Poupin, J. (1996) Crustacea Deacpoda of French Polynesia (Astacidea, Palinuridea, Anomura, Brachyura)",Decapoda - Brachyura,Ocypodidae
"Ocypode ceratophthalmus (Pallas, 1772)",Ujae,"Sakai, K., & Türkay, M. (2013) Revision of the genus Ocypode with the description of a new genus, Hoplocypode (Crustacea - Decapoda - Brachyura)",Decapoda - Brachyura,Ocypodidae
"Ocypode ceratophthalmus (Pallas, 1772)",Wake,"Siers, S.R., et al. (2017) Wake Atoll Pemphis habitat rodenticide application strategy",Decapoda - Brachyura,Ocypodidae
"Ocypode cordimana (Latreille, 1818)",Ailuk,"Holthuis, L.B. (1953) Enumeration of the decapod and stomatopod Crustacea from Pacific coral islands",Decapoda - Brachyura,Ocypodidae
"Ocypode cordimana (Latreille, 1818)",Aldabra,"Borradaile, L.A. (1910) No. XV - On the land and amphibious Decapoda of Aldabra",Decapoda - Brachyura,Ocypodidae
"Ocypode cordimana (Latreille, 1818)",Arno,"Holthuis, L.B. (1953) Enumeration of the decapod and stomatopod Crustacea from Pacific coral islands",Decapoda - Brachyura,Ocypodidae
"Ocypode cordimana (Latreille, 1818)",Bikar,"Holthuis, L.B. (1953) Enumeration of the decapod and stomatopod Crustacea from Pacific coral islands",Decapoda - Brachyura,Ocypodidae
"Ocypode cordimana (Latreille, 1818)",South_Keeling,"Tweedie, M.W.F. (1950) The fauna of the Cocos-Keeling Islands, Brachyura and Stomatopoda",Decapoda - Brachyura,Ocypodidae
"Ocypode cordimana (Latreille, 1818)",Diego Garcia,"Sakai, K., & Türkay, M. (2013) Revision of the genus Ocypode with the description of a new genus, Hoplocypode (Crustacea - Decapoda - Brachyura)",Decapoda - Brachyura,Ocypodidae
"Ocypode cordimana (Latreille, 1818)",Eniwetok,"Garth, J.S., Haig, J., & Knudsen, J.W. (1987) Crustacea Decapoda (Brachyura and Anomura) of Enewetak Atoll",Decapoda - Brachyura,Ocypodidae
"Ocypode cordimana (Latreille, 1818)",Europa,"Poupin, J., et al. (2012) Illustrated checklist of the Decapoda at Europa Island",Decapoda - Brachyura,Ocypodidae
"Ocypode cordimana (Latreille, 1818)",Glorioso,"Poupin, J., et al. (2013) Crustacea Decapoda of Glorieuses Islands, with notes on the distribution of the coconut crab (Birgus latro) in the western Indian Ocean",Decapoda - Brachyura,Ocypodidae
"Ocypode cordimana (Latreille, 1818)",Kavaratti,"Sankarankutty, C. (1961) On some crabs (Decapoda-Brachyura) from the Laccadive archipelago",Decapoda - Brachyura,Ocypodidae
"Ocypode cordimana (Latreille, 1818)",Onotoa,"Holthuis, L.B. (1953) Enumeration of the decapod and stomatopod Crustacea from Pacific coral islands",Decapoda - Brachyura,Ocypodidae
"Ocypode cordimana (Latreille, 1818)",Tabuaeran,"Fellows, D.P. (1975) On the distribution of the Hawaiian ghost crab, Ocypode laevis Dana",Decapoda - Brachyura,Ocypodidae
"Ocypode cordimana (Latreille, 1818)",Utirik,"Holthuis, L.B. (1953) Enumeration of the decapod and stomatopod Crustacea from Pacific coral islands",Decapoda - Brachyura,Ocypodidae
"Ocypode pallidula (Hombron & Jacquinot, 1846)",Johnston,"Binion Amerson, A., & Shelton, P.C. (1976) The natural history of Johnston atoll, Central Pacific Ocean",Decapoda - Brachyura,Ocypodidae
"Ocypode pallidula (Hombron & Jacquinot, 1846)",Laysan,"Castro, P. (2011) Catalog of the anomuran and brachyuran crabs (Crustacea: Decapoda: Anomura, Brachyura) of the Hawaiian islands",Decapoda - Brachyura,Ocypodidae
"Ocypode pallidula (Hombron & Jacquinot, 1846)",Midway,"Sakai, K., & Türkay, M. (2013) Revision of the genus Ocypode with the description of a new genus, Hoplocypode (Crustacea - Decapoda - Brachyura)",Decapoda - Brachyura,Ocypodidae
"Ocypode pallidula (Hombron & Jacquinot, 1846)",Moruroa,"Poupin, J. (1996) Crustacea Deacpoda of French Polynesia (Astacidea, Palinuridea, Anomura, Brachyura)",Decapoda - Brachyura,Ocypodidae
"Ocypode pallidula (Hombron & Jacquinot, 1846)",Pearl and Hermes,"Castro, P. (2011) Catalog of the anomuran and brachyuran crabs (Crustacea: Decapoda: Anomura, Brachyura) of the Hawaiian islands",Decapoda - Brachyura,Ocypodidae
"Uca (Cranuca) inversa (Hoffmann, 1874)",Europa,"Poupin, J., et al. (2012) Illustrated checklist of the Decapoda at Europa Island",Decapoda - Brachyura,Ocypodidae
Uca sp.,Manuae,"Steibl, S., et al. (2025) Terrestrial biodiversity of Manuae atoll, Cook Islands",Decapoda - Brachyura,Ocypodidae
Uca sp.,Wake,"Siers, S.R., et al. (2017) Wake Atoll Pemphis habitat rodenticide application strategy",Decapoda - Brachyura,Ocypodidae
