atoll,country,country_status,human_population,number_inhabited_islands
Abaiang,Kiribati,atoll_nation,5502.0,3
Abariringa,Kiribati,atoll_nation,31.0,1
Abemama,Kiribati,atoll_nation,3213.0,4
Addu,Maldives,atoll_nation,25062.0,4
Agatti,India,nation_with_atolls,7521.0,1
Ahe,French_Polynesia,nation_with_atolls,490.0,1
Ahunui,French_Polynesia,nation_with_atolls,0.0,0
Ailinginae,Marshall_Islands,atoll_nation,0.0,0
Ailinglaplap,Marshall_Islands,atoll_nation,1175.0,5
Ailuk,Marshall_Islands,atoll_nation,235.0,1
Aldabra,Seychelles,nation_with_atolls,0.0,0
Alphonse,Seychelles,nation_with_atolls,0.0,0
Amanu,French_Polynesia,nation_with_atolls,154.0,1
Anaa,French_Polynesia,nation_with_atolls,530.0,1
Analtin,Papua_New_Guinea,nation_with_atolls,0.0,0
Ant,Federated_States_Micronesia,nation_with_atolls,0.0,0
Anuanuraro,French_Polynesia,nation_with_atolls,0.0,0
Anuanurunga,French_Polynesia,nation_with_atolls,0.0,0
Apataki,French_Polynesia,nation_with_atolls,444.0,1
Aranuka,Kiribati,atoll_nation,1057.0,2
Aratika,French_Polynesia,nation_with_atolls,231.0,1
Ari,Maldives,atoll_nation,15351.0,16
Arno,Marshall_Islands,atoll_nation,1141.0,6
Arutua,French_Polynesia,nation_with_atolls,1736.0,5
Ashmore,Australia,nation_with_atolls,0.0,0
Astove,Seychelles,nation_with_atolls,0.0,0
Atafu,Tokelau,atoll_nation,491.0,1
Aur,Marshall_Islands,atoll_nation,317.0,2
Awin,Papua_New_Guinea,nation_with_atolls,0.0,0
Bangaram,India,nation_with_atolls,45.0,1
Beautemps-Beaupre,New_Caledonia,nation_with_atolls,0.0,0
Bellona,New_Caledonia,nation_with_atolls,0.0,0
Beru,Kiribati,atoll_nation,2099.0,1
Bikar,Marshall_Islands,atoll_nation,0.0,0
Bikini,Marshall_Islands,atoll_nation,0.0,0
Birnie,Kiribati,atoll_nation,0.0,0
Bitra_Par,India,nation_with_atolls,271.0,1
Bokaak,Marshall_Islands,atoll_nation,0.0,0
Bramble_Haven,Solomon_Islands,nation_with_atolls,0.0,0
Budibudi,Solomon_Islands,nation_with_atolls,300.0,2
Butaritari,Kiribati,atoll_nation,4346.0,4
Byramgore,India,nation_with_atolls,0.0,0
Caroline,Kiribati,atoll_nation,0.0,0
Cato,Australia,nation_with_atolls,0.0,0
Cherbaniani,India,nation_with_atolls,0.0,0
Chesterfield,New_Caledonia,nation_with_atolls,0.0,0
Chetlat,India,nation_with_atolls,2347.0,1
Clipperton,France,nation_with_atolls,0.0,0
Conflict,Solomon_Islands,nation_with_atolls,30.0,1
Cosmoledo,Seychelles,nation_with_atolls,0.0,0
Desroches,Seychelles,nation_with_atolls,0.0,0
Diego_Garcia,Mauritius,nation_with_atolls,0.0,0
Ducie,Pitcairn_Islands,nation_with_atolls,0.0,0
Eauripik,Federated_States_Micronesia,nation_with_atolls,114.0,1
Ebon,Marshall_Islands,atoll_nation,469.0,3
Egmont,Mauritius,nation_with_atolls,0.0,0
Egum,Papua_New_Guinea,nation_with_atolls,0.0,0
Elato,Federated_States_Micronesia,nation_with_atolls,105.0,1
Enderbury,Kiribati,atoll_nation,0.0,0
Eniwetok,Marshall_Islands,atoll_nation,296.0,2
Erikub,Marshall_Islands,atoll_nation,0.0,0
Etal,Federated_States_Micronesia,nation_with_atolls,672.0,1
Europa,France,nation_with_atolls,0.0,0
Faadhippolhu,Maldives,atoll_nation,8992.0,4
Faaite,French_Polynesia,nation_with_atolls,440.0,3
Fakahina,French_Polynesia,nation_with_atolls,173.0,1
Fakaofo,Tokelau,atoll_nation,506.0,2
Fakarava,French_Polynesia,nation_with_atolls,949.0,2
Fangatau,French_Polynesia,nation_with_atolls,150.0,2
Fangataufa,French_Polynesia,nation_with_atolls,0.0,0
Faraulep,Federated_States_Micronesia,nation_with_atolls,115.0,2
Farquhar,Seychelles,nation_with_atolls,0.0,0
Fasdhuthere,Maldives,atoll_nation,557.0,1
Felidhu,Maldives,atoll_nation,1995.0,5
French_Frigate_Shoals,US,nation_with_atolls,0.0,0
Funafuti,Tuvalu,atoll_nation,6602.0,3
Fuvahmulah,Maldives,atoll_nation,9177.0,1
Gaafaru,Maldives,atoll_nation,1294.0,1
Glorioso,France,nation_with_atolls,0.0,0
Goidhoo,Maldives,atoll_nation,1122.0,3
Great_Chagos_Bank,Mauritius,nation_with_atolls,0.0,0
Haddhunmathi,Maldives,atoll_nation,14699.0,10
Hao,French_Polynesia,nation_with_atolls,1009.0,1
Haraiki,French_Polynesia,nation_with_atolls,0.0,0
Helen,Palau,nation_with_atolls,0.0,0
Hereheretue,French_Polynesia,nation_with_atolls,64.0,2
Hikueru,French_Polynesia,nation_with_atolls,125.0,1
Hiti,French_Polynesia,nation_with_atolls,0.0,0
Huon,New_Caledonia,nation_with_atolls,0.0,0
Huvadhu,Maldives,atoll_nation,21948.0,18
Ifalik,Federated_States_Micronesia,nation_with_atolls,578.0,1
Ihavandhippolu,Maldives,atoll_nation,5827.0,5
Jaluit,Marshall_Islands,atoll_nation,1409.0,8
Jemo,Marshall_Islands,atoll_nation,0.0,0
Johnston,US,nation_with_atolls,0.0,0
Kaashidhoo,Maldives,atoll_nation,2528.0,1
Kademat,India,nation_with_atolls,5404.0,1
Kalpeni,India,nation_with_atolls,4419.0,1
Kapingamarangi,Federated_States_Micronesia,nation_with_atolls,350.0,2
Katiu,French_Polynesia,nation_with_atolls,257.0,1
Kauehi,French_Polynesia,nation_with_atolls,524.0,1
Kaukura,French_Polynesia,nation_with_atolls,466.0,8
Kavaratti,India,nation_with_atolls,11210.0,1
Kilinailau,Papua_New_Guinea,nation_with_atolls,979.0,4
Kiltan,India,nation_with_atolls,3946.0,1
Kiritimati,Kiribati,atoll_nation,5586.0,1
Kolhumadulu,Maldives,atoll_nation,10260.0,13
Kuop,Federated_States_Micronesia,nation_with_atolls,0.0,0
Kure,US,nation_with_atolls,0.0,0
Kuria,Kiribati,atoll_nation,980.0,2
Kurimarau,Solomon_Islands,nation_with_atolls,0.0,0
Kwajalein,Marshall_Islands,atoll_nation,9789.0,6
Lae,Marshall_Islands,atoll_nation,133.0,1
Lamotrek,Federated_States_Micronesia,nation_with_atolls,3229.0,1
Laualau,Papua_New_Guinea,nation_with_atolls,0.0,0
Laysan,US,nation_with_atolls,0.0,0
Leli,Solomon_Islands,nation_with_atolls,0.0,0
Lib,Marshall_Islands,atoll_nation,156.0,1
Lihou,Australia,nation_with_atolls,0.0,0
Likiep,Marshall_Islands,atoll_nation,228.0,1
Liot,Papua_New_Guinea,nation_with_atolls,,1
Lisianski,US,nation_with_atolls,0.0,0
Long_Reef,Papua_New_Guinea,nation_with_atolls,0.0,0
Loraine_Anobat,Papua_New_Guinea,nation_with_atolls,0.0,0
Losap,Federated_States_Micronesia,nation_with_atolls,506.0,2
Losiep,Federated_States_Micronesia,nation_with_atolls,0.0,0
Lukunor,Federated_States_Micronesia,nation_with_atolls,1248.0,2
Mabui,Papua_New_Guinea,nation_with_atolls,0.0,0
Maiana,Kiribati,atoll_nation,2027.0,2
Majuro,Marshall_Islands,atoll_nation,23156.0,8
Makemo,French_Polynesia,nation_with_atolls,816.0,2
Makin,Kiribati,atoll_nation,1798.0,2
Makunudhoo,Maldives,atoll_nation,1265.0,1
Malden,Kiribati,atoll_nation,0.0,0
Maloelap,Marshall_Islands,atoll_nation,395.0,5
Malum,Papua_New_Guinea,nation_with_atolls,0.0,0
Manihi,French_Polynesia,nation_with_atolls,648.0,16
Manihiki,Cook_Islands,nation_with_atolls,238.0,2
Manra,Kiribati,atoll_nation,0.0,0
Manuae,Cook_Islands,nation_with_atolls,0.0,0
Manuhangi,French_Polynesia,nation_with_atolls,0.0,0
Marakei,Kiribati,atoll_nation,2872.0,2
Maria,French_Polynesia,nation_with_atolls,0.0,0
Maria_Est,French_Polynesia,nation_with_atolls,0.0,0
Marokau,French_Polynesia,nation_with_atolls,74.0,1
Marutea_Nord,French_Polynesia,nation_with_atolls,0.0,0
Marutea_Sud,French_Polynesia,nation_with_atolls,104.0,3
Mataiva,French_Polynesia,nation_with_atolls,292.0,2
Matureivavao,French_Polynesia,nation_with_atolls,0.0,0
Maupihaa,French_Polynesia,nation_with_atolls,20.0,1
McKean,Kiribati,atoll_nation,0.0,0
Mellish,Australia,nation_with_atolls,0.0,0
Midway,US,nation_with_atolls,0.0,0
Mili,Marshall_Islands,atoll_nation,497.0,4
Minicoy,India,nation_with_atolls,10447.0,1
Mokil,Federated_States_Micronesia,nation_with_atolls,133.0,1
Morane,French_Polynesia,nation_with_atolls,0.0,0
Moruroa,French_Polynesia,nation_with_atolls,0.0,0
Motu_One,French_Polynesia,nation_with_atolls,0.0,0
Motutunga,French_Polynesia,nation_with_atolls,0.0,0
Mulaku,Maldives,atoll_nation,5490.0,8
Murilo,Federated_States_Micronesia,nation_with_atolls,570.0,2
Namoluk,Federated_States_Micronesia,nation_with_atolls,355.0,1
Namonuito,Federated_States_Micronesia,nation_with_atolls,1384.0,5
Namorik,Marshall_Islands,atoll_nation,299.0,1
Namu,Marshall_Islands,atoll_nation,525.0,4
Nanumanga,Tuvalu,atoll_nation,391.0,1
Nanumea,Tuvalu,atoll_nation,610.0,1
Napuka,French_Polynesia,nation_with_atolls,255.0,1
Nengonengo,French_Polynesia,nation_with_atolls,0.0,0
Ngcheangel,Palau,nation_with_atolls,41.0,1
Ngulu,Federated_States_Micronesia,nation_with_atolls,6.0,1
Niau,French_Polynesia,nation_with_atolls,206.0,1
Nihiru,French_Polynesia,nation_with_atolls,0.0,0
Nikumaroro,Kiribati,atoll_nation,0.0,0
Nikunau,Kiribati,atoll_nation,1907.0,1
Ninigo,Papua_New_Guinea,nation_with_atolls,2400.0,6
Nissan,Papua_New_Guinea,nation_with_atolls,7500.0,3
Niulakita,Tuvalu,atoll_nation,36.0,1
Niutao,Tuvalu,atoll_nation,550.0,1
Nomwin,Federated_States_Micronesia,nation_with_atolls,1343.0,2
Nonouti,Kiribati,atoll_nation,2683.0,5
North_Keeling,Australia,nation_with_atolls,0.0,0
North_Maalhosmadulu,Maldives,atoll_nation,17581.0,15
North_Male,Maldives,atoll_nation,217246.0,8
North_Nilandhe,Maldives,atoll_nation,4869.0,5
North_Tubbataha,Philippines,Philippines,0.0,0
Nuguria,Papua_New_Guinea,nation_with_atolls,400.0,2
Nui,Tuvalu,atoll_nation,514.0,1
Nukapu,Solomon_Islands,nation_with_atolls,45.0,1
Nukufetau,Tuvalu,atoll_nation,581.0,1
Nukulaelae,Tuvalu,atoll_nation,341.0,1
Nukumanu,Papua_New_Guinea,nation_with_atolls,464.0,1
Nukumbasanga,Fiji,nation_with_atolls,0.0,0
Nukunonu,Tokelau,atoll_nation,387.0,2
Nukuoro,Federated_States_Micronesia,nation_with_atolls,210.0,1
Nukusemanu,Fiji,nation_with_atolls,0.0,0
Nukutepipi,French_Polynesia,nation_with_atolls,0.0,0
Numa_Miombilou,Solomon_Islands,nation_with_atolls,1262.0,3
Nupani,Solomon_Islands,nation_with_atolls,25.0,1
Oeno,Pitcairn_Islands,nation_with_atolls,0.0,0
Olimarao,Federated_States_Micronesia,nation_with_atolls,0.0,0
Onotoa,Kiribati,atoll_nation,1519.0,3
Ontong_Java,Solomon_Islands,nation_with_atolls,3006.0,27
Oroluk,Federated_States_Micronesia,nation_with_atolls,0.0,0
Orona,Kiribati,atoll_nation,0.0,0
Pakin,Federated_States_Micronesia,nation_with_atolls,100.0,1
Palmerston,Cook_Islands,nation_with_atolls,25.0,1
Palmyra,US,nation_with_atolls,0.0,0
Paraoa,French_Polynesia,nation_with_atolls,0.0,0
Pearl_and_Hermes,US,nation_with_atolls,0.0,0
Peremul_Par,India,nation_with_atolls,0.0,0
Peros_Banhos,Mauritius,nation_with_atolls,0.0,0
Pikelot,Federated_States_Micronesia,nation_with_atolls,0.0,0
Pinaki,French_Polynesia,nation_with_atolls,0.0,0
Pingelap,Federated_States_Micronesia,nation_with_atolls,258.0,1
Pinipel,Papua_New_Guinea,nation_with_atolls,901.0,1
Platte,Seychelles,nation_with_atolls,0.0,0
Providence,Seychelles,nation_with_atolls,0.0,0
Pukapuka,Cook_Islands,nation_with_atolls,456.0,3
Puka-Puka,French_Polynesia,nation_with_atolls,138.0,1
Pukarua,French_Polynesia,nation_with_atolls,208.0,1
Pulap,Federated_States_Micronesia,nation_with_atolls,1661.0,2
Pulusuk,Federated_States_Micronesia,nation_with_atolls,1116.0,1
Puluwat,Federated_States_Micronesia,nation_with_atolls,745.0,1
Qelelevu,Fiji,nation_with_atolls,0.0,0
Rakahanga,Cook_Islands,nation_with_atolls,81.0,1
Rangiroa,French_Polynesia,nation_with_atolls,2785.0,4
Raraka,French_Polynesia,nation_with_atolls,97.0,1
Raroia,French_Polynesia,nation_with_atolls,253.0,1
Rasdhoo,Maldives,atoll_nation,1282.0,1
Ravahere,French_Polynesia,nation_with_atolls,0.0,0
Rawaki,Kiribati,atoll_nation,0.0,0
Reao,French_Polynesia,nation_with_atolls,305.0,1
Redlick,Papua_New_Guinea,nation_with_atolls,0.0,0
Reitoru,French_Polynesia,nation_with_atolls,0.0,0
Rekareka,French_Polynesia,nation_with_atolls,0.0,0
Rongelap,Marshall_Islands,atoll_nation,0.0,0
Rongerik,Marshall_Islands,atoll_nation,0.0,0
Rose,US,nation_with_atolls,0.0,0
Rowa,Vanuatu,nation_with_atolls,0.0,0
Saloman,Mauritius,nation_with_atolls,0.0,0
Sama,Papua_New_Guinea,nation_with_atolls,0.0,0
Samasuma,Papua_New_Guinea,nation_with_atolls,0.0,0
Sapwuahfik,Federated_States_Micronesia,nation_with_atolls,456.0,1
Satawan,Federated_States_Micronesia,nation_with_atolls,2220.0,4
Scilly,French_Polynesia,nation_with_atolls,21.0,1
Sikaiana,Solomon_Islands,nation_with_atolls,359.0,1
Sorol,Federated_States_Micronesia,nation_with_atolls,0.0,0
South_Keeling,Australia,nation_with_atolls,579.0,2
South_Maalhosmadulu,Maldives,atoll_nation,8952.0,9
South_Male,Maldives,atoll_nation,7190.0,3
South_Nilandhe,Maldives,atoll_nation,6637.0,6
South_Tubbataha,Philippines,Philippines,0.0,0
St_Francois,Seychelles,nation_with_atolls,0.0,0
St_Joseph,Seychelles,nation_with_atolls,0.0,0
Starbuck,Kiribati,atoll_nation,0.0,0
Suheli_Par,India,nation_with_atolls,11.0,1
Surprise,New_Caledonia,nation_with_atolls,0.0,0
Suwarrow,Cook_Islands,nation_with_atolls,0.0,0
Swains,American_Samoa,nation_with_atolls,0.0,0
Tabiteuea,Kiribati,atoll_nation,4979.0,11
Tabuaeran,Kiribati,atoll_nation,1960.0,2
Taenga,French_Polynesia,nation_with_atolls,65.0,1
Tahanea,French_Polynesia,nation_with_atolls,0.0,0
Taiaro,French_Polynesia,nation_with_atolls,0.0,0
Taka,Marshall_Islands,atoll_nation,0.0,0
Takapoto,French_Polynesia,nation_with_atolls,513.0,1
Takaroa,French_Polynesia,nation_with_atolls,537.0,3
Takume,French_Polynesia,nation_with_atolls,152.0,1
Takuu,Papua_New_Guinea,nation_with_atolls,443.0,1
Tarawa,Kiribati,atoll_nation,56284.0,12
Tatakoto,French_Polynesia,nation_with_atolls,180.0,1
Tauere,French_Polynesia,nation_with_atolls,0.0,0
Tekokota,French_Polynesia,nation_with_atolls,0.0,0
Temitangi,French_Polynesia,nation_with_atolls,61.0,1
Temoe,French_Polynesia,nation_with_atolls,0.0,0
Tenararo,French_Polynesia,nation_with_atolls,0.0,0
Tenaruga,French_Polynesia,nation_with_atolls,0.0,0
Tepoto,French_Polynesia,nation_with_atolls,0.0,0
Teraina,Kiribati,atoll_nation,1701.0,1
Tetiaroa,French_Polynesia,nation_with_atolls,0.0,0
Thiladhunmathi,Maldives,atoll_nation,56172.0,48
Thoddoo,Maldives,atoll_nation,1924.0,1
Tikehau,French_Polynesia,nation_with_atolls,589.0,3
Tilianu,Papua_New_Guinea,nation_with_atolls,,1
Toau,French_Polynesia,nation_with_atolls,14.0,2
Tongareva,Cook_Islands,nation_with_atolls,213.0,2
Torlesse,Papua_New_Guinea,nation_with_atolls,10.0,2
Tuanake,French_Polynesia,nation_with_atolls,6.0,1
Tupai,French_Polynesia,nation_with_atolls,0.0,0
Tureia,French_Polynesia,nation_with_atolls,261.0,1
Ujae,Marshall_Islands,atoll_nation,310.0,1
Ujelang,Marshall_Islands,atoll_nation,0.0,0
Ulithi,Federated_States_Micronesia,nation_with_atolls,847.0,4
Utirik,Marshall_Islands,atoll_nation,264.0,1
Vahanga,French_Polynesia,nation_with_atolls,0.0,0
Vahitahi,French_Polynesia,nation_with_atolls,103.0,1
Vairaatea,French_Polynesia,nation_with_atolls,65.0,1
Vaitupu,Tuvalu,atoll_nation,1007.0,1
Vanavana,French_Polynesia,nation_with_atolls,0.0,0
Vattaru,Maldives,atoll_nation,0.0,0
Wailagilala,Fiji,nation_with_atolls,0.0,0
Wake,US,nation_with_atolls,0.0,0
West_Fayu,Federated_States_Micronesia,nation_with_atolls,0.0,0
Willis,Australia,nation_with_atolls,0.0,0
Woleai,Federated_States_Micronesia,nation_with_atolls,1039.0,5
Wotho,Marshall_Islands,atoll_nation,88.0,1
Wotje,Marshall_Islands,atoll_nation,816.0,2
Zohhoiiyoru,Federated_States_Micronesia,nation_with_atolls,0.0,0
