atoll,number_islands,land_area_sqkm,lagoon_area_sqkm,outer_perimeter_km,total_atoll_area_sqkm,no_channels,total_width_channels_km,distance_nearest_atoll_km,nearest_high_island,distance_nearest_high_island_km,distance_continent_km
Abaiang,20,16.6,303.0,90.4,356.86,9,4.6,24.0,Nauru,715,3631
Abariringa,3,9.2,51.0,39.03,68.15,1,0.5,194.0,Samoa,1176,4549
Abemama,5,27.4,200.0,68.45,266.07,2,2.45,38.0,Nauru,775,3679
Addu,29,15.0,111.0,57.47,147.11,4,3.55,48.0,Sri_Lanka,1073,1075
Agatti,2,3.03,14.0,21.59,24.6,1,1.4,8.0,Sri_Lanka,875,353
Ahe,77,12.0,145.0,57.37,174.08,1,0.42,25.0,Tahiti,469,6396
Ahunui,17,5.4,19.0,18.93,27.14,0,0.0,60.0,Mangareva,939,6718
Ailinginae,25,2.8,112.0,66.77,151.47,2,2.28,27.0,Kosrae,738,3560
Ailinglaplap,56,14.7,777.0,139.65,833.21,11,16.1,67.0,Kosrae,674,3530
Ailuk,57,5.4,192.0,76.02,238.32,4,0.86,89.0,Kosrae,938,3860
Aldabra,46,155.4,191.0,86.02,364.25,4,0.95,132.0,Comores,356,650
Alphonse,1,1.7,8.0,17.31,19.75,1,0.44,6.0,Mahe,391,1282
Amanu,101,15.6,212.0,72.51,245.29,2,0.35,35.0,Mangareva,840,6738
Anaa,70,38.0,112.0,68.5,172.89,0,0.0,70.0,Tahiti,386,6394
Analtin,11,5.6,36.0,30.08,61.1,0,0.0,8.8,Manus,259,1112
Ant,12,2.8,74.0,43.68,94.92,1,0.19,29.0,Pohnpei,21,2566
Anuanuraro,6,2.2,9.0,15.78,14.76,0,0.0,31.0,Tahiti,653,6366
Anuanurunga,5,1.17,3.0,9.45,6.8,0,0.0,24.0,Tahiti,686,6377
Apataki,88,21.0,692.0,106.8,748.49,2,0.61,31.0,Tahiti,394,6353
Aranuka,7,13.2,39.0,37.09,71.9,1,0.22,32.0,Nauru,744,3531
Aratika,69,8.3,155.0,58.66,180.17,2,0.18,44.0,Tahiti,460,6400
Ari,105,9.26,2102.0,212.24,2230.15,49,97.58,41.0,Sri_Lanka,834,679
Arno,133,13.0,378.0,152.15,424.45,5,3.28,32.0,Kosrae,968,3776
Arutua,65,15.0,528.0,91.17,583.48,1,0.15,32.0,Tahiti,372,6321
Ashmore,4,0.63,110.4,72.29,264.57,3,6.51,187.0,Rote,145,353
Astove,15,7.9,9.0,18.18,21.88,0,0.0,38.0,Madagascar,263,778
Atafu,52,2.5,16.0,20.72,24.74,0,0.0,92.0,Samoa,539,4108
Aur,42,15.0,237.0,77.58,267.6,5,1.6,27.0,Kosrae,946,3792
Awin,2,0.9,5.0,10.96,8.97,0,0.0,18.0,Manus,281,1019
Bangaram,4,1.19,16.0,28.07,45.09,0,0.0,8.0,Sri_Lanka,862,333
Beautemps-Beaupre,2,0.5,78.0,44.08,111.21,4,7.43,37.0,New_Caledonia,105,1467
Bellona,1,0.2,8132.0,470.1,8533.23,9,411.21,130.0,New_Caledonia,538,813
Beru,1,19.6,20.0,34.57,51.07,0,0.0,71.0,Nauru,1007,3590
Bikar,6,0.5,43.0,34.67,60.4,1,0.03,105.0,Kosrae,1088,3967
Bikini,23,6.0,633.0,112.98,712.7,8,23.99,110.0,Kosrae,738,3545
Birnie,1,0.49,0.03,3.41,0.68,0,0.0,67.0,Samoa,1093,4536
Bitra_Par,2,0.2,33.0,31.5,57.45,0,0.0,73.0,Sri_Lanka,873,324
Bokaak,36,3.2,84.0,58.3,110.98,0,0.0,288.0,Kosrae,1215,4055
Bramble_Haven,5,0.8,144.0,51.93,168.1,5,5.81,43.0,Sudest,129,833
Budibudi,8,3.2,14.0,20.08,21.98,2,3.17,177.0,Muyua,74,1102
Butaritari,32,13.49,342.0,103.56,411.12,4,3.45,6.0,Nauru,768,3651
Byramgore,1,0.1,73.0,45.62,10.232,0,0.0,52.0,Sri_Lanka,930,340
Caroline,39,6.99,8.0,28.59,23.4,1,0.03,566.0,Bora_Bora,740,6196
Cato,1,0.18,1.99,4.62,8.65,0,0.0,120.0,New_Caledonia,947,382
Cherbaniani,3,0.1,31.0,28.54,39.19,0,0.0,50.0,Sri_Lanka,938,320
Chesterfield,8,0.61,3761.0,381.07,3940.55,17,172.37,77.0,New_Caledonia,573,885
Chetlat,1,1.2,2.0,7.28,3.41,0,0.0,56.0,Sri_Lanka,822,260
Clipperton,1,6.0,7.0,11.86,9.73,0,0.0,4223.0,Galapagos,2273,1089
Conflict,21,4.6,168.0,70.92,197.92,6,10.61,28.0,Misima,81,836
Cosmoledo,23,5.13,106.0,48.56,144.6,2,1.86,38.0,Madagascar,304,773
Desroches,1,3.76,103.17,50.74,188.0,1,5.15,38.0,Mahe,220,1231
Diego_Garcia,4,30.0,131.0,67.89,173.86,3,3.67,134.0,Sri_Lanka,1713,1788
Ducie,4,0.69,2.0,8.61,5.4,1,0.32,609.0,Pitcairn,356,7925
Eauripik,3,0.2,8.0,24.81,18.06,0,0.0,111.0,Chuuk,942,1927
Ebon,22,5.8,112.0,43.89,132.69,1,0.43,124.0,Kosrae,634,3353
Egmont,6,4.0,22.0,25.52,33.1,1,6.46,129.0,Sri_Lanka,1711,1757
Egum,6,7.32,492.0,91.58,524.5,6,16.72,149.0,Muyua,70,939
Elato,3,0.5,6.0,21.21,10.77,2,0.51,11.0,Kosrae,586,2049
Enderbury,1,6.38,0.56,12.45,6.94,0,0.0,65.0,Samoa,1147,4641
Eniwetok,40,5.85,949.0,120.97,1018.28,2,11.34,232.0,Pohnpei,656,3295
Erikub,14,1.5,275.0,78.9,295.21,5,2.88,23.0,Kosrae,878,3748
Etal,17,1.36,17.0,19.71,25.14,0,0.0,10.0,Chuuk,263,2186
Europa,1,28.0,5.0,24.43,43.68,0,0.0,119.0,Madagascar,298,495
Faadhippolhu,52,3.4,622.0,113.72,691.88,25,18.47,37.0,Sri_Lanka,740,506
Faaite,32,8.9,246.0,66.78,269.53,1,0.28,28.0,Tahiti,427,6359
Fakahina,8,11.6,20.0,22.26,34.67,0,0.0,77.0,Mangareva,954,6882
Fakaofo,49,3.0,52.0,36.21,65.2,0,0.0,64.0,Samoa,464,4177
Fakarava,104,24.1,1118.0,159.8,1248.17,2,2.0,43.0,Tahiti,407,6331
Fangatau,16,9.4,9.0,19.8,21.62,0,0.0,77.0,Tahiti,906,6820
Fangataufa,29,5.0,39.0,29.75,49.74,1,0.16,39.0,Mangareva,395,6748
Faraulep,3,0.4,3.0,11.94,8.11,1,0.81,148.0,Chuuk,783,2139
Farquhar,11,8.36,115.0,56.42,173.45,2,0.63,60.0,Madagascar,277,1150
Fasdhuthere,9,0.92,95.0,52.19,131.51,15,18.41,1.8,Sri_Lanka,767,546
Felidhu,19,0.7,974.0,164.84,1077.78,45,20.37,31.0,Sri_Lanka,790,658
French_Frigate_Shoals,12,0.25,511.0,92.41,624.3,1,37.14,607.0,Kauai,679,5389
Funafuti,33,2.4,223.0,71.05,244.45,9,6.88,93.0,Wallis,701,3404
Fuvahmulah,1,4.23,4.35,11.22,5.6,0,0.0,36.0,Sri_Lanka,1025,1031
Gaafaru,2,0.24,73.0,35.71,84.09,3,0.84,7.0,Sri_Lanka,747,563
Glorioso,10,5.0,25.0,43.76,41.78,0,0.0,198.0,Madagascar,197,734
Goidhoo,6,2.25,62.0,42.03,104.74,1,1.64,13.0,Sri_Lanka,804,592
Great_Chagos_Bank,8,5.6,12642.0,510.72,12777.0,25,343.18,93.0,Sri_Lanka,1624,1695
Haddhunmathi,82,10.7,760.0,127.48,865.69,7,6.74,39.0,Sri_Lanka,873,803
Hao,142,35.0,514.0,133.08,570.04,1,0.35,33.0,Mangareva,819,6707
Haraiki,4,4.0,13.0,19.69,24.74,1,0.28,46.0,Tahiti,601,6512
Helen,1,0.02,113.0,60.11,162.76,1,0.29,208.0,Morotai,346,1582
Hereheretue,13,4.0,29.0,27.05,43.75,0,0.0,158.0,Tahiti,492,6242
Hikueru,15,8.0,88.0,39.22,105.96,0,0.0,51.0,Tahiti,689,6568
Hiti,11,3.0,17.0,18.4,25.5,0,0.0,10.0,Tahiti,546,6460
Huon,1,0.26,293.0,90.89,319.22,8,14.58,21.0,New_Caledonia,247,1354
Huvadhu,255,38.5,2994.0,252.9,3237.72,42,35.64,87.0,Sri_Lanka,973,951
Ifalik,3,1.47,3.0,10.47,6.32,1,0.11,59.0,Chuuk,785,1995
Ihavandhippolu,25,5.79,235.0,69.83,273.07,12,19.81,6.4,Sri_Lanka,760,451
Jaluit,91,11.34,805.0,158.6,881.42,7,3.0,163.0,Kosrae,722,3498
Jemo,1,0.16,0.0,15.27,3.83,0,0.0,39.0,Kosrae,889,3768
Johnston,4,2.67,184.0,58.54,191.39,1,44.1,860.0,Kauai,1179,6163
Kaashidhoo,4,2.83,3.12,10.2,7.98,0,0.0,18.0,Sri_Lanka,738,542
Kademat,1,3.55,9.0,24.82,21.83,0,0.0,34.0,Sri_Lanka,826,277
Kalpeni,6,2.99,19.0,25.42,27.18,0,0.0,142.0,Sri_Lanka,694,261
Kapingamarangi,33,1.1,60.0,32.44,73.22,2,0.25,305.0,New_Ireland,561,1873
Katiu,32,10.0,240.0,64.55,265.71,2,0.14,25.0,Tahiti,526,6454
Kauehi,56,16.0,313.0,70.88,340.97,1,0.34,31.0,Tahiti,472,6395
Kaukura,51,13.5,448.0,107.0,546.5,0,0.0,35.0,Tahiti,344,6251
Kavaratti,1,3.93,4.0,12.88,8.94,0,0.0,61.0,Sri_Lanka,821,356
Kilinailau,7,0.6,258.0,65.95,297.02,3,1.31,169.0,Bougainville,85,1554
Kiltan,1,1.78,1.0,8.3,3.68,0,0.0,34.0,Sri_Lanka,804,241
Kiritimati,6,388.0,380.0,146.1,663.81,2,2.32,295.0,Hawaii,1885,6126
Kolhumadulu,66,0.71,1562.0,158.58,1669.69,19,13.88,35.0,Sri_Lanka,878,784
Kuop,2,0.5,87.0,53.02,107.27,6,1.75,85.0,Chuuk,25,2219
Kure,2,0.86,47.0,26.93,54.3,1,2.68,90.0,Kauai,1992,4180
Kuria,2,15.47,0.0,27.0,29.66,0,0.0,38.0,Nauru,730,3522
Kurimarau,2,0.48,2.0,8303.0,3.59,0,0.0,195.0,Pavuvu,4,1665
Kwajalein,97,16.0,2222.0,312.82,2376.87,29,34.78,85.0,Kosrae,650,3539
Lae,20,1.5,18.0,20.81,26.68,1,0.08,51.0,Kosrae,528,3399
Lamotrek,3,0.98,35.0,35.71,43.28,6,4.16,16.0,Chuuk,578,2057
Laualau,6,3.02,7.0,13.41,13.55,0,0.0,8.0,Manus,250,1075
Laysan,1,4.11,0.7,9.93,6.67,0,0.0,226.0,Kauai,1278,4858
Leli,1,2.39,8.4,17.15,15.52,3,1490.0,206.0,Malaita,7,1838
Lib,1,0.93,0.1,5.31,1.72,0,0.0,66.0,Kosrae,581,3463
Lihou,5,0.52,2095.0,233.81,2336.69,35,111.33,28.0,New_Caledonia,1301,415
Likiep,65,10.26,417.0,108.71,463.22,8,4.42,85.0,Kosrae,847,3717
Liot,1,1.27,1.0,8.88,5.57,0,0.0,21.0,Manus,236,1049
Lisianski,1,1.36,220.0,45.94,142.71,0,0.0,226.0,Kauai,1506,4595
Long_Reef,8,3.4,896.0,212.6,1261.02,17,82.86,46.0,Papua,116,789
Loraine_Anobat,2,0.17,6.29,10.65,7.38,4,1.13,1.0,Rambutyo,17,1078
Losap,10,1.33,34.0,28.65,45.26,7,1.66,79.0,Chuuk,85,2252
Losiep,3,0.45,1.05,12.96,5.72,0,0.0,5.0,Colonia,184,2299
Lukunor,18,2.82,55.0,33.44,68.2,1,0.33,8.0,Chuuk,272,2191
Mabui,1,0.02,2.23,9.7,5.76,0,0.0,1.0,Motorina,14,902
Maiana,13,16.71,128.0,57.0,173.97,0,0.0,43.0,Nauru,690,3513
Majuro,64,9.7,317.0,97.55,350.89,5,5.77,32.0,Kosrae,920,3750
Makemo,143,56.0,632.0,163.26,715.83,2,0.6,41.0,Tahiti,589,6505
Makin,5,7.35,0.0,29.27,14.4,0,0.0,6.0,Nauru,795,3661
Makunudhoo,4,0.86,96.0,65.69,129.11,4,3.32,29.0,Sri_Lanka,802,512
Malden,1,39.3,0.0,26.94,39.3,0,0.0,207.0,Bora_Bora,1421,6039
Maloelap,71,9.8,935.0,148.6,999.08,15,7.02,40.0,Kosrae,963,3824
Malum,17,1.46,28.0,30.37,39.59,0,0.0,9.0,New_Ireland,195,1560
Manihi,105,13.0,167.0,65.43,195.29,1,0.1,29.0,Tahiti,501,6388
Manihiki,43,4.0,47.0,30.76,57.51,0,0.0,43.0,Bora_Bora,1199,5136
Manra,1,4.4,4.0,12.21,10.39,0,0.0,98.0,Samoa,999,4467
Manuae,3,6.17,7.0,16.98,20.03,0,0.0,459.0,Rarotonga,230,4903
Manuhangi,20,3.75,9.0,14.05,13.83,0,0.0,55.0,Mangareva,778,6629
Marakei,2,14.13,25.0,28.78,44.65,0,0.0,34.0,Nauru,755,3615
Maria,4,1.9,4.0,11.86,9.95,0,0.0,520.0,Rarotonga,523,5246
Maria_Est,17,3.75,7.0,14.12,13.22,0,0.0,60.0,Mangareva,171,7003
Marokau,58,14.7,225.0,75.04,255.87,0,0.0,13.0,Tahiti,726,6586
Marutea_Nord,35,2.7,480.0,106.41,524.8,0,0.0,42.0,Tahiti,638,6541
Marutea_Sud,66,12.0,114.0,54.21,137.19,0,0.0,82.0,Mangareva,183,7083
Mataiva,12,25.0,25.0,26.72,47.33,1,0.08,43.0,Tahiti,301,6100
Matureivavao,26,2.5,18.0,18.61,25.5,0,0.0,18.0,Mangareva,232,6992
Maupihaa,11,2.6,32.0,27.21,49.4,1,0.04,75.0,Maupiti,185,5526
McKean,1,0.57,0.18,3.83,1.06,0,0.0,126.0,Samoa,1106,4413
Mellish,1,0.03,10.33,28.83,19.31,0,0.0,320.0,New_Caledonia,917,828
Midway,3,6.27,48.0,32.45,75.06,2,6.16,90.0,Kauai,1895,4243
Mili,92,14.9,804.0,140.99,857.9,9,7.78,92.0,Kosrae,988,3745
Minicoy,3,4.8,26.0,24.33,35.77,1,7.52,13.0,Sri_Lanka,742,383
Mokil,3,1.41,2.0,12.98,7.82,0,0.0,114.0,Pohnpei,155,2714
Morane,19,2.85,11.0,15.87,16.91,0,0.0,155.0,Mangareva,211,6866
Moruroa,93,15.0,143.0,66.04,164.04,2,4.6,42.0,Mangareva,423,6748
Motu_One,6,2.83,4.0,12.7,12.09,0,0.0,74.0,Maupiti,247,5485
Motutunga,10,2.5,139.0,46.48,153.86,2,0.12,26.0,Tahiti,509,6419
Mulaku,33,3.31,876.0,135.26,970.95,22,12.04,24.0,Sri_Lanka,809,706
Murilo,11,1.27,362.0,98.44,388.52,16,23.79,27.0,Chuuk,138,2388
Namoluk,5,1.37,9.0,15.66,14.48,0,0.0,56.0,Chuuk,204,2187
Namonuito,12,4.5,2031.0,234.6,2097.85,17,161.73,129.0,Chuuk,224,2285
Namorik,2,2.8,12.0,20.91,22.27,0,0.0,119.0,Kosrae,563,3357
Namu,51,6.27,405.0,144.67,463.63,5,1.26,72.0,Kosrae,638,3510
Nanumanga,1,3.0,0.25,8.38,4.17,0,0.0,67.0,Wallis,1066,3518
Nanumea,5,3.9,6.0,27.42,20.76,0,0.0,67.0,Wallis,1136,3303
Napuka,27,8.0,22.0,27.26,38.49,0,0.0,185.0,Fatu_Iva,489,6859
Nengonengo,24,9.0,72.0,37.33,87.5,1,0.13,61.0,Tahiti,777,6600
Ngcheangel,4,1.39,14.0,18.44,21.37,0,0.0,12.0,Palau,34,2138
Ngulu,9,0.4,409.0,103.75,451.35,22,22.04,280.0,Palau,323,2190
Niau,1,20.0,33.0,27.9,57.09,0,0.0,33.0,Tahiti,352,6276
Nihiru,33,20.0,83.0,44.33,100.27,0,0.0,36.0,Tahiti,679,6588
Nikumaroro,1,3.98,5.0,17.19,13.21,0,0.0,126.0,Samoa,991,4165
Nikunau,1,19.38,0.0,32.05,24.21,0,0.0,46.0,Nauru,1059,3639
Ninigo,31,8.49,354.0,93.51,414.77,6,19.69,77.0,Manus,262,1063
Nissan,4,30.61,43.76,40.0,85.77,3,0.64,2.4,Bougainville,63,1501
Niulakita,1,0.39,456.0,132.0,566.23,0,0.0,147.0,Rotuma,321,3175
Niutao,1,2.53,0.06,6.87,3.06,0,0.0,121.0,Rotuma,703,3381
Nomwin,14,1.52,298.0,77.63,323.88,12,10.59,27.0,Chuuk,119,2366
Nonouti,15,21.02,487.0,110.44,596.61,2,12.7,61.0,Nauru,820,3531
North_Keeling,1,1.98,0.6,6.09,2.62,0,0.0,25.0,Christmas,961,1627
North_Maalhosmadulu,88,10.55,1066.0,157.18,1153.6,43,62.39,17.0,Sri_Lanka,780,559
North_Male,107,12.92,1439.0,161.01,1545.26,37,37.34,5.0,Sri_Lanka,748,582
North_Nilandhe,23,2.0,536.0,93.33,588.27,20,19.94,21.0,Sri_Lanka,858,728
North_Tubbataha,1,0.01,51.9,41.76,77.51,0,0.0,7.6,Palawan,155,1214
Nuguria,29,20.0,130.0,85.33,171.21,7,2.52,21.0,New_Ireland,203,1566
Nui,21,3.37,7.0,18.39,18.08,0,0.0,153.0,Rotuma,581,3272
Nukapu,1,0.7,2.0,8.52,5.09,0,0.0,13.0,Nendo,62,2180
Nukufetau,33,3.14,104.0,46.82,117.09,3,1.44,63.0,Wallis,786,3323
Nukulaelae,20,1.97,28.0,26.81,36.65,0,0.0,116.0,Rotuma,455,3433
Nukumanu,22,4.6,227.0,62.21,246.68,5,7.06,52.0,Choiseul,368,1926
Nukumbasanga,2,0.24,2.99,10.42,6.75,0,0.0,13.7,Vanua_Levu,76,3004
Nukunonu,30,5.5,100.0,44.3,114.89,0,0.0,64.0,Samoa,477,4141
Nukuoro,40,1.7,28.0,21.92,36.41,1,0.1,211.0,Pohnpei,483,2126
Nukusemanu,2,0.06,223.9,140.6,338.31,5,6.04,13.7,Taveuni,38,2965
Nukutepipi,4,2.3,2.0,9.22,5.44,0,0.0,24.0,Tahiti,712,6404
Numa_Miombilou,4,6.12,111.0,69.9,240.06,5,13.63,26.0,Nendo,51,2143
Nupani,2,0.21,11.0,21.34,20.04,0,0.0,34.0,Nendo,66,2101
Oeno,2,0.69,7.0,12.55,12.05,0,0.0,384.0,Pitcairn,140,7423
Olimarao,2,0.2,7.0,12.54,9.52,3,1.45,37.0,Chuuk,628,2065
Onotoa,7,15.62,87.0,53.45,115.36,6,10.58,64.0,Nauru,968,3528
Ontong_Java,122,12.0,1283.0,218.05,1389.4,42,20.34,74.0,Santa_Isabel,265,1862
Oroluk,1,0.13,427.0,100.19,457.77,16,8.23,123.0,Pohnpei,318,2464
Orona,35,3.9,29.0,26.52,40.49,0,0.0,101.0,Samoa,986,4386
Pakin,23,1.09,15.0,22.05,24.56,0,0.0,29.0,Pohnpei,37,2594
Palmerston,12,2.6,40.0,31.97,55.29,0,0.0,460.0,Rarotonga,494,4541
Palmyra,20,11.9,61.0,24.16,20.62,0,0.0,227.0,Hawaii,1599,6002
Paraoa,10,4.0,17.0,18.43,23.29,0,0.0,57.0,Mangareva,737,6690
Pearl_and_Hermes,7,0.32,343.0,79.04,395.55,1,12.41,149.0,Kauai,1742,4401
Peremul_Par,3,0.02,57.0,39.42,76.52,0,0.0,29.0,Sri_Lanka,886,353
Peros_Banhos,32,9.6,463.0,95.53,500.8,14,17.51,37.0,Sri_Lanka,1557,1604
Pikelot,1,0.1,0.8,11.34,4.96,0,0.0,101.0,Chuuk,440,2154
Pinaki,1,1.3,0.79,6.68,3.45,0,0.0,55.0,Mangareva,560,6874
Pingelap,3,1.8,2.0,12.14,6.93,0,0.0,115.0,Pohnpei,264,2746
Pinipel,3,6.61,14.0,24.85,24.81,1,0.27,2.4,New_Ireland,111,1452
Platte,1,0.52,119.91,57.37,202.61,1,43.9,188.0,Mahe,115,1385
Providence,4,3.52,223.0,102.94,418.66,0,0.0,60.0,Madagascar,345,1150
Pukapuka,10,3.0,10.0,24.55,21.17,0,0.0,87.0,Samoa,632,4617
Puka-Puka,21,5.0,4.0,17.64,19.17,0,0.0,186.0,Fatu_Iva,470,7067
Pukarua,43,7.0,32.0,34.51,50.27,0,0.0,61.0,Mangareva,569,7081
Pulap,5,0.99,35.0,31.12,41.63,3,17.47,34.0,Chuuk,235,2157
Pulusuk,1,2.84,0.16,8.23,3.73,0,0.0,73.0,Chuuk,259,2064
Puluwat,5,3.4,2.0,11.31,6.94,1,0.23,33.0,Chuuk,259,2126
Qelelevu,3,1.96,159.0,61.96,177.91,5,3.43,35.0,Vanua_Levu,73,3055
Rakahanga,13,4.0,5.0,13.12,10.61,0,0.0,40.0,Samoa,1131,5121
Rangiroa,415,79.0,1615.0,202.28,1755.75,2,0.69,13.0,Tahiti,323,6193
Raraka,118,14.0,366.0,73.75,398.96,1,0.33,30.0,Tahiti,483,6410
Raroia,184,41.0,365.0,92.2,413.63,1,0.55,28.0,Tahiti,752,6659
Rasdhoo,4,0.56,48.0,27.86,59.89,5,1.72,13.0,Sri_Lanka,811,635
Ravahere,30,7.0,53.0,48.68,71.65,0,0.0,11.0,Tahiti,739,6586
Rawaki,1,0.65,0.16,4.39,1.17,0,0.0,90.0,Samoa,1089,4640
Reao,108,9.0,45.0,48.23,71.48,0,0.0,65.0,Mangareva,526,7135
Redlick,6,0.22,36.0,29.86,43.34,0,0.0,1.0,Misima,24,904
Reitoru,6,1.39,10.0,14.14,13.7,0,0.0,51.0,Tahiti,640,6514
Rekareka,3,3.31,1.0,8.76,5.09,0,0.0,71.0,Tahiti,772,6672
Rongelap,61,21.0,1016.0,158.44,1094.14,9,12.41,27.0,Kosrae,778,3626
Rongerik,22,1.68,164.0,58.41,183.95,4,10.2,42.0,Kosrae,821,3682
Rose,2,0.05,4.0,10.18,6.56,1,0.11,553.0,Luma,140,4217
Rowa,15,2.0,15.0,24.0,24.59,0,0.0,682.0,Vanua_Lava,12,2028
Saloman,11,3.56,25.0,25.19,35.07,1,1.41,29.0,Sri_Lanka,1534,1590
Sama,4,0.73,3.0,11.23,7.31,0,0.0,9.0,Manus,282,1042
Samasuma,4,2.55,6.0,14.12,11.35,0,0.0,8.0,Papua,224,1035
Sapwuahfik,10,1.5,96.0,53.03,119.96,1,0.14,124.0,Pohnpei,144,2451
Satawan,58,5.0,376.0,86.87,416.36,2,1.07,8.0,Chuuk,280,2172
Scilly,13,3.5,89.0,42.31,114.53,0,0.0,78.0,Maupiti,254,5452
Sikaiana,4,7.16,13.57,26.57,27.53,0,0.0,360.0,Malaita,198,2042
Sorol,9,0.93,10.0,26.73,17.62,0,0.0,196.0,Colonia,287,2097
South_Keeling,24,12.22,52.35,48.25,133.38,2,6.29,25.0,Christmas,957,1652
South_Maalhosmadulu,66,7.0,798.6,123.2,936.89,33,46.04,1.8,Sri_Lanka,762,543
South_Male,27,2.24,428.0,92.63,521.3,21,13.51,5.0,Sri_Lanka,759,607
South_Nilandhe,56,2.6,657.0,106.87,718.63,15,18.44,22.0,Sri_Lanka,872,760
South_Tubbataha,1,0.01,5.9,21.22,17.179,0,0.0,7.6,Palawan,151,1204
St_Francois,2,0.5,34.0,31.91,54.32,2,5.69,8.0,Mahe,398,1321
St_Joseph,13,1.21,10.0,17.92,22.6,0,0.0,185.0,Mahe,249,1191
Starbuck,1,16.2,0.0,24.96,28.21,0,0.0,207.0,Bora_Bora,1276,5853
Suheli_Par,2,0.89,52.0,40.35,84.7,0,0.0,144.0,Sri_Lanka,837,404
Surprise,3,0.53,443.0,85.95,475.35,10,16.83,34.0,New_Caledonia,202,1298
Suwarrow,57,0.92,118.0,51.72,140.59,1,0.77,388.0,Luma,688,4791
Swains,1,2.43,1.0,8.19,5.0,0,0.0,178.0,Samoa,293,4099
Tabiteuea,50,38.0,487.0,158.12,600.8,6,22.13,68.0,Nauru,878,3532
Tabuaeran,22,33.73,106.0,50.49,148.47,1,0.19,143.0,Hawaii,1712,6093
Taenga,55,20.0,172.0,63.42,197.79,1,0.09,42.0,Tahiti,657,6574
Tahanea,86,9.5,552.0,113.68,630.84,3,1.03,39.0,Tahiti,473,6390
Taiaro,15,16.0,12.0,15.52,17.14,0,0.0,51.0,Tahiti,528,6456
Taka,6,0.57,111.0,51.57,134.38,1,0.14,7.0,Kosrae,967,3852
Takapoto,43,15.0,81.0,47.68,102.43,0,0.0,10.0,Tahiti,547,6455
Takaroa,69,20.0,90.0,59.11,116.73,1,0.07,23.0,Tahiti,579,6482
Takume,71,5.0,45.0,46.39,69.4,0,0.0,20.0,Tahiti,769,6691
Takuu,13,1.11,109.0,41.46,127.17,3,0.45,166.0,Bougainville,219,1703
Tarawa,29,31.02,398.0,108.17,503.44,1,21.56,8.0,Nauru,703,3543
Tatakoto,56,7.3,20.0,30.72,39.75,0,0.0,173.0,Mangareva,734,6990
Tauere,7,3.9,10.0,15.18,17.26,0,0.0,85.0,Tahiti,809,6687
Tekokota,4,0.9,5.0,10.11,6.88,1,1.31,25.0,Tahiti,696,6586
Temitangi,43,7.7,63.0,38.08,77.15,0,0.0,164.0,Mangareva,601,6589
Temoe,32,2.1,14.0,19.04,20.68,0,0.0,271.0,Mangareva,55,7116
Tenararo,8,1.6,2.0,8.66,5.68,0,0.0,8.0,Mangareva,266,6974
Tenaruga,15,2.3,6.0,12.8,11.57,0,0.0,9.0,Mangareva,251,6997
Tepoto,1,0.6,2.0,8.82,5.94,1,0.02,16.0,Tahiti,526,6441
Teraina,1,14.2,3.0,16.69,15.94,0,0.0,139.0,Hawaii,1655,6046
Tetiaroa,12,6.45,20.0,25.29,33.76,0,0.0,132.0,Tahiti,54,5921
Thiladhunmathi,153,62.19,3372.0,379.36,3795.52,71,194.34,6.4,Sri_Lanka,727,425
Thoddoo,1,1.57,0.0,7.0,3.76,0,0.0,11.0,Sri_Lanka,809,622
Tikehau,175,20.0,398.0,79.31,450.95,1,0.24,13.0,Tahiti,306,6157
Tilianu,4,0.34,1.18,5.39,1.81,0,0.0,1.0,Rambutyo,18,1083
Toau,70,12.0,596.0,100.8,653.57,3,1.49,33.0,Tahiti,389,6311
Tongareva,18,9.84,201.0,63.16,224.05,3,1.41,358.0,Maupiti,1028,5442
Torlesse,11,1.84,2.77,18.46,11.58,0,0.0,28.0,Panaeati,15,873
Tuanake,33,6.0,27.0,23.27,37.91,1,0.05,12.0,Tahiti,536,6454
Tupai,5,10.24,12.0,24.07,29.57,0,0.0,197.0,Bora_Bora,23,5736
Tureia,27,8.0,60.0,34.58,73.28,0,0.0,61.0,Mangareva,444,6829
Ujae,15,1.86,218.0,92.86,248.93,3,5.18,49.0,Kosrae,499,3367
Ujelang,30,1.86,75.0,53.43,96.74,3,0.91,218.0,Pohnpei,424,3054
Ulithi,5,4.5,302.22,108.67,360.94,14,23.83,11.0,Colonia,156,2300
Utirik,8,2.4,78.0,47.01,98.0,0,0.0,7.0,Kosrae,984,3873
Vahanga,16,3.8,6.0,11.77,10.79,0,0.0,8.0,Mangareva,260,6989
Vahitahi,16,2.5,9.0,18.99,18.62,0,0.0,73.0,Mangareva,622,6888
Vairaatea,6,3.0,14.0,18.15,21.12,0,0.0,56.0,Mangareva,603,6823
Vaitupu,7,5.6,0.76,13.42,9.95,0,0.0,57.0,Rotuma,580,3386
Vanavana,6,5.0,3.0,9.41,6.69,0,0.0,58.0,Mangareva,498,6771
Vattaru,1,0.01,34.26,24.83,45.4,1,0.15,5.0,Sri_Lanka,802,687
Wailagilala,1,0.3,13.0,18.6,20.93,1,0.28,35.0,Vanua_Levu,114,3037
Wake,3,7.38,10.0,20.41,22.09,0,0.0,858.0,Pohnpei,1631,3966
West_Fayu,1,0.6,7.0,17.06,10.8,1,1.26,74.0,Chuuk,539,2125
Willis,3,0.29,519.0,128.51,706.4,4,106.61,40.0,Sudest,641,432
Woleai,19,4.5,34.0,31.82,43.25,6,8.44,60.0,Chuuk,845,2002
Wotho,16,4.33,100.0,54.9,120.99,7,10.03,110.0,Kosrae,616,3476
Wotje,75,8.18,717.0,126.23,774.32,4,5.48,23.0,Kosrae,896,3774
Zohhoiiyoru,2,0.18,42.88,52.99,69.81,1,50.41,5.0,Colonia,192,2311
