atoll,group,family,species,presence
Addu,Squamata,Colubridae,Lycodon_capucinus,1
Kavaratti,Squamata,Colubridae,Lycodon_travancoricus,1
Murilo,Squamata,Gekkonidae,Gehyra_insulensis,1
Namoluk,Squamata,Gekkonidae,Gehyra_insulensis,1
Sapwuahfik,Squamata,Gekkonidae,Gehyra_insulensis,1
Aldabra,Squamata,Gekkonidae,Gehyra_mutilata,1
Ant,Squamata,Gekkonidae,Gehyra_mutilata,1
Arno,Squamata,Gekkonidae,Gehyra_mutilata,1
Clipperton,Squamata,Gekkonidae,Gehyra_mutilata,1
Farquhar,Squamata,Gekkonidae,Gehyra_mutilata,1
Glorioso,Squamata,Gekkonidae,Gehyra_mutilata,1
Kapingamarangi,Squamata,Gekkonidae,Gehyra_mutilata,1
Kiritimati,Squamata,Gekkonidae,Gehyra_mutilata,1
Kure,Squamata,Gekkonidae,Gehyra_mutilata,1
Manihiki,Squamata,Gekkonidae,Gehyra_mutilata,1
Maupihaa,Squamata,Gekkonidae,Gehyra_mutilata,1
Mokil,Squamata,Gekkonidae,Gehyra_mutilata,1
Ngcheangel,Squamata,Gekkonidae,Gehyra_mutilata,1
Niau,Squamata,Gekkonidae,Gehyra_mutilata,1
Rangiroa,Squamata,Gekkonidae,Gehyra_mutilata,1
South_Keeling,Squamata,Gekkonidae,Gehyra_mutilata,1
Swains,Squamata,Gekkonidae,Gehyra_mutilata,1
Takapoto,Squamata,Gekkonidae,Gehyra_mutilata,1
Tikehau,Squamata,Gekkonidae,Gehyra_mutilata,1
Wake,Squamata,Gekkonidae,Gehyra_mutilata,1
Ailinginae,Squamata,Gekkonidae,Gehyra_oceanica,1
Anaa,Squamata,Gekkonidae,Gehyra_oceanica,1
Ant,Squamata,Gekkonidae,Gehyra_oceanica,1
Aratika,Squamata,Gekkonidae,Gehyra_oceanica,1
Arno,Squamata,Gekkonidae,Gehyra_oceanica,1
Bikini,Squamata,Gekkonidae,Gehyra_oceanica,1
Caroline,Squamata,Gekkonidae,Gehyra_oceanica,1
Eniwetok,Squamata,Gekkonidae,Gehyra_oceanica,1
Etal,Squamata,Gekkonidae,Gehyra_oceanica,1
Funafuti,Squamata,Gekkonidae,Gehyra_oceanica,1
Haraiki,Squamata,Gekkonidae,Gehyra_oceanica,1
Jaluit,Squamata,Gekkonidae,Gehyra_oceanica,1
Kapingamarangi,Squamata,Gekkonidae,Gehyra_oceanica,1
Lukunor,Squamata,Gekkonidae,Gehyra_oceanica,1
Manihiki,Squamata,Gekkonidae,Gehyra_oceanica,1
Maupihaa,Squamata,Gekkonidae,Gehyra_oceanica,1
McKean,Squamata,Gekkonidae,Gehyra_oceanica,1
Mokil,Squamata,Gekkonidae,Gehyra_oceanica,1
Moruroa,Squamata,Gekkonidae,Gehyra_oceanica,1
Murilo,Squamata,Gekkonidae,Gehyra_oceanica,1
Namoluk,Squamata,Gekkonidae,Gehyra_oceanica,1
Ngcheangel,Squamata,Gekkonidae,Gehyra_oceanica,1
Niau,Squamata,Gekkonidae,Gehyra_oceanica,1
Nikumaroro,Squamata,Gekkonidae,Gehyra_oceanica,1
Nomwin,Squamata,Gekkonidae,Gehyra_oceanica,1
Nukunonu,Squamata,Gekkonidae,Gehyra_oceanica,1
Nukutepipi,Squamata,Gekkonidae,Gehyra_oceanica,1
Nupani,Squamata,Gekkonidae,Gehyra_oceanica,1
Onotoa,Squamata,Gekkonidae,Gehyra_oceanica,1
Oroluk,Squamata,Gekkonidae,Gehyra_oceanica,1
Orona,Squamata,Gekkonidae,Gehyra_oceanica,1
Pakin,Squamata,Gekkonidae,Gehyra_oceanica,1
Pingelap,Squamata,Gekkonidae,Gehyra_oceanica,1
Rangiroa,Squamata,Gekkonidae,Gehyra_oceanica,1
Raroia,Squamata,Gekkonidae,Gehyra_oceanica,1
Reitoru,Squamata,Gekkonidae,Gehyra_oceanica,1
Rose,Squamata,Gekkonidae,Gehyra_oceanica,1
Sapwuahfik,Squamata,Gekkonidae,Gehyra_oceanica,1
Satawan,Squamata,Gekkonidae,Gehyra_oceanica,1
Scilly,Squamata,Gekkonidae,Gehyra_oceanica,1
Sorol,Squamata,Gekkonidae,Gehyra_oceanica,1
Suwarrow,Squamata,Gekkonidae,Gehyra_oceanica,1
Swains,Squamata,Gekkonidae,Gehyra_oceanica,1
Tabuarean,Squamata,Gekkonidae,Gehyra_oceanica,1
Taka,Squamata,Gekkonidae,Gehyra_oceanica,1
Takapoto,Squamata,Gekkonidae,Gehyra_oceanica,1
Tekokota,Squamata,Gekkonidae,Gehyra_oceanica,1
Tenararo,Squamata,Gekkonidae,Gehyra_oceanica,1
Tetiaroa,Squamata,Gekkonidae,Gehyra_oceanica,1
Tikehau,Squamata,Gekkonidae,Gehyra_oceanica,1
Tongareva,Squamata,Gekkonidae,Gehyra_oceanica,1
Tupai,Squamata,Gekkonidae,Gehyra_oceanica,1
Kavaratti,Squamata,Gekkonidae,Gekko_smithii,1
Abariringa,Squamata,Gekkonidae,Hemidactylus_frenatus,1
Addu,Squamata,Gekkonidae,Hemidactylus_frenatus,1
Arno,Squamata,Gekkonidae,Hemidactylus_frenatus,1
Ashmore,Squamata,Gekkonidae,Hemidactylus_frenatus,1
Atafu,Squamata,Gekkonidae,Hemidactylus_frenatus,1
Bikini,Squamata,Gekkonidae,Hemidactylus_frenatus,1
Bokaak,Squamata,Gekkonidae,Hemidactylus_frenatus,1
Diego_Garcia,Squamata,Gekkonidae,Hemidactylus_frenatus,1
Eniwetok,Squamata,Gekkonidae,Hemidactylus_frenatus,1
Etal,Squamata,Gekkonidae,Hemidactylus_frenatus,1
Fakaofo,Squamata,Gekkonidae,Hemidactylus_frenatus,1
Glorioso,Squamata,Gekkonidae,Hemidactylus_frenatus,1
Johnston,Squamata,Gekkonidae,Hemidactylus_frenatus,1
Kavaratti,Squamata,Gekkonidae,Hemidactylus_frenatus,1
Kure,Squamata,Gekkonidae,Hemidactylus_frenatus,1
Losap,Squamata,Gekkonidae,Hemidactylus_frenatus,1
Lukunor,Squamata,Gekkonidae,Hemidactylus_frenatus,1
Midway,Squamata,Gekkonidae,Hemidactylus_frenatus,1
Murilo,Squamata,Gekkonidae,Hemidactylus_frenatus,1
Niau,Squamata,Gekkonidae,Hemidactylus_frenatus,1
Nomwin,Squamata,Gekkonidae,Hemidactylus_frenatus,1
Nukunonu,Squamata,Gekkonidae,Hemidactylus_frenatus,1
Palmyra,Squamata,Gekkonidae,Hemidactylus_frenatus,1
Rongelap,Squamata,Gekkonidae,Hemidactylus_frenatus,1
Satawan,Squamata,Gekkonidae,Hemidactylus_frenatus,1
South_Keeling,Squamata,Gekkonidae,Hemidactylus_frenatus,1
St_Joseph,Squamata,Gekkonidae,Hemidactylus_frenatus,1
Utirik,Squamata,Gekkonidae,Hemidactylus_frenatus,1
Johnston,Squamata,Gekkonidae,Hemidactylus_garnotii,1
Laysan,Squamata,Gekkonidae,Hemidactylus_garnotii,1
Europa,Squamata,Gekkonidae,Hemidactylus_mabouia,1
Aldabra,Squamata,Gekkonidae,Hemidactylus_mercatorius,1
Astove,Squamata,Gekkonidae,Hemidactylus_mercatorius,1
Cosmoledo,Squamata,Gekkonidae,Hemidactylus_mercatorius,1
Farquhar,Squamata,Gekkonidae,Hemidactylus_mercatorius,1
Glorioso,Squamata,Gekkonidae,Hemidactylus_mercatorius,1
Addu,Squamata,Gekkonidae,Hemidactylus_parvimaculatus,1
Glorioso,Squamata,Gekkonidae,Hemidactylus_platycephalus,1
Abariringa,Squamata,Gekkonidae,Lepidodactylus_lugubris,1
Ailinginae,Squamata,Gekkonidae,Lepidodactylus_lugubris,1
Anaa,Squamata,Gekkonidae,Lepidodactylus_lugubris,1
Ant,Squamata,Gekkonidae,Lepidodactylus_lugubris,1
Aratika,Squamata,Gekkonidae,Lepidodactylus_lugubris,1
Arno,Squamata,Gekkonidae,Lepidodactylus_lugubris,1
Atafu,Squamata,Gekkonidae,Lepidodactylus_lugubris,1
Bikar,Squamata,Gekkonidae,Lepidodactylus_lugubris,1
Bikini,Squamata,Gekkonidae,Lepidodactylus_lugubris,1
Caroline,Squamata,Gekkonidae,Lepidodactylus_lugubris,1
Diego_Garcia,Squamata,Gekkonidae,Lepidodactylus_lugubris,1
Ducie,Squamata,Gekkonidae,Lepidodactylus_lugubris,1
Enderbury,Squamata,Gekkonidae,Lepidodactylus_lugubris,1
Eniwetok,Squamata,Gekkonidae,Lepidodactylus_lugubris,1
Etal,Squamata,Gekkonidae,Lepidodactylus_lugubris,1
French_Frigate_Shoals,Squamata,Gekkonidae,Lepidodactylus_lugubris,1
Jaluit,Squamata,Gekkonidae,Lepidodactylus_lugubris,1
Johnston,Squamata,Gekkonidae,Lepidodactylus_lugubris,1
Kapingamarangi,Squamata,Gekkonidae,Lepidodactylus_lugubris,1
Kiritimati,Squamata,Gekkonidae,Lepidodactylus_lugubris,1
Losap,Squamata,Gekkonidae,Lepidodactylus_lugubris,1
Lukunor,Squamata,Gekkonidae,Lepidodactylus_lugubris,1
Malden,Squamata,Gekkonidae,Lepidodactylus_lugubris,1
Manihiki,Squamata,Gekkonidae,Lepidodactylus_lugubris,1
Maria,Squamata,Gekkonidae,Lepidodactylus_lugubris,1
Maupihaa,Squamata,Gekkonidae,Lepidodactylus_lugubris,1
McKean,Squamata,Gekkonidae,Lepidodactylus_lugubris,1
Mokil,Squamata,Gekkonidae,Lepidodactylus_lugubris,1
Moruroa,Squamata,Gekkonidae,Lepidodactylus_lugubris,1
Murilo,Squamata,Gekkonidae,Lepidodactylus_lugubris,1
Namoluk,Squamata,Gekkonidae,Lepidodactylus_lugubris,1
Niau,Squamata,Gekkonidae,Lepidodactylus_lugubris,1
Nikumaroro,Squamata,Gekkonidae,Lepidodactylus_lugubris,1
Nomwin,Squamata,Gekkonidae,Lepidodactylus_lugubris,1
Nukunonu,Squamata,Gekkonidae,Lepidodactylus_lugubris,1
Nukutepipi,Squamata,Gekkonidae,Lepidodactylus_lugubris,1
Oeno,Squamata,Gekkonidae,Lepidodactylus_lugubris,1
Onotoa,Squamata,Gekkonidae,Lepidodactylus_lugubris,1
Oroluk,Squamata,Gekkonidae,Lepidodactylus_lugubris,1
Pakin,Squamata,Gekkonidae,Lepidodactylus_lugubris,1
Palmyra,Squamata,Gekkonidae,Lepidodactylus_lugubris,1
Pingelap,Squamata,Gekkonidae,Lepidodactylus_lugubris,1
Rangiroa,Squamata,Gekkonidae,Lepidodactylus_lugubris,1
Raroia,Squamata,Gekkonidae,Lepidodactylus_lugubris,1
Reitoru,Squamata,Gekkonidae,Lepidodactylus_lugubris,1
Rongelap,Squamata,Gekkonidae,Lepidodactylus_lugubris,1
Rose,Squamata,Gekkonidae,Lepidodactylus_lugubris,1
Sapwuahfik,Squamata,Gekkonidae,Lepidodactylus_lugubris,1
Satawan,Squamata,Gekkonidae,Lepidodactylus_lugubris,1
Scilly,Squamata,Gekkonidae,Lepidodactylus_lugubris,1
Sorol,Squamata,Gekkonidae,Lepidodactylus_lugubris,1
South_Keeling,Squamata,Gekkonidae,Lepidodactylus_lugubris,1
Surprise,Squamata,Gekkonidae,Lepidodactylus_lugubris,1
Swains,Squamata,Gekkonidae,Lepidodactylus_lugubris,1
Tabuarean,Squamata,Gekkonidae,Lepidodactylus_lugubris,1
Taka,Squamata,Gekkonidae,Lepidodactylus_lugubris,1
Takapoto,Squamata,Gekkonidae,Lepidodactylus_lugubris,1
Tetiaroa,Squamata,Gekkonidae,Lepidodactylus_lugubris,1
Tikehau,Squamata,Gekkonidae,Lepidodactylus_lugubris,1
Tongareva,Squamata,Gekkonidae,Lepidodactylus_lugubris,1
Tupai,Squamata,Gekkonidae,Lepidodactylus_lugubris,1
Utirik,Squamata,Gekkonidae,Lepidodactylus_lugubris,1
Wake,Squamata,Gekkonidae,Lepidodactylus_lugubris,1
Arno,Squamata,Gekkonidae,Lepidodactylus_moestus,1
Eniwetok,Squamata,Gekkonidae,Lepidodactylus_moestus,1
Ngcheangel,Squamata,Gekkonidae,Lepidodactylus_moestus,1
Pakin,Squamata,Gekkonidae,Lepidodactylus_moestus,1
Sorol,Squamata,Gekkonidae,Lepidodactylus_moestus,1
Namoluk,Squamata,Gekkonidae,Lepidodactylus_oligoporus,1
Funafuti,Squamata,Gekkonidae,Lepidodactylus_tepukapili,1
Murilo,Squamata,Gekkonidae,Lepidodactylus_sp,1
Sorol,Squamata,Gekkonidae,Lepidodactylus_sp,1
Europa,Squamata,Gekkonidae,Lygodactylus_verticillatus,1
Ant,Squamata,Gekkonidae,Nactus_pelagicus,1
Arno,Squamata,Gekkonidae,Nactus_pelagicus,1
Etal,Squamata,Gekkonidae,Nactus_pelagicus,1
Funafuti,Squamata,Gekkonidae,Nactus_pelagicus,1
Lukunor,Squamata,Gekkonidae,Nactus_pelagicus,1
Mokil,Squamata,Gekkonidae,Nactus_pelagicus,1
Namoluk,Squamata,Gekkonidae,Nactus_pelagicus,1
Oroluk,Squamata,Gekkonidae,Nactus_pelagicus,1
Pakin,Squamata,Gekkonidae,Nactus_pelagicus,1
Pingelap,Squamata,Gekkonidae,Nactus_pelagicus,1
Rose,Squamata,Gekkonidae,Nactus_pelagicus,1
Sapwuahfik,Squamata,Gekkonidae,Nactus_pelagicus,1
Satawan,Squamata,Gekkonidae,Nactus_pelagicus,1
Surprise,Squamata,Gekkonidae,Nactus_pelagicus,1
Ant,Squamata,Gekkonidae,Perochirus_ateles,1
Arno,Squamata,Gekkonidae,Perochirus_ateles,1
Etal,Squamata,Gekkonidae,Perochirus_ateles,1
Kapingamarangi,Squamata,Gekkonidae,Perochirus_ateles,1
Losap,Squamata,Gekkonidae,Perochirus_ateles,1
Lukunor,Squamata,Gekkonidae,Perochirus_ateles,1
Mokil,Squamata,Gekkonidae,Perochirus_ateles,1
Murilo,Squamata,Gekkonidae,Perochirus_ateles,1
Namoluk,Squamata,Gekkonidae,Perochirus_ateles,1
Nomwin,Squamata,Gekkonidae,Perochirus_ateles,1
Oroluk,Squamata,Gekkonidae,Perochirus_ateles,1
Pakin,Squamata,Gekkonidae,Perochirus_ateles,1
Sapwuahfik,Squamata,Gekkonidae,Perochirus_ateles,1
Satawan,Squamata,Gekkonidae,Perochirus_ateles,1
Kapingamarangi,Squamata,Gekkonidae,Perochirus_scutellatus,1
Pingelap,Squamata,Gekkonidae,Perochirus_scutellatus,1
Ulithi,Squamata,Gekkonidae,Perochirus_scutellatus,1
Namoluk,Squamata,Gekkonidae,Perochirus_sp,1
Aldabra,Squamata,Gekkonidae,Phelsuma_abbotti,1
Cosmoledo,Squamata,Gekkonidae,Phelsuma_abbotti,1
Astove,Squamata,Gekkonidae,Phelsuma_astriata,1
St_Joseph,Squamata,Gekkonidae,Phelsuma_astriata,1
Farquhar,Squamata,Gekkonidae,Phelsuma_laticauda,1
Cosmoledo,Squamata,Gerrhosauridae,Zonosaurus_madagascariensis,1
Glorioso,Squamata,Gerrhosauridae,Zonosaurus_madagascariensis,1
Kavaratti,Squamata,Agamidae,Calotes_calotes,1
Kavaratti,Squamata,Agamidae,Calotes_liocephalus,1
Addu,Squamata,Agamidae,Calotes_versicolor,1
Diego_Garcia,Squamata,Agamidae,Calotes_versicolor,1
Kavaratti,Squamata,Agamidae,Calotes_versicolor,1
Etal,Squamata,Varanidae,Varanus_indicus,1
Lukunor,Squamata,Varanidae,Varanus_indicus,1
Mokil,Squamata,Varanidae,Varanus_indicus,1
Ngcheangel,Squamata,Varanidae,Varanus_indicus,1
Pakin,Squamata,Varanidae,Varanus_indicus,1
Satawan,Squamata,Varanidae,Varanus_indicus,1
Sorol,Squamata,Varanidae,Varanus_indicus,1
Eniwetok,Squamata,Varanidae,Varanus_tsukamotoi,1
Surprise,Squamata,Scincidae,Caledoniscincus_austrocaledonicus,1
Surprise,Squamata,Scincidae,Caledoniscincus_haplorhinus,1
Aldabra,Squamata,Scincidae,Cryptoblepharus_aldabrae,1
Astove,Squamata,Scincidae,Cryptoblepharus_aldabrae,1
Cosmoledo,Squamata,Scincidae,Cryptoblepharus_aldabrae,1
Farquhar,Squamata,Scincidae,Cryptoblepharus_aldabrae,1
Europa,Squamata,Scincidae,Cryptoblepharus_bitaeniatus,1
Funafuti,Squamata,Scincidae,Cryptoblepharus_eximius,1
Niutao,Squamata,Scincidae,Cryptoblepharus_eximius,1
Nukulaelae,Squamata,Scincidae,Cryptoblepharus_eximius,1
Vaitupu,Squamata,Scincidae,Cryptoblepharus_eximius,1
Glorioso,Squamata,Scincidae,Cryptoblepharus_gloriosus,1
Abariringa,Squamata,Scincidae,Cryptoblepharus_poecilopleurus,1
Anaa,Squamata,Scincidae,Cryptoblepharus_poecilopleurus,1
Aratika,Squamata,Scincidae,Cryptoblepharus_poecilopleurus,1
Atafu,Squamata,Scincidae,Cryptoblepharus_poecilopleurus,1
Bokaak,Squamata,Scincidae,Cryptoblepharus_poecilopleurus,1
Caroline,Squamata,Scincidae,Cryptoblepharus_poecilopleurus,1
Enderbury,Squamata,Scincidae,Cryptoblepharus_poecilopleurus,1
Fakaofo,Squamata,Scincidae,Cryptoblepharus_poecilopleurus,1
Johnston,Squamata,Scincidae,Cryptoblepharus_poecilopleurus,1
Kiritimati,Squamata,Scincidae,Cryptoblepharus_poecilopleurus,1
Laysan,Squamata,Scincidae,Cryptoblepharus_poecilopleurus,1
Malden,Squamata,Scincidae,Cryptoblepharus_poecilopleurus,1
Manihiki,Squamata,Scincidae,Cryptoblepharus_poecilopleurus,1
Maupihaa,Squamata,Scincidae,Cryptoblepharus_poecilopleurus,1
Moruroa,Squamata,Scincidae,Cryptoblepharus_poecilopleurus,1
Niau,Squamata,Scincidae,Cryptoblepharus_poecilopleurus,1
Nikumaroro,Squamata,Scincidae,Cryptoblepharus_poecilopleurus,1
Nukunonu,Squamata,Scincidae,Cryptoblepharus_poecilopleurus,1
Nukutepipi,Squamata,Scincidae,Cryptoblepharus_poecilopleurus,1
Nupani,Squamata,Scincidae,Cryptoblepharus_poecilopleurus,1
Orona,Squamata,Scincidae,Cryptoblepharus_poecilopleurus,1
Rangiroa,Squamata,Scincidae,Cryptoblepharus_poecilopleurus,1
Raroia,Squamata,Scincidae,Cryptoblepharus_poecilopleurus,1
Scilly,Squamata,Scincidae,Cryptoblepharus_poecilopleurus,1
Suwarrow,Squamata,Scincidae,Cryptoblepharus_poecilopleurus,1
Swains,Squamata,Scincidae,Cryptoblepharus_poecilopleurus,1
Takapoto,Squamata,Scincidae,Cryptoblepharus_poecilopleurus,1
Tekokota,Squamata,Scincidae,Cryptoblepharus_poecilopleurus,1
Tetiaroa,Squamata,Scincidae,Cryptoblepharus_poecilopleurus,1
Tikehau,Squamata,Scincidae,Cryptoblepharus_poecilopleurus,1
Tongareva,Squamata,Scincidae,Cryptoblepharus_poecilopleurus,1
Tupai,Squamata,Scincidae,Cryptoblepharus_poecilopleurus,1
Wake,Squamata,Scincidae,Cryptoblepharus_poecilopleurus,1
Funafuti,Squamata,Scincidae,Emoia_adspersa,1
Nukunonu,Squamata,Scincidae,Emoia_adspersa,1
Swains,Squamata,Scincidae,Emoia_adspersa,1
Arno,Squamata,Scincidae,Emoia_arnoensis,1
Jaluit,Squamata,Scincidae,Emoia_arnoensis,1
Sorol,Squamata,Scincidae,Emoia_atrocostata,1
Ant,Squamata,Scincidae,Emoia_boettgeri,1
Arno,Squamata,Scincidae,Emoia_boettgeri,1
Etal,Squamata,Scincidae,Emoia_boettgeri,1
Jaluit,Squamata,Scincidae,Emoia_boettgeri,1
Losap,Squamata,Scincidae,Emoia_boettgeri,1
Lukunor,Squamata,Scincidae,Emoia_boettgeri,1
Mokil,Squamata,Scincidae,Emoia_boettgeri,1
Murilo,Squamata,Scincidae,Emoia_boettgeri,1
Namoluk,Squamata,Scincidae,Emoia_boettgeri,1
Nomwin,Squamata,Scincidae,Emoia_boettgeri,1
Oroluk,Squamata,Scincidae,Emoia_boettgeri,1
Pakin,Squamata,Scincidae,Emoia_boettgeri,1
Pingelap,Squamata,Scincidae,Emoia_boettgeri,1
Sapwuahfik,Squamata,Scincidae,Emoia_boettgeri,1
Satawan,Squamata,Scincidae,Emoia_boettgeri,1
Sorol,Squamata,Scincidae,Emoia_boettgeri,1
Ant,Squamata,Scincidae,Emoia_caeruleocauda,1
Arno,Squamata,Scincidae,Emoia_caeruleocauda,1
Eniwetok,Squamata,Scincidae,Emoia_caeruleocauda,1
Etal,Squamata,Scincidae,Emoia_caeruleocauda,1
Kapingamarangi,Squamata,Scincidae,Emoia_caeruleocauda,1
Losap,Squamata,Scincidae,Emoia_caeruleocauda,1
Lukunor,Squamata,Scincidae,Emoia_caeruleocauda,1
Murilo,Squamata,Scincidae,Emoia_caeruleocauda,1
Namoluk,Squamata,Scincidae,Emoia_caeruleocauda,1
Ngcheangel,Squamata,Scincidae,Emoia_caeruleocauda,1
Nomwin,Squamata,Scincidae,Emoia_caeruleocauda,1
Satawan,Squamata,Scincidae,Emoia_caeruleocauda,1
Sorol,Squamata,Scincidae,Emoia_caeruleocauda,1
Ailinginae,Squamata,Scincidae,Emoia_cyanura,1
Anaa,Squamata,Scincidae,Emoia_cyanura,1
Aratika,Squamata,Scincidae,Emoia_cyanura,1
Arno,Squamata,Scincidae,Emoia_cyanura,1
Atafu,Squamata,Scincidae,Emoia_cyanura,1
Bikar,Squamata,Scincidae,Emoia_cyanura,1
Bikini,Squamata,Scincidae,Emoia_cyanura,1
Caroline,Squamata,Scincidae,Emoia_cyanura,1
Clipperton,Squamata,Scincidae,Emoia_cyanura,1
Ducie,Squamata,Scincidae,Emoia_cyanura,1
Eniwetok,Squamata,Scincidae,Emoia_cyanura,1
Fakaofo,Squamata,Scincidae,Emoia_cyanura,1
Funafuti,Squamata,Scincidae,Emoia_cyanura,1
Haraiki,Squamata,Scincidae,Emoia_cyanura,1
Jaluit,Squamata,Scincidae,Emoia_cyanura,1
Kapingamarangi,Squamata,Scincidae,Emoia_cyanura,1
Maria,Squamata,Scincidae,Emoia_cyanura,1
Matureivavao,Squamata,Scincidae,Emoia_cyanura,1
Maupihaa,Squamata,Scincidae,Emoia_cyanura,1
Mokil,Squamata,Scincidae,Emoia_cyanura,1
Moruroa,Squamata,Scincidae,Emoia_cyanura,1
Namoluk,Squamata,Scincidae,Emoia_cyanura,1
Niau,Squamata,Scincidae,Emoia_cyanura,1
Nikumaroro,Squamata,Scincidae,Emoia_cyanura,1
Niutao,Squamata,Scincidae,Emoia_cyanura,1
Nukulaelae,Squamata,Scincidae,Emoia_cyanura,1
Nukunonu,Squamata,Scincidae,Emoia_cyanura,1
Nukutepipi,Squamata,Scincidae,Emoia_cyanura,1
Oeno,Squamata,Scincidae,Emoia_cyanura,1
Onotoa,Squamata,Scincidae,Emoia_cyanura,1
Orona,Squamata,Scincidae,Emoia_cyanura,1
Pakin,Squamata,Scincidae,Emoia_cyanura,1
Pingelap,Squamata,Scincidae,Emoia_cyanura,1
Rangiroa,Squamata,Scincidae,Emoia_cyanura,1
Raroia,Squamata,Scincidae,Emoia_cyanura,1
Reitoru,Squamata,Scincidae,Emoia_cyanura,1
Rongelap,Squamata,Scincidae,Emoia_cyanura,1
Sapwuahfik,Squamata,Scincidae,Emoia_cyanura,1
Satawan,Squamata,Scincidae,Emoia_cyanura,1
Scilly,Squamata,Scincidae,Emoia_cyanura,1
Sorol,Squamata,Scincidae,Emoia_cyanura,1
Suwarrow,Squamata,Scincidae,Emoia_cyanura,1
Swains,Squamata,Scincidae,Emoia_cyanura,1
Taka,Squamata,Scincidae,Emoia_cyanura,1
Takapoto,Squamata,Scincidae,Emoia_cyanura,1
Tekokota,Squamata,Scincidae,Emoia_cyanura,1
Tetiaroa,Squamata,Scincidae,Emoia_cyanura,1
Tikehau,Squamata,Scincidae,Emoia_cyanura,1
Tongareva,Squamata,Scincidae,Emoia_cyanura,1
Tupai,Squamata,Scincidae,Emoia_cyanura,1
Utirik,Squamata,Scincidae,Emoia_cyanura,1
Vaitupu,Squamata,Scincidae,Emoia_cyanura,1
Wake,Squamata,Scincidae,Emoia_cyanura,1
Ailinginae,Squamata,Scincidae,Emoia_impar,1
Ant,Squamata,Scincidae,Emoia_impar,1
Arno,Squamata,Scincidae,Emoia_impar,1
Bikar,Squamata,Scincidae,Emoia_impar,1
Bikini,Squamata,Scincidae,Emoia_impar,1
Caroline,Squamata,Scincidae,Emoia_impar,1
Etal,Squamata,Scincidae,Emoia_impar,1
Funafuti,Squamata,Scincidae,Emoia_impar,1
Kapingamarangi,Squamata,Scincidae,Emoia_impar,1
Losap,Squamata,Scincidae,Emoia_impar,1
Mokil,Squamata,Scincidae,Emoia_impar,1
Namoluk,Squamata,Scincidae,Emoia_impar,1
Niau,Squamata,Scincidae,Emoia_impar,1
Niutao,Squamata,Scincidae,Emoia_impar,1
Nukulaelae,Squamata,Scincidae,Emoia_impar,1
Oroluk,Squamata,Scincidae,Emoia_impar,1
Pakin,Squamata,Scincidae,Emoia_impar,1
Pingelap,Squamata,Scincidae,Emoia_impar,1
Rongelap,Squamata,Scincidae,Emoia_impar,1
Sapwuahfik,Squamata,Scincidae,Emoia_impar,1
Satawan,Squamata,Scincidae,Emoia_impar,1
Sorol,Squamata,Scincidae,Emoia_impar,1
Taka,Squamata,Scincidae,Emoia_impar,1
Tetiaroa,Squamata,Scincidae,Emoia_impar,1
Utirik,Squamata,Scincidae,Emoia_impar,1
Vaitupu,Squamata,Scincidae,Emoia_impar,1
Ant,Squamata,Scincidae,Emoia_jakati,1
Etal,Squamata,Scincidae,Emoia_jakati,1
Helen,Squamata,Scincidae,Emoia_jakati,1
Losap,Squamata,Scincidae,Emoia_jakati,1
Lukunor,Squamata,Scincidae,Emoia_jakati,1
Mokil,Squamata,Scincidae,Emoia_jakati,1
Murilo,Squamata,Scincidae,Emoia_jakati,1
Namoluk,Squamata,Scincidae,Emoia_jakati,1
Ngcheangel,Squamata,Scincidae,Emoia_jakati,1
Nomwin,Squamata,Scincidae,Emoia_jakati,1
Pakin,Squamata,Scincidae,Emoia_jakati,1
Pingelap,Squamata,Scincidae,Emoia_jakati,1
Sapwuahfik,Squamata,Scincidae,Emoia_jakati,1
Satawan,Squamata,Scincidae,Emoia_jakati,1
Atafu,Squamata,Scincidae,Emoia_nigra,1
Nukunonu,Squamata,Scincidae,Emoia_nigra,1
Nupani,Squamata,Scincidae,Emoia_nigra,1
Swains,Squamata,Scincidae,Emoia_nigra,1
Ant,Squamata,Scincidae,Eugongylus_albofasciolatus,1
Arno,Squamata,Scincidae,Eugongylus_albofasciolatus,1
Etal,Squamata,Scincidae,Eugongylus_albofasciolatus,1
Losap,Squamata,Scincidae,Eugongylus_albofasciolatus,1
Mokil,Squamata,Scincidae,Eugongylus_albofasciolatus,1
Murilo,Squamata,Scincidae,Eugongylus_albofasciolatus,1
Namoluk,Squamata,Scincidae,Eugongylus_albofasciolatus,1
Nomwin,Squamata,Scincidae,Eugongylus_albofasciolatus,1
Oroluk,Squamata,Scincidae,Eugongylus_albofasciolatus,1
Pakin,Squamata,Scincidae,Eugongylus_albofasciolatus,1
Sapwuahfik,Squamata,Scincidae,Eugongylus_albofasciolatus,1
Satawan,Squamata,Scincidae,Eugongylus_albofasciolatus,1
Ngcheangel,Squamata,Scincidae,Eugongylus_sp,1
Kavaratti,Squamata,Scincidae,Eutropis_carinata,1
Ngcheangel,Squamata,Scincidae,Eutropis_palauensis,1
Ulithi,Squamata,Scincidae,Eutropis_palauensis,1
Ant,Squamata,Scincidae,Lamprolepis_smaragdina,1
Arno,Squamata,Scincidae,Lamprolepis_smaragdina,1
Etal,Squamata,Scincidae,Lamprolepis_smaragdina,1
Jaluit,Squamata,Scincidae,Lamprolepis_smaragdina,1
Losap,Squamata,Scincidae,Lamprolepis_smaragdina,1
Lukunor,Squamata,Scincidae,Lamprolepis_smaragdina,1
Mokil,Squamata,Scincidae,Lamprolepis_smaragdina,1
Murilo,Squamata,Scincidae,Lamprolepis_smaragdina,1
Namoluk,Squamata,Scincidae,Lamprolepis_smaragdina,1
Ngcheangel,Squamata,Scincidae,Lamprolepis_smaragdina,1
Nomwin,Squamata,Scincidae,Lamprolepis_smaragdina,1
Oroluk,Squamata,Scincidae,Lamprolepis_smaragdina,1
Pakin,Squamata,Scincidae,Lamprolepis_smaragdina,1
Pingelap,Squamata,Scincidae,Lamprolepis_smaragdina,1
Sapwuahfik,Squamata,Scincidae,Lamprolepis_smaragdina,1
Satawan,Squamata,Scincidae,Lamprolepis_smaragdina,1
Sorol,Squamata,Scincidae,Lamprolepis_smaragdina,1
Taka,Squamata,Scincidae,Lamprolepis_smaragdina,1
Utirik,Squamata,Scincidae,Lamprolepis_smaragdina,1
Anaa,Squamata,Scincidae,Ornithuroscincus_noctua,1
Aratika,Squamata,Scincidae,Ornithuroscincus_noctua,1
Arno,Squamata,Scincidae,Ornithuroscincus_noctua,1
Caroline,Squamata,Scincidae,Ornithuroscincus_noctua,1
Eniwetok,Squamata,Scincidae,Ornithuroscincus_noctua,1
Etal,Squamata,Scincidae,Ornithuroscincus_noctua,1
Funafuti,Squamata,Scincidae,Ornithuroscincus_noctua,1
Kapingamarangi,Squamata,Scincidae,Ornithuroscincus_noctua,1
Matureivavao,Squamata,Scincidae,Ornithuroscincus_noctua,1
Maupihaa,Squamata,Scincidae,Ornithuroscincus_noctua,1
Moruroa,Squamata,Scincidae,Ornithuroscincus_noctua,1
Namoluk,Squamata,Scincidae,Ornithuroscincus_noctua,1
Niau,Squamata,Scincidae,Ornithuroscincus_noctua,1
Nukunonu,Squamata,Scincidae,Ornithuroscincus_noctua,1
Nukutepipi,Squamata,Scincidae,Ornithuroscincus_noctua,1
Pakin,Squamata,Scincidae,Ornithuroscincus_noctua,1
Rangiroa,Squamata,Scincidae,Ornithuroscincus_noctua,1
Raroia,Squamata,Scincidae,Ornithuroscincus_noctua,1
Sapwuahfik,Squamata,Scincidae,Ornithuroscincus_noctua,1
Satawan,Squamata,Scincidae,Ornithuroscincus_noctua,1
Scilly,Squamata,Scincidae,Ornithuroscincus_noctua,1
Suwarrow,Squamata,Scincidae,Ornithuroscincus_noctua,1
Swains,Squamata,Scincidae,Ornithuroscincus_noctua,1
Takapoto,Squamata,Scincidae,Ornithuroscincus_noctua,1
Tetiaroa,Squamata,Scincidae,Ornithuroscincus_noctua,1
Tikehau,Squamata,Scincidae,Ornithuroscincus_noctua,1
Tupai,Squamata,Scincidae,Ornithuroscincus_noctua,1
Addu,Squamata,Scincidae,Riopa_albopunctata,1
Ngcheangel,Squamata,Scincidae,Sphenomorphus_scutatus,1
Europa,Squamata,Scincidae,Trachylepis_infralineata,1
St_Joseph,Squamata,Scincidae,Trachylepis_sechellensis,1
Addu,Squamata,Typhlopidae,Indotyphlops_braminus,1
Arno,Squamata,Typhlopidae,Indotyphlops_braminus,1
Eniwetok,Squamata,Typhlopidae,Indotyphlops_braminus,1
Jaluit,Squamata,Typhlopidae,Indotyphlops_braminus,1
Kavaratti,Squamata,Typhlopidae,Indotyphlops_braminus,1
Ngcheangel,Squamata,Typhlopidae,Indotyphlops_braminus,1
South_Keeling,Squamata,Typhlopidae,Indotyphlops_braminus,1
Addu,Testudines,Geoemydidae,Melanochelys_trijuga,1
Aldabra,Testudines,Testudinidae,Aldabrachelys_gigantea,1
