atoll,nppv,chl,phyc,temp,velo
Abaiang,2.879797975,0.234936078,0.962542265,28.40428598,0.07257617
Abariringa,2.182189832,0.152647677,0.874050644,28.39330368,0.050076332
Abemama,2.564275344,0.184513343,0.898279067,28.40231487,0.081028049
Addu,1.531919298,0.10008939,0.788966057,28.41259173,0.074592285
Ahe,1.697368357,0.112941001,0.818922799,28.37515766,0.048316728
Ahunui,0.728009612,0.067254799,0.717168412,28.32457196,0.052838144
Ailinginae,1.414819927,0.094528769,0.81304472,28.38019076,0.053032881
Ailinglaplap,1.861949449,0.118945685,0.793302605,28.39895519,0.071614771
Ailuk,1.298441391,0.087126923,0.77453592,28.38045929,0.080463679
Aldabra,1.99349929,0.143428452,0.869016196,28.34259911,0.069513003
Alphonse,1.91706531,0.133864416,0.86247626,28.35889781,0.067072076
Amanu,0.89683393,0.072718776,0.738712842,28.34380282,0.048467325
Anaa,1.591043789,0.109742751,0.816858844,28.35459043,0.043579604
Analtin,2.305048781,0.157173508,0.827709837,28.42174301,0.063172531
Ant,1.21770744,0.082183096,0.758476362,28.40953356,0.066013312
Anuanuraro,0.834286467,0.072978593,0.732866261,28.3157256,0.0626225
Anuanurunga,0.780613423,0.070739762,0.7240893,28.31184073,0.064482982
Apataki,1.936320851,0.129851397,0.851175969,28.36979779,0.046966696
Aranuka,2.582065305,0.186376466,0.906620825,28.4026372,0.075893408
Aratika,1.825533909,0.122044923,0.838821787,28.36748887,0.046222649
Ari,1.871117492,0.118865444,0.85142253,28.40414543,0.095293003
Arno,2.078810844,0.138435134,0.82021716,28.39822709,0.088795884
Arutua,1.945349616,0.130632634,0.850727842,28.37002818,0.046289503
Astove,1.9787509,0.142907993,0.859093318,28.33478891,0.10093822
Atafu,1.455271263,0.099037886,0.764204462,28.41553086,0.048940726
Aur,1.784123571,0.115083406,0.804472257,28.39122295,0.081359006
Awin,2.43310327,0.169822523,0.838593833,28.41944464,0.072066927
Bangaram,1.58161644,0.103941001,0.871303861,28.39903403,0.105318362
Beautemps-Beaupre,1.120582507,0.091294009,0.791432207,28.29191792,0.082410443
Bellona,1.346055394,0.110188874,0.789573737,28.26315465,0.083114614
Beru,2.230149272,0.151549285,0.873706994,28.40573095,0.07259372
Bikar,0.830030267,0.068753602,0.726848092,28.3706541,0.063282462
Bikini,1.376561361,0.093032933,0.808388293,28.37959942,0.073208127
Birnie,2.132345173,0.148275499,0.874168331,28.39815802,0.048859644
Bitra_Par,1.606072679,0.105552678,0.875409379,28.39802818,0.100463378
Bokaak,0.654059374,0.062432841,0.715818479,28.36554371,0.057199615
Bramble_Haven,1.783541234,0.119700915,0.852866732,28.37119521,0.0773398
Budibudi,2.325586397,0.164011066,0.864898845,28.39440412,0.097570047
Butaritari,2.394099812,0.171092063,0.876286105,28.40562925,0.104853153
Byramgore,1.600584478,0.105253549,0.874623714,28.3971996,0.09883512
Caroline,1.678382616,0.114588236,0.826250819,28.39037667,0.049243576
Cherbaniani,1.608488485,0.105965574,0.875208413,28.39630641,0.099298066
Chesterfield,1.07903422,0.089012626,0.797444251,28.2959877,0.064264704
Chetlat,1.63902225,0.107660036,0.878463822,28.39877583,0.105510009
Clipperton,2.302095588,0.160339713,0.90620226,28.37367554,0.082761978
Conflict,1.844360037,0.123019829,0.856622431,28.37243508,0.080238724
Cosmoledo,2.002611379,0.143702442,0.865098982,28.33818253,0.09798561
Diego_Garcia,1.794943933,0.12099634,0.840004548,28.37606717,0.079657895
Ducie,0.329455341,0.053482247,0.633903668,28.23819268,0.063056663
Eauripik,1.214158035,0.082144312,0.768826114,28.41132179,0.10363175
Ebon,1.969097286,0.131560541,0.813188747,28.40800945,0.083569404
Egmont,1.655716097,0.111426527,0.825059377,28.38107784,0.071425452
Egum,2.203912519,0.150700534,0.870343444,28.38733439,0.08433973
Elato,1.177390495,0.080460852,0.772876514,28.40903257,0.079642629
Enderbury,2.164608301,0.151204762,0.873175877,28.39414188,0.049015578
Eniwetok,1.334656768,0.090154018,0.795033842,28.3852172,0.047242336
Erikub,1.615680382,0.103936633,0.798451954,28.38770842,0.091622436
Etal,1.295986904,0.085506716,0.764666353,28.41482478,0.071619776
Europa,1.432541235,0.110048959,0.827039765,28.31395928,0.105720222
Faadhippolhu,1.78490179,0.114905705,0.847918724,28.39912582,0.120962478
Faaite,1.709981704,0.117120073,0.826690337,28.35786529,0.041079483
Fakahina,0.78015898,0.066742128,0.707439996,28.35750422,0.049286014
Fakaofo,1.287627293,0.088314737,0.732124533,28.41451723,0.048931639
Fakarava,1.758754659,0.119749581,0.830377549,28.36276854,0.042513841
Fangatau,0.836631801,0.068670764,0.713529296,28.35894677,0.051001831
Fangataufa,0.543536803,0.061998048,0.690796646,28.28699563,0.067823471
Faraulep,1.181032229,0.08096959,0.780927922,28.40536296,0.068359695
Farquhar,2.043221387,0.146390016,0.872892758,28.33837437,0.083502881
Felidhu,1.881822945,0.119692478,0.847306804,28.40399927,0.121850449
French_Frigate_Shoals,0.702336804,0.071199582,0.746474343,28.26579114,0.075018304
Funafuti,1.511154092,0.099757366,0.762076279,28.41962396,0.052326565
Gaafaru,1.862112948,0.118881201,0.851339234,28.40152673,0.112538396
Glorioso,1.618913971,0.117897296,0.837663314,28.34667487,0.102600296
Great_Chagos_Bank,1.596339404,0.106963578,0.820152815,28.38310441,0.080658324
Haddhunmathi,1.753580449,0.112825501,0.816564942,28.40798453,0.103736973
Hao,0.904722617,0.073348611,0.742115763,28.34126869,0.047629754
Haraiki,1.550840993,0.107457009,0.817567984,28.35106691,0.045859199
Helen,1.726823899,0.1088632,0.806064034,28.41321385,0.152451449
Hereheretue,0.977788209,0.079500757,0.756211004,28.32441601,0.060679032
Hikueru,1.34367217,0.095232383,0.797774477,28.3485562,0.048325462
Hiti,1.720603318,0.117332125,0.830895739,28.35854512,0.042779884
Huon,1.052122103,0.084909178,0.794479576,28.31641026,0.061579099
Huvadhu,1.660504939,0.108873799,0.801097155,28.41211598,0.089435952
Ifalik,1.197633558,0.081262381,0.772876991,28.40856223,0.082882373
Ihavandhippolu,1.591411548,0.103885859,0.848360677,28.39990429,0.124819184
Jaluit,2.092055273,0.140771532,0.81220341,28.40416228,0.07678349
Jemo,1.408682888,0.092471998,0.788289981,28.38198659,0.083679136
Johnston,0.622751366,0.062726886,0.678969723,28.32191281,0.061443657
Kademat,1.640360385,0.107673501,0.876644733,28.3995463,0.106244689
Kalpeni,1.689424288,0.110962538,0.876327368,28.40000598,0.120429186
Kapingamarangi,1.970875268,0.124725252,0.812968628,28.42379583,0.048812332
Katiu,1.701193261,0.115754726,0.825707757,28.36083596,0.041597271
Kauehi,1.711295999,0.115057193,0.824645388,28.36554909,0.044913864
Kaukura,1.834109217,0.124099535,0.83774968,28.36717023,0.045020862
Kavaratti,1.595423858,0.104876273,0.871141845,28.39973774,0.109905599
Kilinailau,2.473256517,0.171292822,0.874466602,28.42225158,0.106361246
Kiltan,1.690012838,0.110975344,0.882335473,28.39950886,0.108976922
Kiritimati,2.429687712,0.180141126,0.904793175,28.35141681,0.058378604
Kolhumadulu,1.779965765,0.113592895,0.825982487,28.40631196,0.097645192
Kuop,1.16443677,0.079780169,0.772615975,28.41064002,0.07863327
Kure,0.578404503,0.067231235,0.722171583,28.20048374,0.077072217
Kuria,2.613527681,0.190497459,0.912819635,28.40279062,0.071718531
Kwajalein,1.459681216,0.094910513,0.794104192,28.38968979,0.074260867
Lae,1.324294004,0.087736141,0.772216331,28.39468769,0.066151704
Lamotrek,1.174379297,0.080323559,0.772402413,28.40918527,0.079098587
Laualau,2.305048781,0.157173508,0.827709837,28.42174301,0.063172531
Laysan,0.669304735,0.070093273,0.739539937,28.24882621,0.07702952
Lib,1.49900092,0.09608572,0.7755633,28.3954841,0.075745732
Likiep,1.546112034,0.099678951,0.806703689,28.38419276,0.082741608
Liot,2.381712329,0.165377566,0.835940478,28.42110823,0.068357906
Lisianski,0.658114658,0.068875203,0.733039551,28.26705693,0.08876445
Long_Reef,1.791162989,0.118991782,0.850316549,28.36819767,0.084375159
Losap,1.172327097,0.080071645,0.769729889,28.41122299,0.070978124
Lukunor,1.295986904,0.085506716,0.764666353,28.41482478,0.071619776
Maiana,2.856199869,0.227379693,0.956790176,28.40280068,0.075174603
Majuro,2.092389129,0.139067805,0.82069286,28.39862621,0.091236139
Makemo,1.655924489,0.112963409,0.828286205,28.35771757,0.04837745
Makunudhoo,1.646356344,0.106875592,0.845002822,28.40058534,0.098013923
Malden,2.297650968,0.166111912,0.891863555,28.37001221,0.050769019
Maloelap,1.67465045,0.108099137,0.795790119,28.38940227,0.083217887
Malum,2.275303292,0.152584579,0.865739013,28.42439645,0.141744375
Manihi,1.705793917,0.11248166,0.820932487,28.3745186,0.048777906
Manihiki,1.21937175,0.083325922,0.731366483,28.40479706,0.047928119
Manra,2.056322079,0.142177836,0.866630038,28.40173683,0.049561669
Manuae,0.638038504,0.064101829,0.720909169,28.32690407,0.062704832
Manuhangi,0.889933683,0.074016824,0.744629784,28.33085009,0.049562877
Marakei,2.695042973,0.211607335,0.933563249,28.40449782,0.082810118
Maria,0.652124436,0.067245384,0.695943269,28.2828746,0.083914699
Maria_Est,0.515471372,0.060724578,0.686235878,28.28629092,0.064255142
Marokau,1.227822863,0.089467818,0.788292039,28.34410899,0.047759097
Marutea_Nord,1.533968183,0.106085459,0.817299765,28.35292255,0.047571621
Marutea_Sud,0.488005519,0.059002287,0.676567941,28.2935804,0.058891691
Mataiva,1.746974959,0.117181497,0.816426449,28.37640964,0.041524854
Matureivavao,0.513994229,0.059976442,0.68427624,28.29847658,0.060204821
Maupihaa,0.904145108,0.072347349,0.748884563,28.3654127,0.053056608
McKean,2.089722305,0.144212048,0.866137002,28.40247206,0.050536582
Midway,0.567002287,0.066276735,0.721861062,28.20591935,0.078368753
Mili,2.085031031,0.140617919,0.81525464,28.40196339,0.090179195
Minicoy,1.562694368,0.102699738,0.857846699,28.39971588,0.150179656
Mokil,1.239027844,0.083455502,0.745058842,28.40889435,0.073605944
Morane,0.49571376,0.060840016,0.678938534,28.26914412,0.070200842
Moruroa,0.552890322,0.062156765,0.693104021,28.29148909,0.066642785
Motu_One,0.927214651,0.072235331,0.737361113,28.37476787,0.04894222
Motutunga,1.705836739,0.117133057,0.828457482,28.35441905,0.040067569
Mulaku,1.860602565,0.11850284,0.838385145,28.40456732,0.124761426
Murilo,1.122311686,0.079086734,0.783020298,28.40458651,0.064045579
Namoluk,1.266577382,0.083940244,0.764640473,28.41447418,0.069265061
Namonuito,1.17213414,0.081521783,0.794718451,28.40443095,0.065758354
Namorik,1.860115462,0.122817407,0.791173869,28.4068638,0.079408142
Namu,1.655449384,0.104852522,0.780249415,28.39698905,0.074917608
Nanumanga,1.797949047,0.120400289,0.829549133,28.42276222,0.054107402
Nanumea,1.8759132,0.125969105,0.847572602,28.42263263,0.051967782
Napuka,1.050269976,0.078295112,0.739834153,28.36664609,0.047530155
Nengonengo,1.051086349,0.081584112,0.768362663,28.33513265,0.048237571
Ngcheangel,1.275181039,0.086315662,0.803772865,28.40543494,0.1064279
Ngulu,1.251843347,0.084818023,0.79712862,28.40615988,0.109372327
Niau,1.780768549,0.12097982,0.832519191,28.36547767,0.044706426
Nihiru,1.482678271,0.101936443,0.810286763,28.35638734,0.053722211
Nikumaroro,1.997483891,0.136983874,0.859209208,28.40864235,0.051870834
Nikunau,2.208594729,0.150174771,0.869659936,28.40477912,0.064136083
Ninigo,2.374199244,0.164353933,0.834147348,28.42084439,0.068174796
Niutao,1.79173965,0.120315316,0.831217365,28.42241922,0.057959649
Nomwin,1.126610915,0.079285911,0.784007948,28.40480303,0.06659482
Nonouti,2.40862197,0.166061981,0.888443622,28.40385647,0.080790935
North_Keeling,1.179126305,0.088048576,0.774178495,28.35520004,0.078501896
North_Maalhosmadulu,1.738719589,0.112036515,0.846543008,28.40028982,0.096590041
North_Male,1.885037244,0.120281349,0.851777303,28.40153987,0.124834485
North_Nilandhe,1.83832313,0.116919094,0.842831876,28.40499424,0.098093212
North_Tubbataha,1.289778035,0.088320039,0.826632937,28.40157814,0.133969264
Nuguria,2.277687252,0.152734184,0.865241229,28.42420972,0.139914721
Nui,1.666357148,0.111340043,0.80114032,28.42242512,0.059850453
Nukapu,1.503558917,0.098125361,0.782317728,28.40629319,0.071408874
Nukufetau,1.612060347,0.106666321,0.783526136,28.42143801,0.05851272
Nukulaelae,1.349333777,0.090563253,0.739775268,28.41706309,0.052288037
Nukumanu,2.342786918,0.162759897,0.873752088,28.42462787,0.079015041
Nukumbasanga,1.119159823,0.083059146,0.795964766,28.35660384,0.066908709
Nukunonu,1.351585449,0.092123272,0.743238091,28.41511268,0.048496611
Nukuoro,1.555473943,0.09994167,0.770277421,28.41909846,0.083901179
Nukutepipi,0.771276763,0.070284118,0.722196833,28.31184934,0.064169402
Numa_Miombilou,1.503558917,0.098125361,0.782317728,28.40629319,0.071408874
Nupani,1.542289512,0.100355677,0.786027839,28.40612739,0.074803224
Oeno,0.381748689,0.056240571,0.648125009,28.25502532,0.071552165
Olimarao,1.182219077,0.0806909,0.775682708,28.40815729,0.078032916
Onotoa,2.20845359,0.149938341,0.879602915,28.4091911,0.067891385
Ontong_Java,2.512919304,0.178864145,0.883785027,28.42281076,0.08070944
Oroluk,1.128087517,0.078561024,0.76757568,28.40767091,0.069565153
Orona,2.029864373,0.139870638,0.86463869,28.40450833,0.049891062
Pakin,1.192794743,0.081066484,0.759638091,28.40873772,0.066150424
Palmerston,0.546281273,0.059093454,0.699984778,28.34588173,0.059481356
Palmyra,1.963104084,0.141409897,0.835789628,28.38000165,0.087413745
Paraoa,0.811361906,0.070365845,0.731260745,28.33055855,0.050210137
Pearl_and_Hermes,0.56668946,0.066062614,0.722654494,28.21062571,0.08146614
Peremul_Par,1.590733658,0.104519679,0.87293726,28.39871386,0.102662151
Peros_Banhos,1.489417344,0.099941667,0.807223661,28.38954608,0.070964652
Pinaki,0.622894714,0.06273689,0.696692134,28.32607681,0.051120296
Pingelap,1.356554801,0.089878875,0.749244926,28.41003422,0.080172163
Pinipel,2.559837784,0.181072025,0.897216786,28.42190933,0.198381709
Pukapuka,0.899908542,0.068070446,0.686418898,28.40758033,0.043796704
Puka-Puka,0.948105168,0.074013273,0.72619002,28.35888859,0.046543293
Pukarua,0.572150442,0.060670125,0.693193409,28.33393061,0.048685296
Pulap,1.192222261,0.081972681,0.790608432,28.40859086,0.069712455
Pulusuk,1.160722476,0.079493629,0.764807863,28.41166886,0.077428294
Puluwat,1.185229741,0.081357068,0.784480956,28.40939776,0.071636482
Qelelevu,1.040953515,0.078704379,0.776469881,28.36436889,0.066376916
Rakahanga,1.288549007,0.087231578,0.740727651,28.40531145,0.047237093
Rangiroa,1.913128728,0.128219491,0.841368681,28.37274745,0.042028811
Raraka,1.695301826,0.114809381,0.823253139,28.36344281,0.042616674
Raroia,1.227449971,0.087384733,0.771714156,28.35928594,0.054093651
Rasdhoo,1.861842773,0.1185622,0.852317819,28.40305964,0.089112988
Ravahere,1.172334521,0.086512158,0.782120618,28.3436891,0.048229858
Rawaki,2.125781435,0.147998865,0.871230837,28.39647131,0.049338217
Reao,0.537690119,0.059362722,0.6867683,28.33036718,0.047455341
Redlick,1.858798965,0.125518433,0.857654838,28.37714628,0.074163107
Reitoru,1.423860987,0.100196335,0.806037591,28.34724138,0.046500024
Rekareka,1.118739828,0.082135659,0.761524815,28.35338579,0.051716196
Rongelap,1.398362636,0.093635653,0.811407137,28.37968323,0.046625074
Rongerik,1.316294839,0.089768377,0.803756021,28.37815168,0.04601348
Rose,0.556126566,0.057494449,0.694707717,28.3884916,0.053459313
Rowa,1.005314861,0.075747311,0.754330309,28.38153762,0.062845198
Saloman,1.496155373,0.100267704,0.808150793,28.38926081,0.077238846
Sama,2.367364009,0.163415377,0.832623938,28.42056937,0.066826915
Samasuma,2.367364009,0.163415377,0.832623938,28.42056937,0.066826915
Sapwuahfik,1.309352621,0.087067007,0.75534976,28.41291873,0.07530674
Satawan,1.327678867,0.087052321,0.765348157,28.41546956,0.073957047
Scilly,0.866420732,0.070448695,0.739252498,28.367814,0.051533948
Sorol,1.212591754,0.082562865,0.784121002,28.40730612,0.095634129
South_Keeling,1.179126305,0.088048576,0.774178495,28.35520004,0.078501896
South_Maalhosmadulu,1.822301685,0.116405793,0.849726461,28.40208442,0.086965966
South_Nilandhe,1.817236486,0.115623799,0.837529421,28.40529881,0.100080532
South_Tubbataha,1.289778035,0.088320039,0.826632937,28.40157814,0.133969264
St_Francois,1.91706531,0.133864416,0.86247626,28.35889781,0.067072076
St_Joseph,1.959663734,0.135861825,0.867686676,28.36944533,0.080166822
Starbuck,2.14625037,0.152046599,0.882126397,28.38106165,0.048121232
Suheli_Par,1.561020677,0.102984896,0.867033086,28.39987529,0.120388069
Surprise,1.078371891,0.086780239,0.79695204,28.31297077,0.063905003
Suwarrow,0.645552891,0.05969509,0.69463596,28.39655459,0.047233975
Swains,0.813718641,0.065083886,0.678886491,28.40970424,0.048848074
Tabiteuea,2.314451684,0.158199371,0.889461381,28.40716237,0.075294185
Tabuaeran,2.191216282,0.158823008,0.874873129,28.36703044,0.098377266
Taenga,1.513274503,0.103611409,0.811893838,28.35866634,0.051777813
Tahanea,1.718339737,0.117664267,0.828089355,28.35735673,0.039401552
Taiaro,1.600166758,0.107170563,0.809554042,28.36645331,0.04194441
Taka,1.170529879,0.081790533,0.766037665,28.37697652,0.076579648
Takapoto,1.627202493,0.106480554,0.80993619,28.37237269,0.04601027
Takaroa,1.487026078,0.098514837,0.790176041,28.37315516,0.048076917
Takume,1.110616723,0.08138458,0.753780724,28.36054144,0.052845801
Takuu,2.334348144,0.157172276,0.856291311,28.42293567,0.081201046
Tarawa,2.97758235,0.24578877,0.979151089,28.40349209,0.07077714
Tatakoto,0.601812432,0.060767334,0.689744133,28.34451852,0.046310267
Tauere,1.058527392,0.079638168,0.758439407,28.34938517,0.051402087
Tekokota,1.368233261,0.096401345,0.799219243,28.35046916,0.049201075
Temitangi,0.581041388,0.063022898,0.694788201,28.29575908,0.064204004
Temoe,0.473566416,0.060189138,0.67774533,28.2622136,0.068798376
Tenararo,0.520051243,0.06029821,0.686248359,28.29895214,0.061635514
Tenaruga,0.520051243,0.06029821,0.686248359,28.29895214,0.061635514
Tepoto,1.73794079,0.118918903,0.83205272,28.35659565,0.0406822
Teraina,2.108957582,0.152707491,0.860793382,28.37273712,0.101721413
Tetiaroa,1.257109244,0.089808164,0.802509486,28.36146445,0.050891272
Thiladhunmathi,1.636867193,0.106641377,0.847265583,28.39925732,0.130712231
Tikehau,1.874385837,0.125560898,0.834870765,28.37391282,0.04089886
Toau,1.821789365,0.122939245,0.837685354,28.36659044,0.045078616
Tongareva,1.757840445,0.119253551,0.824321094,28.40145491,0.043762132
Tuanake,1.720603318,0.117332125,0.830895739,28.35854512,0.042779884
Tupai,1.16060712,0.083828487,0.783434235,28.36931736,0.047038207
Tureia,0.562825263,0.061566084,0.693200944,28.30722092,0.061135039
Ujae,1.282223453,0.086078242,0.773735614,28.39393072,0.068425792
Ujelang,1.093759945,0.078582813,0.771120454,28.39413478,0.054703116
Ulithi,1.201595307,0.082747802,0.798848635,28.40351222,0.076573468
Utirik,1.122643398,0.079667007,0.757554965,28.37674053,0.068572352
Vahanga,0.520051243,0.06029821,0.686248359,28.29895214,0.061635514
Vahitahi,0.651462287,0.063445132,0.699219965,28.33179258,0.048892839
Vairaatea,0.652663574,0.063749615,0.700644503,28.32669196,0.050835364
Vaitupu,1.660333871,0.110560442,0.797169688,28.42194347,0.058320437
Vanavana,0.57804368,0.062176833,0.695861717,28.30733124,0.06081655
Wailagilala,1.110781973,0.082858388,0.794788066,28.35373632,0.067708016
Wake,0.763422477,0.067974822,0.738833131,28.35550003,0.078745888
West_Fayu,1.173919793,0.0804951,0.778359451,28.40719003,0.076151962
Woleai,1.197761855,0.081286814,0.771708364,28.40876463,0.085781314
Wotho,1.371468964,0.091071439,0.794955334,28.38801587,0.067124032
Wotje,1.554429248,0.100526086,0.794458114,28.3860449,0.090694607