atoll,order,family,species,presence
Aldabra,Decapoda,Coenobitidae,Birgus_latro,1
Ant,Decapoda,Coenobitidae,Birgus_latro,1
Arno,Decapoda,Coenobitidae,Birgus_latro,1
Astove,Decapoda,Coenobitidae,Birgus_latro,1
Atafu,Decapoda,Coenobitidae,Birgus_latro,1
Caroline,Decapoda,Coenobitidae,Birgus_latro,1
Cosmoledo,Decapoda,Coenobitidae,Birgus_latro,1
Diego_Garcia,Decapoda,Coenobitidae,Birgus_latro,1
Ducie,Decapoda,Coenobitidae,Birgus_latro,1
Enderbury,Decapoda,Coenobitidae,Birgus_latro,1
Eniwetok,Decapoda,Coenobitidae,Birgus_latro,1
Fakaofo,Decapoda,Coenobitidae,Birgus_latro,1
Farquhar,Decapoda,Coenobitidae,Birgus_latro,1
Funafuti,Decapoda,Coenobitidae,Birgus_latro,1
Glorioso,Decapoda,Coenobitidae,Birgus_latro,1
Jaluit,Decapoda,Coenobitidae,Birgus_latro,1
Kapingamarangi,Decapoda,Coenobitidae,Birgus_latro,1
Kiritimati,Decapoda,Coenobitidae,Birgus_latro,1
Kwajalein,Decapoda,Coenobitidae,Birgus_latro,1
Manihiki,Decapoda,Coenobitidae,Birgus_latro,1
Manuae,Decapoda,Coenobitidae,Birgus_latro,1
Namoluk,Decapoda,Coenobitidae,Birgus_latro,1
Ngcheangel,Decapoda,Coenobitidae,Birgus_latro,1
Niau,Decapoda,Coenobitidae,Birgus_latro,1
Nukunonu,Decapoda,Coenobitidae,Birgus_latro,1
Oeno,Decapoda,Coenobitidae,Birgus_latro,1
Onotoa,Decapoda,Coenobitidae,Birgus_latro,1
Palmyra,Decapoda,Coenobitidae,Birgus_latro,1
Rangiroa,Decapoda,Coenobitidae,Birgus_latro,1
Raroia,Decapoda,Coenobitidae,Birgus_latro,1
Rawaki,Decapoda,Coenobitidae,Birgus_latro,1
Rose,Decapoda,Coenobitidae,Birgus_latro,1
South_Keeling,Decapoda,Coenobitidae,Birgus_latro,1
Takapoto,Decapoda,Coenobitidae,Birgus_latro,1
Tetiaroa,Decapoda,Coenobitidae,Birgus_latro,1
Tongareva,Decapoda,Coenobitidae,Birgus_latro,1
Tupai,Decapoda,Coenobitidae,Birgus_latro,1
Ujae,Decapoda,Coenobitidae,Birgus_latro,1
Ujelang,Decapoda,Coenobitidae,Birgus_latro,1
Utirik,Decapoda,Coenobitidae,Birgus_latro,1
Wotho,Decapoda,Coenobitidae,Birgus_latro,1
Addu,Decapoda,Coenobitidae,Coenobita_brevimanus,1
Aldabra,Decapoda,Coenobitidae,Coenobita_brevimanus,1
Ant,Decapoda,Coenobitidae,Coenobita_brevimanus,1
Arno,Decapoda,Coenobitidae,Coenobita_brevimanus,1
Atafu,Decapoda,Coenobitidae,Coenobita_brevimanus,1
Caroline,Decapoda,Coenobitidae,Coenobita_brevimanus,1
Diego_Garcia,Decapoda,Coenobitidae,Coenobita_brevimanus,1
Ducie,Decapoda,Coenobitidae,Coenobita_brevimanus,1
Eniwetok,Decapoda,Coenobitidae,Coenobita_brevimanus,1
Fakaofo,Decapoda,Coenobitidae,Coenobita_brevimanus,1
Funafuti,Decapoda,Coenobitidae,Coenobita_brevimanus,1
Glorioso,Decapoda,Coenobitidae,Coenobita_brevimanus,1
Kapingamarangi,Decapoda,Coenobitidae,Coenobita_brevimanus,1
Kavaratti,Decapoda,Coenobitidae,Coenobita_brevimanus,1
Manuae,Decapoda,Coenobitidae,Coenobita_brevimanus,1
Niau,Decapoda,Coenobitidae,Coenobita_brevimanus,1
Nukunonu,Decapoda,Coenobitidae,Coenobita_brevimanus,1
Nukutepipi,Decapoda,Coenobitidae,Coenobita_brevimanus,1
Palmyra,Decapoda,Coenobitidae,Coenobita_brevimanus,1
Rangiroa,Decapoda,Coenobitidae,Coenobita_brevimanus,1
Raroia,Decapoda,Coenobitidae,Coenobita_brevimanus,1
Rose,Decapoda,Coenobitidae,Coenobita_brevimanus,1
South_Keeling,Decapoda,Coenobitidae,Coenobita_brevimanus,1
Tabuaeran,Decapoda,Coenobitidae,Coenobita_brevimanus,1
Takapoto,Decapoda,Coenobitidae,Coenobita_brevimanus,1
Tetiaroa,Decapoda,Coenobitidae,Coenobita_brevimanus,1
Ujae,Decapoda,Coenobitidae,Coenobita_brevimanus,1
Ujelang,Decapoda,Coenobitidae,Coenobita_brevimanus,1
Ujelang,Decapoda,Coenobitidae,Coenobita_carnescens,1
Aldabra,Decapoda,Coenobitidae,Coenobita_cavipes,1
Eniwetok,Decapoda,Coenobitidae,Coenobita_cavipes,1
Addu,Decapoda,Coenobitidae,Coenobita_compressus,1
Aldabra,Decapoda,Coenobitidae,Coenobita_compressus,1
Abariringa,Decapoda,Coenobitidae,Coenobita_perlatus,1
Addu,Decapoda,Coenobitidae,Coenobita_perlatus,1
Ailuk,Decapoda,Coenobitidae,Coenobita_perlatus,1
Aldabra,Decapoda,Coenobitidae,Coenobita_perlatus,1
Ant,Decapoda,Coenobitidae,Coenobita_perlatus,1
Arno,Decapoda,Coenobitidae,Coenobita_perlatus,1
Ashmore,Decapoda,Coenobitidae,Coenobita_perlatus,1
Astove,Decapoda,Coenobitidae,Coenobita_perlatus,1
Atafu,Decapoda,Coenobitidae,Coenobita_perlatus,1
Bikar,Decapoda,Coenobitidae,Coenobita_perlatus,1
Caroline,Decapoda,Coenobitidae,Coenobita_perlatus,1
Chesterfield,Decapoda,Coenobitidae,Coenobita_perlatus,1
Cosmoledo,Decapoda,Coenobitidae,Coenobita_perlatus,1
Diego_Garcia,Decapoda,Coenobitidae,Coenobita_perlatus,1
Ducie,Decapoda,Coenobitidae,Coenobita_perlatus,1
Enderbury,Decapoda,Coenobitidae,Coenobita_perlatus,1
Eniwetok,Decapoda,Coenobitidae,Coenobita_perlatus,1
Europa,Decapoda,Coenobitidae,Coenobita_perlatus,1
Fakaofo,Decapoda,Coenobitidae,Coenobita_perlatus,1
Funafuti,Decapoda,Coenobitidae,Coenobita_perlatus,1
Glorioso,Decapoda,Coenobitidae,Coenobita_perlatus,1
Kapingamarangi,Decapoda,Coenobitidae,Coenobita_perlatus,1
Kavaratti,Decapoda,Coenobitidae,Coenobita_perlatus,1
Kiritimati,Decapoda,Coenobitidae,Coenobita_perlatus,1
Kwajalein,Decapoda,Coenobitidae,Coenobita_perlatus,1
Lae,Decapoda,Coenobitidae,Coenobita_perlatus,1
Likiep,Decapoda,Coenobitidae,Coenobita_perlatus,1
Manuae,Decapoda,Coenobitidae,Coenobita_perlatus,1
Moruroa,Decapoda,Coenobitidae,Coenobita_perlatus,1
Ngcheangel,Decapoda,Coenobitidae,Coenobita_perlatus,1
Nukunonu,Decapoda,Coenobitidae,Coenobita_perlatus,1
Nukutepipi,Decapoda,Coenobitidae,Coenobita_perlatus,1
Onotoa,Decapoda,Coenobitidae,Coenobita_perlatus,1
Palmyra,Decapoda,Coenobitidae,Coenobita_perlatus,1
Rangiroa,Decapoda,Coenobitidae,Coenobita_perlatus,1
Raroia,Decapoda,Coenobitidae,Coenobita_perlatus,1
Rawaki,Decapoda,Coenobitidae,Coenobita_perlatus,1
Rose,Decapoda,Coenobitidae,Coenobita_perlatus,1
South_Keeling,Decapoda,Coenobitidae,Coenobita_perlatus,1
St_Joseph,Decapoda,Coenobitidae,Coenobita_perlatus,1
Tabuaeran,Decapoda,Coenobitidae,Coenobita_perlatus,1
Taka,Decapoda,Coenobitidae,Coenobita_perlatus,1
Takapoto,Decapoda,Coenobitidae,Coenobita_perlatus,1
Tetiaroa,Decapoda,Coenobitidae,Coenobita_perlatus,1
Ujae,Decapoda,Coenobitidae,Coenobita_perlatus,1
Ujelang,Decapoda,Coenobitidae,Coenobita_perlatus,1
Utirik,Decapoda,Coenobitidae,Coenobita_perlatus,1
Wake,Decapoda,Coenobitidae,Coenobita_perlatus,1
Wotho,Decapoda,Coenobitidae,Coenobita_perlatus,1
Addu,Decapoda,Coenobitidae,Coenobita_rugosus,1
Aldabra,Decapoda,Coenobitidae,Coenobita_rugosus,1
Arno,Decapoda,Coenobitidae,Coenobita_rugosus,1
Ashmore,Decapoda,Coenobitidae,Coenobita_rugosus,1
Astove,Decapoda,Coenobitidae,Coenobita_rugosus,1
Atafu,Decapoda,Coenobitidae,Coenobita_rugosus,1
Bikar,Decapoda,Coenobitidae,Coenobita_rugosus,1
Cosmoledo,Decapoda,Coenobitidae,Coenobita_rugosus,1
Diego_Garcia,Decapoda,Coenobitidae,Coenobita_rugosus,1
Eniwetok,Decapoda,Coenobitidae,Coenobita_rugosus,1
Europa,Decapoda,Coenobitidae,Coenobita_rugosus,1
Fakaofo,Decapoda,Coenobitidae,Coenobita_rugosus,1
Farquhar,Decapoda,Coenobitidae,Coenobita_rugosus,1
Funafuti,Decapoda,Coenobitidae,Coenobita_rugosus,1
Glorioso,Decapoda,Coenobitidae,Coenobita_rugosus,1
Kavaratti,Decapoda,Coenobitidae,Coenobita_rugosus,1
Kiritimati,Decapoda,Coenobitidae,Coenobita_rugosus,1
Kwajalein,Decapoda,Coenobitidae,Coenobita_rugosus,1
Lae,Decapoda,Coenobitidae,Coenobita_rugosus,1
Likiep,Decapoda,Coenobitidae,Coenobita_rugosus,1
Ngcheangel,Decapoda,Coenobitidae,Coenobita_rugosus,1
Nukunonu,Decapoda,Coenobitidae,Coenobita_rugosus,1
Onotoa,Decapoda,Coenobitidae,Coenobita_rugosus,1
Palmyra,Decapoda,Coenobitidae,Coenobita_rugosus,1
Raroia,Decapoda,Coenobitidae,Coenobita_rugosus,1
South_Keeling,Decapoda,Coenobitidae,Coenobita_rugosus,1
St_Joseph,Decapoda,Coenobitidae,Coenobita_rugosus,1
Tabuaeran,Decapoda,Coenobitidae,Coenobita_rugosus,1
Tetiaroa,Decapoda,Coenobitidae,Coenobita_rugosus,1
Ujae,Decapoda,Coenobitidae,Coenobita_rugosus,1
Ujelang,Decapoda,Coenobitidae,Coenobita_rugosus,1
Wotho,Decapoda,Coenobitidae,Coenobita_rugosus,1
Arno,Decapoda,Coenobitidae,Coenobita_spinosus,1
Ducie,Decapoda,Coenobitidae,Coenobita_spinosus,1
Manuae,Decapoda,Coenobitidae,Coenobita_spinosus,1
Niau,Decapoda,Coenobitidae,Coenobita_spinosus,1
Nukutepipi,Decapoda,Coenobitidae,Coenobita_spinosus,1
Oeno,Decapoda,Coenobitidae,Coenobita_spinosus,1
Tetiaroa,Decapoda,Coenobitidae,Coenobita_spinosus,1
Ujae,Decapoda,Coenobitidae,Coenobita_spinosus,1
Wotho,Decapoda,Coenobitidae,Coenobita_spinosus,1
Namoluk,Decapoda,Coenobitidae,Coenobita_sp,1
Abariringa,Decapoda,Gecarcinidae,Cardisoma_carnifex,1
Aldabra,Decapoda,Gecarcinidae,Cardisoma_carnifex,1
Astove,Decapoda,Gecarcinidae,Cardisoma_carnifex,1
Atafu,Decapoda,Gecarcinidae,Cardisoma_carnifex,1
Caroline,Decapoda,Gecarcinidae,Cardisoma_carnifex,1
Cosmoledo,Decapoda,Gecarcinidae,Cardisoma_carnifex,1
Diego_Garcia,Decapoda,Gecarcinidae,Cardisoma_carnifex,1
Enderbury,Decapoda,Gecarcinidae,Cardisoma_carnifex,1
Europa,Decapoda,Gecarcinidae,Cardisoma_carnifex,1
Fakaofo,Decapoda,Gecarcinidae,Cardisoma_carnifex,1
Glorioso,Decapoda,Gecarcinidae,Cardisoma_carnifex,1
Kavaratti,Decapoda,Gecarcinidae,Cardisoma_carnifex,1
Kiritimati,Decapoda,Gecarcinidae,Cardisoma_carnifex,1
Manihiki,Decapoda,Gecarcinidae,Cardisoma_carnifex,1
Manuae,Decapoda,Gecarcinidae,Cardisoma_carnifex,1
Namoluk,Decapoda,Gecarcinidae,Cardisoma_carnifex,1
Nukutepipi,Decapoda,Gecarcinidae,Cardisoma_carnifex,1
Onotoa,Decapoda,Gecarcinidae,Cardisoma_carnifex,1
Palmyra,Decapoda,Gecarcinidae,Cardisoma_carnifex,1
Rangiroa,Decapoda,Gecarcinidae,Cardisoma_carnifex,1
Raroia,Decapoda,Gecarcinidae,Cardisoma_carnifex,1
Rawaki,Decapoda,Gecarcinidae,Cardisoma_carnifex,1
Rose,Decapoda,Gecarcinidae,Cardisoma_carnifex,1
South_Keeling,Decapoda,Gecarcinidae,Cardisoma_carnifex,1
St_Joseph,Decapoda,Gecarcinidae,Cardisoma_carnifex,1
Tabuaeran,Decapoda,Gecarcinidae,Cardisoma_carnifex,1
Takapoto,Decapoda,Gecarcinidae,Cardisoma_carnifex,1
Tetiaroa,Decapoda,Gecarcinidae,Cardisoma_carnifex,1
Tupai,Decapoda,Gecarcinidae,Cardisoma_carnifex,1
Arno,Decapoda,Gecarcinidae,Epigrapsus_politus,1
Ant,Decapoda,Gecarcinidae,Gecarcoidea_lalandii,1
Arno,Decapoda,Gecarcinidae,Gecarcoidea_lalandii,1
Clipperton,Decapoda,Gecarcinidae,Gecarcoidea_lalandii,1
Eniwetok,Decapoda,Gecarcinidae,Gecarcoidea_lalandii,1
Kapingamarangi,Decapoda,Gecarcinidae,Gecarcoidea_lalandii,1
Ngcheangel,Decapoda,Gecarcinidae,Gecarcoidea_lalandii,1
South_Keeling,Decapoda,Gecarcinidae,Gecarcoidea_lalandii,1
Ujae,Decapoda,Gecarcinidae,Gecarcoidea_lalandii,1
South_Keeling,Decapoda,Gecarcinidae,Gecarcoidea_natalis,1
Clipperton,Decapoda,Gecarcinidae,Johngarthia_planata,1
Aldabra,Decapoda,Gecarcinidae,Tuerkayana_hirtipes,1
Farquhar,Decapoda,Gecarcinidae,Tuerkayana_hirtipes,1
Funafuti,Decapoda,Gecarcinidae,Tuerkayana_hirtipes,1
Manihiki,Decapoda,Gecarcinidae,Tuerkayana_hirtipes,1
South_Keeling,Decapoda,Gecarcinidae,Tuerkayana_hirtipes,1
Aldabra,Decapoda,Gecarcinidae,Tuerkayana_rotundum,1
Arno,Decapoda,Gecarcinidae,Tuerkayana_rotundum,1
Atafu,Decapoda,Gecarcinidae,Tuerkayana_rotundum,1
Fakaofo,Decapoda,Gecarcinidae,Tuerkayana_rotundum,1
Farquhar,Decapoda,Gecarcinidae,Tuerkayana_rotundum,1
Glorioso,Decapoda,Gecarcinidae,Tuerkayana_rotundum,1
Kapingamarangi,Decapoda,Gecarcinidae,Tuerkayana_rotundum,1
Manuae,Decapoda,Gecarcinidae,Tuerkayana_rotundum,1
Niau,Decapoda,Gecarcinidae,Tuerkayana_rotundum,1
Nukunonu,Decapoda,Gecarcinidae,Tuerkayana_rotundum,1
Palmyra,Decapoda,Gecarcinidae,Tuerkayana_rotundum,1
South_Keeling,Decapoda,Gecarcinidae,Tuerkayana_rotundum,1
Tabuaeran,Decapoda,Gecarcinidae,Tuerkayana_rotundum,1
Tetiaroa,Decapoda,Gecarcinidae,Tuerkayana_rotundum,1
Tikehau,Decapoda,Gecarcinidae,Tuerkayana_rotundum,1
Ujae,Decapoda,Gecarcinidae,Tuerkayana_rotundum,1
Ailuk,Decapoda,Grapsidae,Geograpsus_crinipes,1
Aldabra,Decapoda,Grapsidae,Geograpsus_crinipes,1
Arno,Decapoda,Grapsidae,Geograpsus_crinipes,1
Atafu,Decapoda,Grapsidae,Geograpsus_crinipes,1
Bikar,Decapoda,Grapsidae,Geograpsus_crinipes,1
Cosmoledo,Decapoda,Grapsidae,Geograpsus_crinipes,1
Enderbury,Decapoda,Grapsidae,Geograpsus_crinipes,1
Eniwetok,Decapoda,Grapsidae,Geograpsus_crinipes,1
Europa,Decapoda,Grapsidae,Geograpsus_crinipes,1
Fakaofo,Decapoda,Grapsidae,Geograpsus_crinipes,1
Funafuti,Decapoda,Grapsidae,Geograpsus_crinipes,1
Glorioso,Decapoda,Grapsidae,Geograpsus_crinipes,1
Kapingamarangi,Decapoda,Grapsidae,Geograpsus_crinipes,1
Kavaratti,Decapoda,Grapsidae,Geograpsus_crinipes,1
Lae,Decapoda,Grapsidae,Geograpsus_crinipes,1
Laysan,Decapoda,Grapsidae,Geograpsus_crinipes,1
Manuae,Decapoda,Grapsidae,Geograpsus_crinipes,1
Moruroa,Decapoda,Grapsidae,Geograpsus_crinipes,1
Nukunonu,Decapoda,Grapsidae,Geograpsus_crinipes,1
Oeno,Decapoda,Grapsidae,Geograpsus_crinipes,1
Palmyra,Decapoda,Grapsidae,Geograpsus_crinipes,1
Raroia,Decapoda,Grapsidae,Geograpsus_crinipes,1
Rawaki,Decapoda,Grapsidae,Geograpsus_crinipes,1
South_Keeling,Decapoda,Grapsidae,Geograpsus_crinipes,1
Tabuaeran,Decapoda,Grapsidae,Geograpsus_crinipes,1
Takapoto,Decapoda,Grapsidae,Geograpsus_crinipes,1
Tetiaroa,Decapoda,Grapsidae,Geograpsus_crinipes,1
Ujae,Decapoda,Grapsidae,Geograpsus_crinipes,1
Utirik,Decapoda,Grapsidae,Geograpsus_crinipes,1
Abariringa,Decapoda,Grapsidae,Geograpsus_grayi,1
Addu,Decapoda,Grapsidae,Geograpsus_grayi,1
Aldabra,Decapoda,Grapsidae,Geograpsus_grayi,1
Arno,Decapoda,Grapsidae,Geograpsus_grayi,1
Atafu,Decapoda,Grapsidae,Geograpsus_grayi,1
Diego_Garcia,Decapoda,Grapsidae,Geograpsus_grayi,1
Eniwetok,Decapoda,Grapsidae,Geograpsus_grayi,1
Fakaofo,Decapoda,Grapsidae,Geograpsus_grayi,1
Glorioso,Decapoda,Grapsidae,Geograpsus_grayi,1
Kapingamarangi,Decapoda,Grapsidae,Geograpsus_grayi,1
Lae,Decapoda,Grapsidae,Geograpsus_grayi,1
Nukunonu,Decapoda,Grapsidae,Geograpsus_grayi,1
Nukutepipi,Decapoda,Grapsidae,Geograpsus_grayi,1
Palmyra,Decapoda,Grapsidae,Geograpsus_grayi,1
Raroia,Decapoda,Grapsidae,Geograpsus_grayi,1
Rawaki,Decapoda,Grapsidae,Geograpsus_grayi,1
South_Keeling,Decapoda,Grapsidae,Geograpsus_grayi,1
Taka,Decapoda,Grapsidae,Geograpsus_grayi,1
Tetiaroa,Decapoda,Grapsidae,Geograpsus_grayi,1
Ujae,Decapoda,Grapsidae,Geograpsus_grayi,1
Wake,Decapoda,Grapsidae,Geograpsus_grayi,1
Wotho,Decapoda,Grapsidae,Geograpsus_grayi,1
Arno,Decapoda,Grapsidae,Geograpsus_lividus,1
Clipperton,Decapoda,Grapsidae,Geograpsus_lividus,1
Manihiki,Decapoda,Grapsidae,Geograpsus_lividus,1
Clipperton,Decapoda,Grapsidae,Geograpsus_sp,1
Europa,Decapoda,Grapsidae,Grapsus_albolineatus,1
Johnston,Decapoda,Grapsidae,Grapsus_albolineatus,1
Kavaratti,Decapoda,Grapsidae,Grapsus_albolineatus,1
Kiritimati,Decapoda,Grapsidae,Grapsus_albolineatus,1
Manihiki,Decapoda,Grapsidae,Grapsus_albolineatus,1
South_Keeling,Decapoda,Grapsidae,Grapsus_albolineatus,1
Europa,Decapoda,Grapsidae,Grapsus_fourmanoiri,1
Glorioso,Decapoda,Grapsidae,Grapsus_fourmanoiri,1
Clipperton,Decapoda,Grapsidae,Grapsus_grapsus,1
Funafuti,Decapoda,Grapsidae,Grapsus_grapsus,1
Eniwetok,Decapoda,Grapsidae,Grapsus_intermedius,1
South_Keeling,Decapoda,Grapsidae,Grapsus_intermedius,1
Arno,Decapoda,Grapsidae,Grapsus_longitarsis,1
Eniwetok,Decapoda,Grapsidae,Grapsus_longitarsis,1
Europa,Decapoda,Grapsidae,Grapsus_longitarsis,1
Glorioso,Decapoda,Grapsidae,Grapsus_longitarsis,1
Johnston,Decapoda,Grapsidae,Grapsus_longitarsis,1
Manihiki,Decapoda,Grapsidae,Grapsus_longitarsis,1
Onotoa,Decapoda,Grapsidae,Grapsus_longitarsis,1
Palmyra,Decapoda,Grapsidae,Grapsus_longitarsis,1
Rangiroa,Decapoda,Grapsidae,Grapsus_longitarsis,1
Raroia,Decapoda,Grapsidae,Grapsus_longitarsis,1
Takapoto,Decapoda,Grapsidae,Grapsus_longitarsis,1
Tetiaroa,Decapoda,Grapsidae,Grapsus_longitarsis,1
Wake,Decapoda,Grapsidae,Grapsus_longitarsis,1
Aldabra,Decapoda,Grapsidae,Grapsus_tenuicrustatus,1
Arno,Decapoda,Grapsidae,Grapsus_tenuicrustatus,1
Ashmore,Decapoda,Grapsidae,Grapsus_tenuicrustatus,1
Astove,Decapoda,Grapsidae,Grapsus_tenuicrustatus,1
Bikar,Decapoda,Grapsidae,Grapsus_tenuicrustatus,1
Cosmoledo,Decapoda,Grapsidae,Grapsus_tenuicrustatus,1
Diego_Garcia,Decapoda,Grapsidae,Grapsus_tenuicrustatus,1
Ducie,Decapoda,Grapsidae,Grapsus_tenuicrustatus,1
Eniwetok,Decapoda,Grapsidae,Grapsus_tenuicrustatus,1
Europa,Decapoda,Grapsidae,Grapsus_tenuicrustatus,1
Glorioso,Decapoda,Grapsidae,Grapsus_tenuicrustatus,1
Jaluit,Decapoda,Grapsidae,Grapsus_tenuicrustatus,1
Johnston,Decapoda,Grapsidae,Grapsus_tenuicrustatus,1
Kavaratti,Decapoda,Grapsidae,Grapsus_tenuicrustatus,1
Laysan,Decapoda,Grapsidae,Grapsus_tenuicrustatus,1
Manihiki,Decapoda,Grapsidae,Grapsus_tenuicrustatus,1
Manuae,Decapoda,Grapsidae,Grapsus_tenuicrustatus,1
Moruroa,Decapoda,Grapsidae,Grapsus_tenuicrustatus,1
Onotoa,Decapoda,Grapsidae,Grapsus_tenuicrustatus,1
Palmyra,Decapoda,Grapsidae,Grapsus_tenuicrustatus,1
Rangiroa,Decapoda,Grapsidae,Grapsus_tenuicrustatus,1
Raroia,Decapoda,Grapsidae,Grapsus_tenuicrustatus,1
South_Keeling,Decapoda,Grapsidae,Grapsus_tenuicrustatus,1
Tabuaeran,Decapoda,Grapsidae,Grapsus_tenuicrustatus,1
Takapoto,Decapoda,Grapsidae,Grapsus_tenuicrustatus,1
Tetiaroa,Decapoda,Grapsidae,Grapsus_tenuicrustatus,1
Ujae,Decapoda,Grapsidae,Grapsus_tenuicrustatus,1
Aldabra,Decapoda,Grapsidae,Metopograpsus_cannicci,1
Abariringa,Decapoda,Grapsidae,Metopograpsus_messor,1
Aldabra,Decapoda,Grapsidae,Metopograpsus_messor,1
Astove,Decapoda,Grapsidae,Metopograpsus_messor,1
Diego_Garcia,Decapoda,Grapsidae,Metopograpsus_messor,1
Europa,Decapoda,Grapsidae,Metopograpsus_messor,1
Funafuti,Decapoda,Grapsidae,Metopograpsus_messor,1
Tabuaeran,Decapoda,Grapsidae,Metopograpsus_messor,1
Arno,Decapoda,Grapsidae,Metopograpsus_thukuhar,1
Atafu,Decapoda,Grapsidae,Metopograpsus_thukuhar,1
Diego_Garcia,Decapoda,Grapsidae,Metopograpsus_thukuhar,1
Eniwetok,Decapoda,Grapsidae,Metopograpsus_thukuhar,1
Europa,Decapoda,Grapsidae,Metopograpsus_thukuhar,1
Rangiroa,Decapoda,Grapsidae,Metopograpsus_thukuhar,1
South_Keeling,Decapoda,Grapsidae,Metopograpsus_thukuhar,1
Tabuaeran,Decapoda,Grapsidae,Metopograpsus_thukuhar,1
Takapoto,Decapoda,Grapsidae,Pachygrapsus_fakaravensis,1
Abariringa,Decapoda,Grapsidae,Pachygrapsus_minutus,1
Ashmore,Decapoda,Grapsidae,Pachygrapsus_minutus,1
Clipperton,Decapoda,Grapsidae,Pachygrapsus_minutus,1
Diego_Garcia,Decapoda,Grapsidae,Pachygrapsus_minutus,1
Eniwetok,Decapoda,Grapsidae,Pachygrapsus_minutus,1
Europa,Decapoda,Grapsidae,Pachygrapsus_minutus,1
French_Frigate_Shoals,Decapoda,Grapsidae,Pachygrapsus_minutus,1
Glorioso,Decapoda,Grapsidae,Pachygrapsus_minutus,1
Johnston,Decapoda,Grapsidae,Pachygrapsus_minutus,1
Kavaratti,Decapoda,Grapsidae,Pachygrapsus_minutus,1
Laysan,Decapoda,Grapsidae,Pachygrapsus_minutus,1
Onotoa,Decapoda,Grapsidae,Pachygrapsus_minutus,1
Palmyra,Decapoda,Grapsidae,Pachygrapsus_minutus,1
South_Keeling,Decapoda,Grapsidae,Pachygrapsus_minutus,1
Tabuaeran,Decapoda,Grapsidae,Pachygrapsus_minutus,1
Takapoto,Decapoda,Grapsidae,Pachygrapsus_minutus,1
Tikehau,Decapoda,Grapsidae,Pachygrapsus_minutus,1
Abariringa,Decapoda,Grapsidae,Pachygrapsus_planifrons,1
Clipperton,Decapoda,Grapsidae,Pachygrapsus_planifrons,1
Eniwetok,Decapoda,Grapsidae,Pachygrapsus_planifrons,1
Europa,Decapoda,Grapsidae,Pachygrapsus_planifrons,1
Glorioso,Decapoda,Grapsidae,Pachygrapsus_planifrons,1
Johnston,Decapoda,Grapsidae,Pachygrapsus_planifrons,1
Midway,Decapoda,Grapsidae,Pachygrapsus_planifrons,1
Onotoa,Decapoda,Grapsidae,Pachygrapsus_planifrons,1
Rangiroa,Decapoda,Grapsidae,Pachygrapsus_planifrons,1
Raroia,Decapoda,Grapsidae,Pachygrapsus_planifrons,1
South_Keeling,Decapoda,Grapsidae,Pachygrapsus_planifrons,1
Tongareva,Decapoda,Grapsidae,Pachygrapsus_planifrons,1
Arno,Decapoda,Grapsidae,Pachygrapsus_plicatus,1
Eniwetok,Decapoda,Grapsidae,Pachygrapsus_plicatus,1
Europa,Decapoda,Grapsidae,Pachygrapsus_plicatus,1
Glorioso,Decapoda,Grapsidae,Pachygrapsus_plicatus,1
Johnston,Decapoda,Grapsidae,Pachygrapsus_plicatus,1
Palmyra,Decapoda,Grapsidae,Pachygrapsus_plicatus,1
Rangiroa,Decapoda,Grapsidae,Pachygrapsus_plicatus,1
Raroia,Decapoda,Grapsidae,Pachygrapsus_plicatus,1
South_Keeling,Decapoda,Grapsidae,Pachygrapsus_plicatus,1
Tabuaeran,Decapoda,Grapsidae,Pachygrapsus_plicatus,1
Takapoto,Decapoda,Grapsidae,Pachygrapsus_plicatus,1
Clipperton,Decapoda,Grapsidae,Pachygrapsus_socius,1
Arno,Decapoda,Sesarmidae,Circulium_rotundatum,1
Kapingamarangi,Decapoda,Sesarmidae,Circulium_rotundatum,1
Nukunonu,Decapoda,Sesarmidae,Circulium_rotundatum,1
Ujae,Decapoda,Sesarmidae,Circulium_rotundatum,1
South_Keeling,Decapoda,Sesarmidae,Leptarma_lenzii,1
Arno,Decapoda,Sesarmidae,Metasesarma_aubryi,1
Kapingamarangi,Decapoda,Sesarmidae,Metasesarma_aubryi,1
Ujae,Decapoda,Sesarmidae,Metasesarma_aubryi,1
Arno,Decapoda,Sesarmidae,Metasesarma_obesum,1
Diego_Garcia,Decapoda,Sesarmidae,Metasesarma_obesum,1
Eniwetok,Decapoda,Sesarmidae,Metasesarma_obesum,1
Jaluit,Decapoda,Sesarmidae,Metasesarma_obesum,1
Kavaratti,Decapoda,Sesarmidae,Metasesarma_obesum,1
Kwajalein,Decapoda,Sesarmidae,Metasesarma_obesum,1
Likiep,Decapoda,Sesarmidae,Metasesarma_obesum,1
Rangiroa,Decapoda,Sesarmidae,Metasesarma_obesum,1
Aldabra,Decapoda,Sesarmidae,Neosamartium_meinerti,1
South_Keeling,Decapoda,Sesarmidae,Parasesarma_sigillatum,1
Palmyra,Decapoda,Varunidae,Cyclograpsus_audouinii,1
Tabuaeran,Decapoda,Varunidae,Cyclograpsus_audouinii,1
Arno,Decapoda,Varunidae,Cyclograpsus_integer,1
Eniwetok,Decapoda,Varunidae,Cyclograpsus_integer,1
Europa,Decapoda,Varunidae,Cyclograpsus_integer,1
Manihiki,Decapoda,Varunidae,Cyclograpsus_integer,1
Rangiroa,Decapoda,Varunidae,Cyclograpsus_integer,1
Raroia,Decapoda,Varunidae,Cyclograpsus_integer,1
South_Keeling,Decapoda,Varunidae,Cyclograpsus_integer,1
Takapoto,Decapoda,Varunidae,Cyclograpsus_integer,1
Wake,Decapoda,Varunidae,Cyclograpsus_integer,1
Eniwetok,Decapoda,Varunidae,Cyclograpsus_longipes,1
Raroia,Decapoda,Varunidae,Cyclograpsus_longipes,1
Eniwetok,Decapoda,Varunidae,Cyclograpsus_sanctaecrucis,1
Tongareva,Decapoda,Varunidae,Cyclograpsus_sanctaecrucis,1
Onotoa,Decapoda,Macrophthalmidae,Chaenostoma_boscii,1
Aldabra,Decapoda,Macrophthalmidae,Macrophthalmus_parvimanus,1
South_Keeling,Decapoda,Macrophthalmidae,Macrophthalmus_telescopicus,1
Aldabra,Decapoda,Ocypodidae,Austruca_annulipes,1
Manihiki,Decapoda,Ocypodidae,Austruca_annulipes,1
Palmyra,Decapoda,Ocypodidae,Austruca_annulipes,1
Tabuaeran,Decapoda,Ocypodidae,Austruca_annulipes,1
Aldabra,Decapoda,Ocypodidae,Austruca_lactea,1
Abariringa,Decapoda,Ocypodidae,Gelasimus_tetragonon,1
Aldabra,Decapoda,Ocypodidae,Gelasimus_tetragonon,1
Ashmore,Decapoda,Ocypodidae,Gelasimus_tetragonon,1
Diego_Garcia,Decapoda,Ocypodidae,Gelasimus_tetragonon,1
Eniwetok,Decapoda,Ocypodidae,Gelasimus_tetragonon,1
Europa,Decapoda,Ocypodidae,Gelasimus_tetragonon,1
Funafuti,Decapoda,Ocypodidae,Gelasimus_tetragonon,1
Moruroa,Decapoda,Ocypodidae,Gelasimus_tetragonon,1
Onotoa,Decapoda,Ocypodidae,Gelasimus_tetragonon,1
Palmyra,Decapoda,Ocypodidae,Gelasimus_tetragonon,1
Raroia,Decapoda,Ocypodidae,Gelasimus_tetragonon,1
Tabuaeran,Decapoda,Ocypodidae,Gelasimus_tetragonon,1
Tetiaroa,Decapoda,Ocypodidae,Gelasimus_tetragonon,1
Tongareva,Decapoda,Ocypodidae,Gelasimus_tetragonon,1
Europa,Decapoda,Ocypodidae,Paraleptuca_chlorophthalmus,1
South_Keeling,Decapoda,Ocypodidae,Paraleptuca_chlorophthalmus,1
Abariringa,Decapoda,Ocypodidae,Ocypode_ceratophthalmus,1
Addu,Decapoda,Ocypodidae,Ocypode_ceratophthalmus,1
Ailuk,Decapoda,Ocypodidae,Ocypode_ceratophthalmus,1
Aldabra,Decapoda,Ocypodidae,Ocypode_ceratophthalmus,1
Arno,Decapoda,Ocypodidae,Ocypode_ceratophthalmus,1
Ashmore,Decapoda,Ocypodidae,Ocypode_ceratophthalmus,1
Bikar,Decapoda,Ocypodidae,Ocypode_ceratophthalmus,1
Clipperton,Decapoda,Ocypodidae,Ocypode_ceratophthalmus,1
Cosmoledo,Decapoda,Ocypodidae,Ocypode_ceratophthalmus,1
Diego_Garcia,Decapoda,Ocypodidae,Ocypode_ceratophthalmus,1
Eniwetok,Decapoda,Ocypodidae,Ocypode_ceratophthalmus,1
Europa,Decapoda,Ocypodidae,Ocypode_ceratophthalmus,1
French_Frigate_Shoals,Decapoda,Ocypodidae,Ocypode_ceratophthalmus,1
Funafuti,Decapoda,Ocypodidae,Ocypode_ceratophthalmus,1
Glorioso,Decapoda,Ocypodidae,Ocypode_ceratophthalmus,1
Johnston,Decapoda,Ocypodidae,Ocypode_ceratophthalmus,1
Kapingamarangi,Decapoda,Ocypodidae,Ocypode_ceratophthalmus,1
Kavaratti,Decapoda,Ocypodidae,Ocypode_ceratophthalmus,1
Kiritimati,Decapoda,Ocypodidae,Ocypode_ceratophthalmus,1
Kwajalein,Decapoda,Ocypodidae,Ocypode_ceratophthalmus,1
Laysan,Decapoda,Ocypodidae,Ocypode_ceratophthalmus,1
Manuae,Decapoda,Ocypodidae,Ocypode_ceratophthalmus,1
Onotoa,Decapoda,Ocypodidae,Ocypode_ceratophthalmus,1
Palmyra,Decapoda,Ocypodidae,Ocypode_ceratophthalmus,1
Pearl_and_Hermes,Decapoda,Ocypodidae,Ocypode_ceratophthalmus,1
Rangiroa,Decapoda,Ocypodidae,Ocypode_ceratophthalmus,1
Raroia,Decapoda,Ocypodidae,Ocypode_ceratophthalmus,1
South_Keeling,Decapoda,Ocypodidae,Ocypode_ceratophthalmus,1
St_Joseph,Decapoda,Ocypodidae,Ocypode_ceratophthalmus,1
Tabuaeran,Decapoda,Ocypodidae,Ocypode_ceratophthalmus,1
Taka,Decapoda,Ocypodidae,Ocypode_ceratophthalmus,1
Takapoto,Decapoda,Ocypodidae,Ocypode_ceratophthalmus,1
Tetiaroa,Decapoda,Ocypodidae,Ocypode_ceratophthalmus,1
Tikehau,Decapoda,Ocypodidae,Ocypode_ceratophthalmus,1
Ujae,Decapoda,Ocypodidae,Ocypode_ceratophthalmus,1
Wake,Decapoda,Ocypodidae,Ocypode_ceratophthalmus,1
Ailuk,Decapoda,Ocypodidae,Ocypode_cordimana,1
Aldabra,Decapoda,Ocypodidae,Ocypode_cordimana,1
Arno,Decapoda,Ocypodidae,Ocypode_cordimana,1
Bikar,Decapoda,Ocypodidae,Ocypode_cordimana,1
Diego_Garcia,Decapoda,Ocypodidae,Ocypode_cordimana,1
Eniwetok,Decapoda,Ocypodidae,Ocypode_cordimana,1
Europa,Decapoda,Ocypodidae,Ocypode_cordimana,1
Glorioso,Decapoda,Ocypodidae,Ocypode_cordimana,1
Kavaratti,Decapoda,Ocypodidae,Ocypode_cordimana,1
Onotoa,Decapoda,Ocypodidae,Ocypode_cordimana,1
South_Keeling,Decapoda,Ocypodidae,Ocypode_cordimana,1
Tabuaeran,Decapoda,Ocypodidae,Ocypode_cordimana,1
Utirik,Decapoda,Ocypodidae,Ocypode_cordimana,1
Johnston,Decapoda,Ocypodidae,Ocypode_pallidula,1
Laysan,Decapoda,Ocypodidae,Ocypode_pallidula,1
Midway,Decapoda,Ocypodidae,Ocypode_pallidula,1
Moruroa,Decapoda,Ocypodidae,Ocypode_pallidula,1
Pearl_and_Hermes,Decapoda,Ocypodidae,Ocypode_pallidula,1
Europa,Decapoda,Ocypodidae,Uca_inversa,1
Manuae,Decapoda,Ocypodidae,Uca_sp,1
Wake,Decapoda,Ocypodidae,Uca_sp,1
