Atoll,Country,Group,Lat,Lon,Plot_X,Plot_Y
Abaiang,Kiribati,Gilbert Islands,1.8569,172.9472,46.4,57.8
Abemama,Kiribati,Gilbert Islands,0.3927,173.8657,47.8,55.6
Ahe,French Polynesia,Tuamotu Archipelago,-14.4784,-146.3037,79.8,28.0
Ahnd,Federated States of Micronesia,Caroline Islands,6.7768,157.9598,25.0,60.0
Ahunui,French Polynesia,Tuamotu Archipelago,-19.6342,-140.4093,86.9,21.8
Ailinginae,Marshall Islands,Ralik Chain,11.1429,166.4339,31.9,86.3
Ailinglaplap,Marshall Islands,Ralik Chain,7.3947,168.7634,36.5,78.8
Ailuk,Marshall Islands,Ratak Chain,10.3134,169.9373,38.9,84.6
Akiaki,French Polynesia,Tuamotu Archipelago,-18.55,-139.22,88.3,23.1
Amanu,French Polynesia,Tuamotu Archipelago,-17.8076,-140.7621,86.5,24.0
Anaa,French Polynesia,Tuamotu Archipelago,-17.4134,-145.4918,80.8,24.5
Anuanuraro,French Polynesia,Tuamotu Archipelago,-20.436,-143.5355,83.2,20.9
Anuanurunga,French Polynesia,Tuamotu Archipelago,-20.6135,-143.287,83.5,20.7
Apataki,French Polynesia,Tuamotu Archipelago,-15.4527,-146.3248,79.8,26.9
Aranuka,Kiribati,Gilbert Islands,0.1659,173.6088,47.4,55.2
Aratika,French Polynesia,Tuamotu Archipelago,-15.5392,-145.5294,80.8,26.8
Arno,Marshall Islands,Ratak Chain,7.0611,171.6631,42.3,78.1
Arorae,Kiribati,Gilbert Islands,-2.64,176.83,52.2,51.0
Arutua,French Polynesia,Tuamotu Archipelago,-15.3217,-146.742,79.3,27.0
Asia,Indonesia,Raja Ampat Archipelago,1.0396,131.2509,2.0,60.0
Atafu,Tokelau,Tokelau Islands,-8.5602,-172.4929,54.0,38.0
Aua,Papua New Guinea,Bismarck Archipelago,-1.463333,143.060833,10.0,52.0
Aur,Marshall Islands,Ratak Chain,8.2557,171.0935,41.2,80.5
Awin,Papua New Guinea,Bismarck Archipelago,-1.6475,144.029722,11.5,51.5
Baker,United States,Isolated Central Pacific,0.195,-176.479,48.0,92.0
Bat,Papua New Guinea,Bismarck Archipelago,-2.841667,146.235556,15.0,49.0
Bellona,New Caledonia,Chesterfield Islands,-21.156,158.9917,25.0,15.0
Beru,Kiribati,Gilbert Islands,-1.3215,175.9784,51.0,53.0
Bikar,Marshall Islands,Ratak Chain,12.2439,170.1074,39.2,88.5
Bikini,Marshall Islands,Ralik Chain,11.5904,165.3822,29.8,87.2
Birnie,Kiribati,Phoenix Islands,-3.5847,-171.5169,66.0,51.0
Bokak,Marshall Islands,Ratak Chain,14.6559,168.9733,36.9,93.3
Butaritari,Kiribati,Gilbert Islands,3.152,172.8311,46.2,59.7
Chesterfield,New Caledonia,Chesterfield Islands,-19.2865,158.6077,24.5,17.0
Ducie,Pitcairn Islands,Pitcairn Islands,-24.6811,-124.7854,98.0,10.0
Eauripik,Federated States of Micronesia,Caroline Islands,6.6899,143.0416,12.0,64.0
Ebon,Marshall Islands,Ralik Chain,4.6349,168.7192,36.4,73.3
Elato,Federated States of Micronesia,Caroline Islands,7.4406,146.1477,15.0,65.0
Enewetak,Marshall Islands,Ralik Chain,11.4948,162.2244,23.5,87.0
Erikub,Marshall Islands,Ratak Chain,9.142,170.0205,39.0,82.3
Ettal,Federated States of Micronesia,Caroline Islands,5.5903,153.5672,21.0,63.0
Faaite,French Polynesia,Tuamotu Archipelago,-16.7506,-145.2421,81.1,25.3
Fakahina,French Polynesia,Tuamotu Archipelago,-15.9851,-140.1331,87.2,26.2
Fakaofo,Tokelau,Tokelau Islands,-9.3736,-171.2162,55.5,37.0
Fakarava,French Polynesia,Tuamotu Archipelago,-16.2928,-145.6084,80.7,25.9
Fangatau,French Polynesia,Tuamotu Archipelago,-15.8262,-140.8618,86.4,26.4
Fangataufa,French Polynesia,Tuamotu Archipelago,-22.2356,-138.7401,88.9,18.7
Fanna,Palau,Southwest Islands,5.353,132.226,3.0,64.0
Faraulep,Federated States of Micronesia,Caroline Islands,8.679,152.2321,20.0,68.0
Fayu,Federated States of Micronesia,Caroline Islands,8.548,151.34,19.0,68.0
Flint,Kiribati,Line Islands,-11.43,-151.8,91.0,55.0
Funafuti,Tuvalu,Tuvalu,-8.5155,179.113,52.0,38.0
Gaferut,Federated States of Micronesia,Caroline Islands,9.23,145.385,14.0,68.0
Hao,French Polynesia,Tuamotu Archipelago,-18.209167,-140.853611,86.4,23.5
Haraiki,French Polynesia,Tuamotu Archipelago,-17.4651,-143.4489,83.3,24.4
Heina,Papua New Guinea,Bismarck Archipelago,-1.132222,144.505833,12.0,53.0
Helen,Palau,Southwest Islands,2.97375,131.8121,2.5,61.0
Hereheretue,French Polynesia,Tuamotu Archipelago,-19.8698,-144.959,81.5,21.5
Hikueru,French Polynesia,Tuamotu Archipelago,-17.5884,-142.6158,84.4,24.2
Hiti,French Polynesia,Tuamotu Archipelago,-16.7277,-144.0955,82.5,25.3
Houk,Federated States of Micronesia,Caroline Islands,6.6915,149.3024,17.0,63.0
Howland,United States,Isolated Central Pacific,0.807,-176.616,47.8,93.0
Huon,New Caledonia,Loyalty Islands,-18.1031,162.8905,28.0,19.0
Ifalik,Federated States of Micronesia,Caroline Islands,7.2508,144.4462,13.5,64.0
Iles Maria,French Polynesia,Austral Islands,-21.8095,-154.7047,70.0,15.0
Jabat,Marshall Islands,Ralik Chain,7.7517,168.9767,36.9,79.5
Jaluit,Marshall Islands,Ralik Chain,6.0064,169.5537,38.1,76.0
Jarvis,United States,Line Islands,-0.373889,-159.997778,92.0,60.0
Jemo,Marshall Islands,Ratak Chain,10.116667,169.55,38.1,84.2
Johnston,United States,Isolated Northern Pacific,16.732222,-169.530833,55.0,98.0
Kapingamarangi,Federated States of Micronesia,Caroline Islands,1.065,154.7722,22.0,55.0
Katiu,French Polynesia,Tuamotu Archipelago,-16.4236,-144.3601,82.2,25.7
Kauehi,French Polynesia,Tuamotu Archipelago,-15.8772,-145.1562,81.2,26.4
Kaukura,French Polynesia,Tuamotu Archipelago,-15.7563,-146.6987,79.3,26.5
Kayangel,Palau,Caroline Islands,8.0727,134.7054,5.0,68.0
Kili,Marshall Islands,Ralik Chain,5.646111,169.128333,37.2,75.3
Kiritimati,Kiribati,Line Islands,1.8708,-157.4141,94.0,63.0
Kure,United States,Hawaiian Islands,28.4226,-178.3294,40.0,99.0
Kuria,Kiribati,Gilbert Islands,0.215,173.43,47.1,55.3
Kwajalein,Marshall Islands,Ralik Chain,9.1876,167.4552,33.8,82.3
Lae,Marshall Islands,Ralik Chain,8.9374,166.2406,31.5,81.8
Lamotrek,Federated States of Micronesia,Caroline Islands,7.4921,146.3187,15.5,65.0
Laysan,United States,Hawaiian Islands,25.7695,-171.7328,45.0,98.0
Lib,Marshall Islands,Ralik Chain,8.3132,167.3805,33.7,80.6
Likiep,Marshall Islands,Ratak Chain,9.897,169.1366,37.3,83.8
Liot,Papua New Guinea,Bismarck Archipelago,-1.409444,144.513056,12.0,52.0
Lisianski,United States,Hawaiian Islands,26.064,-173.965,43.0,98.0
Losap,Federated States of Micronesia,Caroline Islands,6.8789,152.6969,20.0,63.0
Lukunor,Federated States of Micronesia,Caroline Islands,5.5185,153.753,21.0,62.0
Maiana,Kiribati,Gilbert Islands,0.9321,173.0036,46.5,56.4
Majuro,Marshall Islands,Ratak Chain,7.1137,171.1993,41.4,78.2
Makalom,Solomon Islands,Santa Cruz Islands,-10.168611,166.200278,35.0,33.0
Makemo,French Polynesia,Tuamotu Archipelago,-16.618,-143.689,83.0,25.5
Makin,Kiribati,Gilbert Islands,3.38,173,46.5,60.1
Maloelap,Marshall Islands,Ratak Chain,8.7375,171.0411,41.1,81.5
Malum,Papua New Guinea,Solomon Archipelago,-3.1461,154.4937,22.0,49.0
Manihi,French Polynesia,Tuamotu Archipelago,-14.4038,-145.9477,80.3,28.1
Manihiki,Cook Islands,Northern Cook Islands,-10.4259,-161.0007,70.5,35.0
Manra,Kiribati,Phoenix Islands,-4.4556,-171.2444,66.5,50.0
Manu,Papua New Guinea,Bismarck Archipelago,-1.310278,143.581389,10.5,52.3
Manuae,Cook Islands,Southern Cook Islands,-19.2697,-158.9441,72.5,23.0
Manua'e,French Polynesia,Society Islands,-16.5434,-154.6841,72.0,26.5
Manuhangi,French Polynesia,Tuamotu Archipelago,-19.2011,-141.2441,85.9,22.3
Mapia,Indonesia,Papua Province,0.8824,134.3048,4.5,60.0
Marakei,Kiribati,Gilbert Islands,2.0014,173.2765,46.9,58.0
Maria Est,French Polynesia,Tuamotu Archipelago,-22.016,-136.1892,91.5,19.2
Marokau,French Polynesia,Tuamotu Archipelago,-18.0605,-142.2658,84.9,23.5
Marutea Nord,French Polynesia,Tuamotu Archipelago,-17.0245,-143.1548,83.8,24.9
Marutea Sud,French Polynesia,Tuamotu Archipelago,-21.5207,-135.5566,92.5,20.0
Mataiva,French Polynesia,Tuamotu Archipelago,-14.8831,-148.6738,77.3,27.5
Matema,Solomon Islands,Santa Cruz Islands,-10.293056,166.184167,35.0,33.0
Matureivavao,French Polynesia,Tuamotu Archipelago,-21.4721,-136.3935,91.0,20.1
Maupihaa,French Polynesia,Society Islands,-16.8098,-153.9555,72.5,25.8
McKean,Kiribati,Phoenix Islands,-3.5954,-174.1229,62.0,51.0
Mejit,Marshall Islands,Ratak Chain,10.283333,170.866667,40.8,84.5
Merir,Palau,Southwest Islands,4.324,132.31,3.2,62.0
Midway,United States,Isolated Northern Pacific,28.237,-177.3711,42.0,99.0
Mili,Marshall Islands,Ratak Chain,6.1312,171.9422,42.8,76.3
Mole,Papua New Guinea,Bismarck Archipelago,-2.871111,146.458611,15.5,49.0
Morane,French Polynesia,Tuamotu Archipelago,-23.1569,-137.133,90.5,17.5
Moruroa,French Polynesia,Tuamotu Archipelago,-21.8347,-138.8842,88.5,19.5
Motu One,French Polynesia,Society Islands,-15.8143,-154.5224,72.0,27.2
Motutunga,French Polynesia,Tuamotu Archipelago,-17.1036,-144.3686,82.3,24.8
Mouse,Papua New Guinea,Bismarck Archipelago,-2.897222,146.403056,15.5,49.0
Murilo,Federated States of Micronesia,Caroline Islands,8.681,150.355,18.0,68.0
Mwoakilloa,Federated States of Micronesia,Caroline Islands,6.6799,159.7566,27.0,60.0
Nadikdik,Marshall Islands,Ratak Chain,5.891111,172.165833,43.2,75.8
Nama,Federated States of Micronesia,Caroline Islands,6.99,152.58,20.0,63.5
Namdrik,Marshall Islands,Ralik Chain,5.6137,168.1155,35.8,75.2
Namoluk,Federated States of Micronesia,Caroline Islands,5.9137,153.1406,20.5,62.5
Namonuito,Federated States of Micronesia,Caroline Islands,8.591,144.5096,14.0,67.5
Namu,Marshall Islands,Ralik Chain,7.9867,168.1679,35.8,79.9
Nanuku Levu,Fiji,Ringgold Isles,-16.715,-179.452,55.0,20.0
Nanumanga,Tuvalu,Tuvalu,-6.2885,176.3202,49.5,35.0
Nanumea,Tuvalu,Tuvalu,-5.647222,176.068333,49.0,36.5
Napuka,French Polynesia,Tuamotu Archipelago,-14.1726,-141.231,85.5,28.5
Nassau,Cook Islands,Northern Cook Islands,-11.55,-165.42,67.0,33.0
Nengonengo,French Polynesia,Tuamotu Archipelago,-18.7518,-141.8072,85.3,23.0
Neoch,Federated States of Micronesia,Caroline Islands,7.113056,151.8775,19.5,64.0
Ngulu,Federated States of Micronesia,Caroline Islands,8.4507,137.4544,10.0,67.0
Niau,French Polynesia,Tuamotu Archipelago,-16.1554,-146.3544,79.8,26.1
Nifiloli,Solomon Islands,Santa Cruz Islands,-10.186944,166.3,35.0,33.0
Nihiru,French Polynesia,Tuamotu Archipelago,-16.6922,-142.8347,84.1,25.3
Nikumaroro,Kiribati,Phoenix Islands,-4.6764,-174.5185,61.5,49.0
Nikunau,Kiribati,Gilbert Islands,-1.3475,176.4512,51.8,53.0
Ninigo,Papua New Guinea,Bismarck Archipelago,-1.2667,144.2667,11.8,53.0
Nissan,Papua New Guinea,Solomon Archipelago,-4.51,154.2,21.8,47.0
Niulakita,Tuvalu,Tuvalu,-10.789,179.473,52.5,31.0
Niutao,Tuvalu,Tuvalu,-6.1087,177.3418,50.5,35.5
Nomwin,Federated States of Micronesia,Caroline Islands,8.5345,151.7724,19.2,68.0
Nonouti,Kiribati,Gilbert Islands,-0.6534,174.3477,48.5,54.2
Nuguria,Papua New Guinea,Solomon Archipelago,-3.3195,154.6854,22.2,49.0
Nui,Tuvalu,Tuvalu,-7.2258,177.1546,50.2,34.5
Nukapu,Solomon Islands,Santa Cruz Islands,-10.0906,166.0389,35.0,33.0
Nukufetau,Tuvalu,Tuvalu,-7.9942,178.3778,51.5,33.8
Nukulaelae,Tuvalu,Tuvalu,-9.3872,179.8424,53.0,32.0
Nukumanu,Papua New Guinea,Solomon Archipelago,-4.5429,159.3974,27.0,47.0
Nukumbasanga,Fiji,Ringgold Isles,-16.3101,-179.2631,55.0,20.0
Nukunonu,Tokelau,Tokelau Islands,-9.1687,-171.8176,55.0,37.5
Nukuoro,Federated States of Micronesia,Caroline Islands,3.8478,154.9414,22.5,58.0
Nukusemanu,Fiji,Ringgold Isles,-16.3375,-179.415278,55.0,20.0
Nukutavake,French Polynesia,Tuamotu Archipelago,-19.28,-138.8,88.8,22.2
Nukutepipi,French Polynesia,Tuamotu Archipelago,-20.7045,-143.052,84.1,20.5
Nupani,Solomon Islands,Santa Cruz Islands,-10.0834,165.729,35.0,33.0
Oeno,Pitcairn Islands,Pitcairn Islands,-23.9254,-130.7308,93.0,11.5
Ofolanga,Tonga,Ha'apai Group,-19.600278,-174.453333,60.0,20.0
Olimarao,Federated States of Micronesia,Caroline Islands,7.6901,145.8716,15.0,65.5
Onotoa,Kiribati,Gilbert Islands,-1.8776,175.5596,50.4,52.3
Ontong Java,Solomon Islands,Solomon Islands,-5.349,159.3282,27.0,46.0
Oroluk,Federated States of Micronesia,Caroline Islands,7.5134,155.3036,23.0,61.0
Orona,Kiribati,Phoenix Islands,-4.5118,-172.1798,64.0,50.0
Pakin,Federated States of Micronesia,Caroline Islands,7.0565,157.8079,25.0,60.5
Palmerston,Cook Islands,Northern Cook Islands,-18.0474,-163.1548,70.0,25.0
Palmyra,United States,Line Islands,5.8885,-162.0787,88.0,65.0
Papialou,Papua New Guinea,Bismarck Archipelago,-2.731111,147.348056,16.5,49.5
Paraoa,French Polynesia,Tuamotu Archipelago,-19.1365,-140.69,86.2,22.4
Pearl and Hermes,United States,Hawaiian Islands,27.873,-175.8354,42.0,99.0
Pelleluhu,Papua New Guinea,Bismarck Archipelago,-1.087778,144.399444,11.8,53.2
Penrhyn,Cook Islands,Northern Cook Islands,-8.9993,-157.9715,75.0,37.0
Piagailoe,Federated States of Micronesia,Caroline Islands,8.0743,146.7162,15.8,66.0
Pikelot,Federated States of Micronesia,Caroline Islands,8.083,147.633,16.8,66.0
Pileni,Solomon Islands,Santa Cruz Islands,-10.173056,166.2475,35.0,33.0
Pinaki,French Polynesia,Tuamotu Archipelago,-19.3949,-138.6751,88.9,22.1
Pingelap,Federated States of Micronesia,Caroline Islands,6.2174,160.7024,28.0,59.5
Pinipel,Papua New Guinea,Solomon Archipelago,-4.4,154.1201,21.8,47.0
Poluwat,Federated States of Micronesia,Caroline Islands,7.3592,149.1893,18.5,65.0
Pukapuka,Cook Islands,Northern Cook Islands,-10.8858,-165.8534,66.5,34.0
Puka-Puka,French Polynesia,Tuamotu Archipelago,-14.8176,-138.8167,88.2,27.5
Pukarua,French Polynesia,Tuamotu Archipelago,-18.3159,-137.0181,90.5,23.3
Pulap,Federated States of Micronesia,Caroline Islands,7.5901,149.422,18.5,65.5
Rakahanga,Cook Islands,Northern Cook Islands,-10.0165,-161.0896,71.0,36.0
Rangiroa,French Polynesia,Tuamotu Archipelago,-15.1138,-147.6486,78.2,27.2
Raraka,French Polynesia,Tuamotu Archipelago,-16.1764,-144.8953,81.6,26.0
Raroia,French Polynesia,Tuamotu Archipelago,-16.0809,-142.4241,84.7,26.2
Ravahere,French Polynesia,Tuamotu Archipelago,-18.2358,-142.1475,85.1,23.3
Rawaki,Kiribati,Phoenix Islands,-3.7217,-170.7118,67.5,51.0
Reao,French Polynesia,Tuamotu Archipelago,-18.516,-136.3717,91.8,23.1
Reitoru,French Polynesia,Tuamotu Archipelago,-17.8555,-143.0744,83.9,24.0
Rekareka,French Polynesia,Tuamotu Archipelago,-16.834,-141.9218,85.4,25.2
Rongelap,Marshall Islands,Ralik Chain,11.3333,166.8131,32.3,86.6
Rongerik,Marshall Islands,Ralik Chain,11.3565,167.4482,33.2,86.6
Rose,American Samoa,Samoan Islands,-14.5452,-168.1554,62.0,30.0
Rowa,Vanuatu,Banks Islands,-13.6239,167.5185,38.0,28.0
Sae,Papua New Guinea,Bismarck Archipelago,-0.758056,145.306389,13.0,54.0
Sama,Papua New Guinea,Bismarck Archipelago,-1.4049,144.0796,11.5,52.0
Samasuma,Papua New Guinea,Bismarck Archipelago,-1.470556,144.051389,11.5,52.0
Sapwuahfik,Federated States of Micronesia,Caroline Islands,5.8105,157.2732,25.0,58.0
Satawan,Federated States of Micronesia,Caroline Islands,5.3944,153.6206,21.0,62.0
Sikaiana,Solomon Islands,Solomon Islands,-8.411389,162.941111,32.0,35.0
Sonsorol,Palau,Southwest Islands,5.326667,132.222778,3.2,64.0
Sorol,Federated States of Micronesia,Caroline Islands,8.1452,140.3724,11.0,66.0
Suf,Papua New Guinea,Bismarck Archipelago,-0.881667,145.556944,13.2,53.8
Surprise,New Caledonia,Loyalty Islands,-18.4121,163.1109,28.5,18.5
Suwarrow,Cook Islands,Northern Cook Islands,-13.2279,-163.1261,68.0,30.0
Swains,American Samoa,Tokelau Islands,-11.0555,-171.078,56.0,35.0
Tabiteuea,Kiribati,Gilbert Islands,-1.4089,174.8694,49.2,53.0
Tabuaeran,Kiribati,Line Islands,3.8637,-159.3236,91.0,66.0
Taenga,French Polynesia,Tuamotu Archipelago,-16.3574,-143.1398,83.7,25.8
Tahanea,French Polynesia,Tuamotu Archipelago,-16.8646,-144.7778,81.5,25.2
Taiaro,French Polynesia,Tuamotu Archipelago,-15.7438,-144.6336,81.8,26.5
Takapoto,French Polynesia,Tuamotu Archipelago,-14.6236,-145.2024,81.0,28.0
Takaroa,French Polynesia,Tuamotu Archipelago,-14.4496,-144.9694,81.3,28.2
Takume,French Polynesia,Tuamotu Archipelago,-15.8099,-142.2098,84.9,26.6
Takutea,Cook Islands,Northern Cook Islands,-19.813,-158.29,73.0,22.0
Takuu,Papua New Guinea,Solomon Archipelago,-4.7537,156.9735,24.5,47.0
Tamana,Kiribati,Gilbert Islands,-2.5,175.983333,51.0,51.0
Tarawa,Kiribati,Gilbert Islands,1.4387,172.9878,46.5,57.3
Tatakoto,French Polynesia,Tuamotu Archipelago,-17.3416,-138.3967,88.8,24.5
Tauere,French Polynesia,Tuamotu Archipelago,-17.3772,-141.506,85.5,24.5
Tekokota,French Polynesia,Tuamotu Archipelago,-17.3135,-142.5725,84.4,24.5
Tematangi,French Polynesia,Tuamotu Archipelago,-21.6803,-140.6266,87.0,19.2
Temoe,French Polynesia,Gambier Group,-23.3466,-134.4779,94.0,17.0
Tenararo,French Polynesia,Tuamotu Archipelago,-21.3043,-136.7447,90.5,20.2
Tenarunga,French Polynesia,Tuamotu Archipelago,-21.3451,-136.542,90.8,20.2
Tepoto Nord,French Polynesia,Tuamotu Archipelago,-14.13,-141.4,85.3,28.5
Tepoto Sud,French Polynesia,Tuamotu Archipelago,-16.8206,-144.2804,82.2,25.2
Teraina,Kiribati,Line Islands,4.6839,-160.3803,90.0,67.0
Tetiaroa,French Polynesia,Society Islands,-17.007,-149.5602,77.5,25.5
Tikehau,French Polynesia,Tuamotu Archipelago,-15.0031,-148.1738,77.8,27.3
Tikei,French Polynesia,Tuamotu Archipelago,-14.95,-144.55,82.0,27.5
Tingwon,Papua New Guinea,Bismarck Archipelago,-2.628333,149.676111,18.0,49.5
Toau,French Polynesia,Tuamotu Archipelago,-15.907,-146.0233,80.1,26.4
Tobi,Palau,Southwest Islands,3.006111145,131.12389,2.4,61.0
Toke,Marshall Islands,Ratak Chain,11.1454,169.6238,38.1,86.0
Tuanake,French Polynesia,Tuamotu Archipelago,-16.650784,-144.216049,82.3,25.5
Tulun,Papua New Guinea,Solomon Archipelago,-4.76,155.3899,22.8,47.0
Tupai,French Polynesia,Society Islands,-16.2623,-151.8165,74.5,26.5
Tureia,French Polynesia,Tuamotu Archipelago,-20.8293,-138.539,89.0,21.0
Tuvana-i-Colo,Fiji,Lau Group,-21.01,-178.75,56.0,13.0
Tuvana-i-Ra,Fiji,Lau Group,-21.0364,-178.848,55.8,13.0
Ujae,Marshall Islands,Ralik Chain,9.0679,165.6367,30.8,82.0
Ujelang,Marshall Islands,Ralik Chain,9.8237,160.8952,24.0,83.2
Ulithi,Federated States of Micronesia,Caroline Islands,9.955,139.6495,10.0,70.0
Utirik,Marshall Islands,Ratak Chain,11.2458,169.7902,38.5,86.0
Vahanga,French Polynesia,Tuamotu Archipelago,-21.3321,-136.651,90.5,20.2
Vahitahi,French Polynesia,Tuamotu Archipelago,-18.7742,-138.8197,88.8,22.8
Vairaatea,French Polynesia,Tuamotu Archipelago,-19.3491,-139.2201,88.3,22.1
Vaitupu,Tuvalu,Tuvalu,-7.4785,178.6783,52.3,35.0
Vanavana,French Polynesia,Tuamotu Archipelago,-20.7809,-139.1407,88.5,21.0
Vostok,Kiribati,Line Islands,-10.1,-152.42,90.5,56.0
Wailagi Lala,Fiji,Lau Group,-16.7732,-179.1073,55.8,19.0
Wake,United States,Isolated Western Pacific,19.2977,166.6262,35.1,96.4
Woleai,Federated States of Micronesia,Caroline Islands,7.3462,143.8652,13.0,64.2
Wotho,Marshall Islands,Ralik Chain,10.1046,165.9733,31.2,84.1
Wotje,Marshall Islands,Ratak Chain,9.4385,170.0167,39.0,82.8
Wuvulu,Papua New Guinea,Bismarck Archipelago,-1.734167,142.851944,10.0,51.8
