Atoll,Image date/time (UTC),Maxar Image ID,Target lat,Off-nadir angle,Sun elevation,Sun azimuth,Target azimuth,Camera elevation,Camera azimuth,Sun RA,Sun d,Camera RA,Camera d,phase angle,Best classification phase angle
Abaiang,2/8/2018 23:08,1030010077B1EB00,1.8569,23.579,61.6827,126.2722,17.8816,66.421,197.8816,336.7227016,-14.59383177,7.536580163,-20.53575577,29.92275249,all
Abaiang,10/8/2016 22:55,103001005DD6FB00,1.8569,16.4839,68.4555,111.9882,215.1412,73.5161,35.1412,339.9714155,-6.158698664,350.2540005,15.2468968,23.70688905,all
Abaiang,4/17/2018 23:09,103001007D6F2300,1.8569,27.0976,68.4484,64.5188,14.0371,62.9024,194.0371,340.2672851,10.84132015,6.967277747,-24.38255294,43.81990416,all
Abemama,1/1/2018 23:04,103001007708FD00,0.3927,11.904,59.1131,140.1152,168.0038,78.096,348.0038,339.0739063,-22.8311469,2.512435114,12.03267686,41.74324735,all
Abemama,6/16/2018 23:02,1030010080419F00,0.3927,21.4349,59.3624,39.7521,192.1706,68.5651,12.1706,339.1961538,23.43338003,355.2559441,21.32154841,14.99154798,none
Ahe,8/25/2016 20:03,1030010059422F00,-14.4784,16.104,54.0888,47.4592,202.3407,73.896,22.3407,333.9311883,10.45564452,353.9474807,0.470357112,22.26329491,all
Ahe,9/13/2016 20:02,103001005BA84F00,-14.4784,8.105,59.802,55.4262,330.2997,81.895,150.2997,335.4860836,3.455854934,355.6950204,-21.47494613,31.82805529,all
Ahe,10/10/2016 20:05,103001005E5E5100,-14.4784,6.7461,67.7173,72.6841,184.8127,83.2539,4.8127,338.6096834,-7.011640386,359.4300954,-7.755487747,20.65911281,all
Ahnd,2/14/2020 0:05,10300100A1847700,6.7768,17.841,58.7441,129.7522,164.4753,72.159,344.4753,335.8102392,-13.21480419,5.146792342,23.92015942,46.91430751,none
Ahunui,5/28/2015 19:43,1.03001E+15,-19.6342,21.5699,43.0438,31.026,5.5729,68.4301,185.5729,336.1810697,21.13166843,2.714701629,-41.07958327,66.91127119,5
Ailinginae,1/18/2016 23:32,103001004F365700,11.1429,12.3025,51.0673,144.069,112.0204,77.6975,292.0204,336.8285198,-20.42082217,11.82847223,15.4978137,49.71944022,none
Ailinginae,12/22/2015 23:27,103001004CB00800,11.1429,11.4197,49.6972,148.9635,179.5478,78.5803,359.5478,338.700013,-23.35293584,0.096952593,22.56222462,50.41015243,none
Ailuk,2/1/2016 23:15,1030010051618A00,10.3134,14.8524,53.5118,138.2104,149.3974,75.1476,329.3974,335.5202626,-16.99407564,8.147481339,22.96159626,51.12777306,none
Akiaki,6/11/2020 19:30,10300100A758FB00,-18.55,29.493,41.0103,33.0458,5.1933,60.507,185.1933,333.4449132,23.01091688,3.809665597,-47.87906454,75.95400758,none
Amanu,11/18/2016 19:27,10300100604E6100,-17.8076,25.8333,66.2786,97.6016,278.9565,64.1667,98.9565,335.0062316,-19.30825231,332.7623437,-19.86770054,2.186775903,5
Amanu,7/19/2016 19:30,103001005A6EA200,-17.8076,17.9943,41.4958,38.6119,279.3384,72.0057,99.3384,330.0070352,20.76878774,341.0972181,-19.79091395,41.9867723,all
Amanu,7/19/2016 19:29,10300100588B1100,-17.8076,19.1941,41.5568,38.5318,255.7931,70.8059,75.7931,330.0980024,20.75972804,340.9661227,-12.23952185,34.68558856,none
Anaa,9/27/2018 20:02,103001008496AA00,-17.4134,26.1176,62.8749,57.9887,338.4473,63.8824,158.4473,337.2411019,-2.048203354,347.5785055,-41.2524349,40.29699299,5
Anaa,10/10/2016 20:07,103001005D0E4300,-17.4134,26.9214,67.8542,65.1896,35.9733,63.0786,215.9733,339.8223774,-7.253243779,19.7413839,-38.05809268,47.39918465,all
Anaa,1/21/2020 19:59,10300100A3631100,-17.4134,5.621,62.886,100.1658,307.519,84.379,127.519,331.4709882,-20.06765657,355.2337247,-20.7777333,22.26050163,all
Apataki,8/17/2016 19:59,103001005B562500,-15.4527,17.8698,50.5217,45.0461,335.9806,72.1302,155.9806,332.482157,13.13876501,351.5687815,-31.58347578,48.32376849,all
Apataki,8/17/2016 19:59,103001005D968400,-15.4527,10.4512,50.5241,44.9384,310.5093,79.5488,130.5093,332.5341114,13.18497023,351.4418907,-22.06102324,39.82607166,all
Apataki,8/17/2016 19:59,103001005B4A1500,-15.4527,10.9215,50.6284,44.9656,257.3669,79.0785,77.3669,332.5963289,13.09833334,349.0708969,-12.80759223,30.62483616,none
Aranuka,10/22/2018 22:58,103001008884AE00,0.1659,20.6082,68.6501,123.3756,335.5875,69.3918,155.5875,341.9325693,-11.39561524,351.1744604,-18.52963735,11.42262484,all
Aranuka,10/22/2018 22:57,1030010087AC4000,0.1659,15.9858,68.6991,123.5829,324.7517,74.0142,144.7517,342.0155061,-11.43402355,350.6183019,-12.83373436,8.525697688,5
Aratika,4/2/2019 20:24,103001008E607200,-15.5392,27.6523,61.2497,46.1948,87.6303,62.3477,267.6303,339.6093149,4.928087927,28.66350856,-14.82019173,52.46627608,all
Aratika,3/26/2020 20:04,10300100A3AF3800,-15.5392,12.6489,58.8455,56.8841,152.6971,77.3511,332.6971,334.2964139,2.467530224,5.78055972,-4.239595417,32.16916673,none
Arno,5/30/2015 23:21,10300100436C1600,7.0611,19.1067,67.624,46.6942,93.3251,70.8933,273.3251,342.6297133,21.8883485,19.25641236,7.75845886,37.98274604,none
Arno,2/24/2019 22:59,103001008C087C00,7.0611,27.1844,58.7727,121.1621,285.1506,62.8156,105.1506,333.2883579,-9.271760257,333.8326234,-0.524129337,8.764389774,none
Arno,1/27/2020 22:52,10300100A28AF900,7.0611,27.4691,52.3911,132.8412,296.5314,62.5309,116.5314,331.8759261,-18.32661019,335.5068102,-5.475057183,13.33134906,all
Arorae,7/11/2016 22:41,1030010059B8E700,-2.64,17.3254,55.878,42.4868,34.0332,72.6746,214.0332,335.8752523,22.03038263,10.03100477,-16.88776882,51.31430252,none
Arutua,7/7/2020 20:10,10300100A7249100,-15.3217,17.809,44.8535,33.9687,64.2848,72.191,244.2848,334.637278,22.37510148,17.32813791,-22.30675364,61.03132792,all
Arutua,3/28/2018 20:27,103001007AA7DD00,-15.3217,23.7312,62.0244,49.8735,117.8122,66.2688,297.8122,338.9433562,3.33734483,20.89252395,-3.485606093,42.47568026,all
Arutua,3/15/2016 20:17,10300100535E4500,-15.3217,27.3853,62.1239,62.9734,97.7689,62.6147,277.7689,335.3753042,-1.642669618,27.57211599,-10.05875842,52.53417012,all
Arutua,6/5/2020 19:49,10300100A7458E00,-15.3217,25.811,42.7476,37.4052,292.2933,64.189,112.2933,331.1213667,22.53503059,333.9619707,-23.40173624,46.01975785,all
Asia Islands,5/4/2012 2:12,1030010019B16200,1.0396,20.6352,68.6902,42.4114,150.2566,69.3648,330.2566,345.1837176,16.5691613,10.64577293,18.83941984,24.34136806,5
Atafu,8/24/2019 22:00,103001009926A000,-8.5602,4.6151,60.024,49.9581,98.1499,85.3849,278.1499,337.0751261,10.88987098,4.612025241,-7.879284898,33.21444813,10
Aua,10/20/2011 1:21,103001000EAE8C00,-1.463333,11.6935,74.5928,124.042,76.504,78.3065,256.504,347.0835733,-9.979581012,11.39644717,-4.145633284,24.81032233,10
Aur,2/1/2020 23:08,10300100A24DF800,8.2557,29.1962,54.5458,135.4711,1.0208,60.8038,181.0208,334.8275493,-16.99364602,0.533125056,-20.93579992,24.59971854,none
Aur,2/1/2020 23:07,10300100A22F5F00,8.2557,24.004,54.6046,135.4839,359.9807,65.996,179.9807,334.8774929,-16.95856384,359.9918425,-15.74829864,24.11256129,none
Awin,6/29/2014 1:11,1030010033C59600,-1.6475,20.8516,59.0337,35.3608,164.0745,69.1484,344.0745,341.0890253,23.25279219,5.907146318,18.37761567,23.67235839,none
Baker_Island,6/20/2020 22:13,10300100A8B72F00,0.195,20.7974,57.5869,43.3279,15.8687,69.2026,195.8687,336.4251325,23.12836711,5.921838413,-19.77636195,51.66059644,all
Bat,8/16/2016 0:30,103001005B1F8D00,-2.841667,22.1403,58.2713,57.9404,271.0168,67.8597,91.0168,332.6951277,13.68813913,337.8310559,-3.015161801,17.46308481,all
Bellona,6/22/2014 23:59,1030010032BE5900,-21.156,25.331,40.5402,26.5602,25.0395,64.669,205.0395,338.2448812,23.53759869,14.44398555,-43.44971104,74.78400055,all
Beru,9/6/2016 22:36,103001005C201000,-1.3215,27.6819,64.6453,73.0528,218.2455,62.3181,38.2455,335.678526,5.966562351,342.1629745,20.14099,15.51059106,all
Bikar,4/11/2020 23:27,10300100A1121B00,12.2439,29.7066,71.7437,98.9279,139.5061,60.2934,319.5061,341.7475995,8.852317317,22.7103731,33.53798024,45.01313723,all
Bikini,4/10/2019 23:41,103001008D306600,11.5904,28.7068,70.4281,98.325,188.7071,61.2932,8.7071,340.4370261,8.151551162,354.5619302,39.89104171,34.15868879,all
Bikini,3/25/2019 23:30,103001009000B600,11.5904,28.4149,64.8272,110.4805,234.7038,61.5851,54.7038,336.5016305,2.065531905,334.2821163,26.49064286,24.51792214,all
Bikini,9/2/2016 23:21,103001005CC99F00,11.5904,22.6533,66.2024,97.7434,292.7611,67.3467,112.7611,336.2166025,7.50269244,339.1797663,2.260343124,6.016041557,none
Birnie,1/13/2019 22:06,103001008A282400,-3.5847,11.3818,62.1557,131.5503,88.3523,78.6182,268.3523,337.9532212,-21.37534319,11.40296356,-3.839269209,36.90459848,all
Bokak,3/7/2020 23:16,10300100A33EF700,14.6559,10.5499,58.9831,126.7505,297.9554,79.4501,117.9554,335.5277567,-4.671730649,350.5611836,9.537817172,20.64801232,10
Butaritari,9/14/2018 22:53,103001008434D000,3.152,27.9606,67.4752,89.3088,264.2924,62.0394,84.2924,337.4403726,3.176084075,332.0523201,5.458541358,5.837139287,none
Butaritari,10/21/2016 23:15,103001005F84B800,3.152,27.0341,69.7579,134.8803,97.4521,62.9659,277.4521,345.5332865,-11.08004295,26.95722893,6.190705288,44.69653787,20
Butaritari,5/9/2018 22:58,103001007D46E800,3.152,22.5982,64.53,54.1875,242.4724,67.4018,62.4724,338.5505723,17.51111299,339.5133676,13.18484485,4.424717751,5
Chesterfield_1,6/22/2014 23:57,1030010033AAEE00,-19.2865,10.2231,42.3283,27.7984,176.6615,79.7769,356.6615,337.9586222,23.25759908,0.599712511,-9.079895409,39.19532938,none
Chesterfield_2,6/22/2014 23:58,10300100328E3A00,-19.2865,10.5033,42.2504,28.0773,11.0106,79.4967,191.0106,337.7209945,23.22658735,2.294401713,-29.58090984,57.85167228,5
Chesterfield_3,10/2/2018 23:38,103001008601B100,-19.2865,26.9126,61.3171,59.7146,260.2392,63.0874,80.2392,335.4656116,-3.514285755,332.7738211,-12.8318421,9.690175571,5
Chesterfield_4,4/5/2020 23:58,10300100A459A500,-19.2865,28.5222,55.5086,42.4462,84.4646,61.4778,264.4646,337.3520442,7.01821023,30.2761566,-19.4922997,58.44676073,20
Ducie,9/21/2016 18:30,103001005C8ED600,-24.6811,5.0918,54.979,48.5673,276.0362,84.9082,96.0362,334.5161531,0.177694801,354.4063066,-25.11267898,31.77310586,10
Eauripik,2/7/2020 1:04,10300100A149CD00,6.6899,5.3096,57.1981,132.6476,82.6315,84.6904,262.6315,335.5795966,-15.46205091,5.294535974,5.981575399,36.41587804,all
Ebon,9/29/2016 23:27,103001005CC01D00,4.6349,19.3809,71.3995,113.275,80.1858,70.6191,260.1858,342.9406208,-2.810968455,19.09010841,1.137254493,36.35333122,10
Ebon,9/29/2016 23:27,103001005C738100,4.6349,23.3114,71.5764,113.6458,66.1239,66.6886,246.1239,343.1501969,-2.847555636,21.2963006,-4.901416619,38.10886638,10
Elato,3/13/2018 1:09,103001007A143E00,7.4406,26.8179,68.5324,118.4261,133.7351,63.1821,313.7351,341.1985278,-2.994035413,21.10586139,25.14050841,47.83421193,all
Enewetak,11/2/2012 0:21,103001001C5D2E00,11.4948,21.1027,62.4592,161.9534,103.3984,68.8973,283.3984,351.48301,-14.72135281,21.31563184,15.52567875,42.23698338,none
Enewetak,7/17/2015 23:48,10300100459FF800,11.4948,23.6241,66.7742,62.5679,194.036,66.3759,14.036,337.9541482,21.17167345,353.2433476,34.30170009,18.80997897,all
Enewetak,8/15/2010 0:01,103001000633CA00,11.4948,18.2537,71.8947,79.248,160.1454,71.7463,340.1454,341.6387791,14.25423566,6.956198382,28.55149069,27.46930262,all
Erikub,1/11/2018 23:35,10300100775E3800,9.142,29.7487,54.3972,150.1486,55.6919,60.2513,235.6919,341.8311611,-21.67398227,24.44615033,-7.942682201,43.25056625,10
Erikub,2/20/2020 23:06,10300100A4078100,9.142,25.0846,56.9183,126.3182,222.9683,64.9154,42.9683,333.4091811,-10.72226394,341.1184995,26.75508586,38.21787499,all
Ettal,3/1/2020 0:17,10300100A3AAB100,5.5903,19.977,61.8328,117.2864,6.6319,70.023,186.6319,334.9706689,-7.440524522,2.333120176,-14.25216133,27.69737884,all
Faaite,2/12/2020 19:48,10300100A2A78E00,-16.7506,24.2757,59.3531,89.2365,255.0368,65.7243,75.0368,328.315579,-13.97195044,336.269061,-9.26924368,9.097489829,all
Faaite,5/7/2017 19:50,1030010068C7CD00,-16.7506,26.8491,47.6031,39.1731,255.8251,63.1509,75.8251,333.5952071,16.72020528,333.7054429,-8.698268444,25.41870762,10
Fakahina,11/29/2018 19:45,1030010087194B00,-15.9851,16.4688,69.364,109.309,346.4746,73.5312,166.4746,339.0241764,-21.70003659,355.5187384,-31.94213687,17.89558823,all
Fakaofo,5/25/2020 21:33,10300100A8258300,-9.3736,24.4146,49.5349,40.8547,299.8931,65.5854,119.8931,332.9276951,21.12512786,337.4940786,-20.58254716,41.94582701,all
Fakarava,3/29/2020 19:55,10300100A42EF800,-16.2928,26.0067,55.6685,56.3159,344.3541,63.9933,164.3541,331.9397875,3.931156434,350.9711363,-41.1027634,48.27184762,all
Fakarava,3/29/2020 19:55,10300100A468DC00,-16.2928,20.5349,55.7832,56.34,336.3184,69.4651,156.3184,332.0236839,3.85156939,350.1174987,-34.82406851,42.25211547,all
Fakarava,8/9/2018 20:02,1030010084646B00,-16.2928,20.4038,48.8684,40.1451,327.2342,69.5962,147.2342,333.8563557,15.74306075,347.001494,-32.97916354,50.31592304,all
Fakarava,2/1/2020 19:54,10300100A052AC00,-16.2928,14.8729,61.0616,95.8093,276.8248,75.1271,96.8248,329.7745225,-17.00927595,344.5022806,-17.48306689,14.07009809,all
Fangatau,3/21/2015 19:54,1030010040A4F200,-15.8262,22.0175,61.2849,57.9238,169.3044,67.9825,349.3044,335.9760961,0.360462901,4.010426449,5.830296051,28.51142785,all
Fangatau,7/24/2018 19:49,1030010081D41900,-15.8262,18.0858,46.6922,35.5852,202.1221,71.9142,22.1221,334.9037065,19.76877034,353.2853835,0.999286428,25.99765216,all
Fangataufu,8/7/2018 19:38,1030010084B62200,-22.2356,25.1808,44.2543,35.5039,4.4175,64.8192,184.4175,334.358917,16.00049615,2.770778742,-47.3174265,68.25072788,5
Fangataufu,8/15/2018 19:44,1030010083CEA500,-22.2356,26.5132,47.3031,35.1571,29.4307,63.4868,209.4307,336.3134848,13.59567399,17.84976054,-44.30693031,69.11749008,5
Fanna,2/21/2018 1:46,10300100790CE700,5.353,11.9552,60.7905,123.0305,282.0491,78.0448,102.0491,335.4054765,-10.56874994,348.298142,2.763577812,18.50514044,none
Faraulep,3/22/2018 0:39,10300100795A8500,8.679,27.4299,68.3773,110.7769,176.4983,62.5701,356.4983,339.8456456,0.633770527,1.994297674,36.04862621,40.94668391,5
Faraulep,2/27/2020 0:27,10300100A1AA1A00,8.679,20.4465,60.4034,124.9495,17.9386,69.5535,197.9386,335.835478,-8.538705149,6.28816012,-10.78669274,30.09239115,5
Faraulep,4/21/2018 0:36,103001007C2B6500,8.679,9.8284,71.6686,78.5831,163.369,80.1716,343.369,341.6413331,11.81689589,2.945892581,18.08142379,21.49609629,20
Fayu,1/15/2014 0:49,103001002C78C300,8.679,11.1672,54.9362,148.9373,165.9251,78.8328,345.9251,341.4509634,-21.28215659,2.863926698,19.49646752,45.84456377,none
Fenuarura,9/29/2011 20:58,103001000DC48C00,8.548,3.1382,67.8077,52.9768,103.1668,86.8618,283.1668,341.120491,21.25615011,3.095919362,9.25023264,24.31521942,all
Flint,9/14/2019 20:47,103001009ACE8200,-11.43,26.1917,66.3742,52.9928,95.9076,63.8083,275.9076,341.305916,3.145979691,26.2944815,-7.660066203,46.16650222,none
Funafuti,7/6/2020 22:25,10300100A9841400,-8.5155,5.1369,50.0346,38.6345,138.1489,84.8631,318.1489,334.2728422,22.50265952,3.436225462,-4.676168382,39.38854163,all
Funafuti,6/6/2020 22:30,10300100A8C9F000,-8.5155,13.4615,51.5831,35.1915,116.6635,76.5385,296.6635,337.1557918,22.71774577,12.01739897,-2.332301089,42.22310536,all
Gaferut,6/13/2019 1:05,10300100956D3D00,9.23,12.614,67.5609,49.1241,109.2926,77.386,289.2926,341.6913849,23.2543354,12.22087724,13.16429109,30.62600728,20
Haorangi,3/2/2020 19:50,10300100A25A5200,-18.209167,24.0352,61.9112,69.9518,45.6367,65.9648,225.6367,333.5346016,-7.028102535,20.50587638,-33.77385076,50.87858804,all
Haorangi,7/19/2016 19:30,103001005A6EA200,-18.209167,17.9943,41.4958,38.6119,279.3384,72.0057,99.3384,330.0823824,20.42086352,341.0498601,-20.17077069,41.9867723,all
Haorangi,3/8/2020 19:28,10300100A2472B00,-18.209167,23.6254,56.5853,70.0903,266.6952,66.3746,86.6952,328.6972842,-4.743387685,335.4903691,-15.32834471,12.51578975,all
Haorangi,3/8/2020 19:28,10300100A43A5A00,-18.209167,25.2458,56.6496,69.8807,247.9359,64.7542,67.9359,328.806549,-4.668711893,336.5046954,-7.495617567,8.159306047,5
Haraiki,7/28/2014 20:09,103001003367C400,-17.4651,22.0171,47.7228,32.6456,24.3643,67.9829,204.3643,337.4929493,18.55828834,11.18901598,-37.15625745,64.12696671,none
Heina,4/23/2011 1:14,103001000A9D0B00,-1.132222,18.8959,68.6417,49.6684,137.847,71.1041,317.847,343.4753797,12.54842787,12.87752945,12.78810314,28.67184109,all
Helen,7/3/2014 2:02,1030010033363A00,2.97375,18.5496,63.0309,40.2312,163.0204,71.4504,343.0204,341.4342604,23.07900886,5.698638371,20.67285221,22.61932632,all
Hereheretue,6/21/2016 20:04,1030010057203F00,-19.8698,25.3995,40.7845,29.9988,55.4571,64.6005,235.4571,335.668142,23.24618235,24.73544012,-32.39567352,72.73212164,all
Hikueru,4/17/2018 19:53,103001007B74BC00,-17.5884,10.2263,53.0444,42.1201,252.4762,79.7737,72.4762,335.7833451,10.58039065,349.9397288,-14.26570785,28.53705224,5
Hikueru,3/19/2016 19:30,103001005376F800,-17.5884,25.4772,54.1554,64.4453,262.5889,64.5228,82.5889,328.1088295,-0.237721553,334.0706993,-12.70325659,13.7962946,all
Hiti,7/26/2019 19:51,10300100954AE500,-16.7277,22.4325,44.9036,38.5989,318.6232,67.5675,138.6232,332.1227974,19.08388206,342.5574412,-32.70185218,52.73859803,none
Houk_Pulusuk,10/22/2019 0:42,103001009E6BBC00,6.6915,27.2831,66.1316,137.0122,19.4743,62.7169,199.4743,343.6875076,-10.80210646,9.30151609,-19.00551843,26.03864429,none
Howland_Island,12/13/2016 22:20,103001006269A100,0.807,16.3252,59.2155,141.6925,21.7637,73.6748,201.7637,339.8510557,-22.92187178,6.175196198,-14.33025668,26.33207271,none
Huon,10/5/2018 23:27,10300100864A9900,-18.1031,14.128,64.6532,61.5421,268.1435,75.872,88.1435,337.8026422,-4.986419162,345.2130375,-17.08637707,14.10987178,all
Ifalik,4/25/2019 1:08,103001008E370000,7.2508,14.2338,71.4444,70.1784,124.8988,75.7662,304.8988,342.0990004,13.10265436,12.0610676,15.18210505,29.10614956,none
Iles Maria,9/28/2016 20:51,103001005E78FC00,-21.8095,28.6979,62.999,47.2003,88.2706,61.3021,268.2706,340.5215827,-2.55827858,30.68040673,-19.83666512,51.88854213,all
Jabat,3/24/2016 22:59,103001005545DA00,7.7517,25.7984,61.8432,100.4799,283.5662,64.2016,103.5662,332.3363065,1.941049164,334.9663432,1.162273587,2.741971002,20
Jaluit,11/6/2015 23:24,103001004CB6B700,6.0064,23.283,63.4662,145.9192,109.0824,66.717,289.0824,344.9111714,-15.92331368,22.54132572,12.98137608,47.11819216,all
Jaluit,4/3/2018 23:22,103001007C287100,6.0064,17.9077,69.4242,89.5483,1.2033,72.0923,181.2033,339.3148994,5.780623144,0.378093597,-11.89735138,27.41054815,10
Jaluit,11/16/2014 23:26,10300100399EE200,6.0064,16.114,61.0878,149.6711,14.0269,73.886,194.0269,345.0486174,-18.86947698,3.912502721,-9.628942288,20.46026955,20
Jaluit,7/1/2019 23:25,10300100943D7C00,6.0064,22.1802,64.183,46.483,160.8757,67.8198,340.8757,339.9187794,23.10516978,7.968317529,26.84790441,25.6472583,10
Jaluit,4/11/2018 23:28,103001007D7B8D00,6.0064,25.3727,71.3908,81.4881,28.6977,64.6273,208.6977,341.396229,8.403451993,12.37377521,-16.21604819,39.32096664,5
Jaluit,7/2/2020 23:09,10300100A94CD200,6.0064,10.8036,61.2993,51.6102,357.0674,79.1964,177.0674,335.8909717,22.85347229,359.4486158,-4.783163581,35.96506074,none
Jarvis Island,3/24/2020 21:15,10300100A43A1100,-0.373889,27.663,67.1529,84.1484,35.752,62.337,215.752,337.2650984,1.923832599,17.07333451,-22.49183371,45.85188359,all
Jemo,4/22/2018 23:22,103001007C20F200,10.116667,8.7216,70.7432,80.8983,246.0687,81.2784,66.0687,340.5117608,12.54373456,351.8038803,13.54296187,11.04499834,none
Johnston Atoll,3/20/2020 21:58,10300100A57CB900,16.732222,27.1696,63.033,125.0546,13.5169,62.8304,193.5169,338.2086101,0.410533587,6.216558311,-9.732483768,29.66404736,10
Kapingamarangi,7/31/2016 0:19,103001005A4D0800,1.065,20.2601,62.4387,50.2835,83.5485,69.7399,263.5485,337.9988652,18.18492793,20.13106698,-1.229981425,45.75741632,5
Katiu,10/8/2011 20:28,103001000D314800,-16.4236,21.7303,72.5275,55.0308,106.236,68.2697,286.236,345.6763346,-6.005843181,21.1193612,-9.401492503,35.27105659,all
Katiu,3/1/2019 20:02,103001008E349900,-16.4236,22.1964,62.2853,74.2848,1.4693,67.8036,181.4693,333.1609993,-7.439109677,0.710303205,-38.61126327,39.84670793,5
Kauehi,7/7/2018 20:15,10300100817C4400,-15.8772,11.1664,46.0465,30.9859,104.1761,78.8336,284.1761,337.3239384,22.04762027,11.1046706,-12.87231291,48.1330656,none
Kauehi,7/7/2018 20:15,103001007FBA0500,-15.8772,14.0359,46.1094,30.7076,66.4722,75.9641,246.4722,337.5364283,22.09710656,13.78055193,-21.01003725,55.75629753,none
Kauehi,6/10/2018 20:07,103001007EB69700,-15.8772,4.8821,45.492,30.8151,297.9871,85.1179,117.9871,337.1127933,22.58007634,355.4646553,-18.11938963,44.47888537,none
Kaukura,3/28/2018 20:27,103001007885C800,-15.7563,25.3728,61.8505,50.1998,135.8366,64.6272,315.8366,338.7196761,2.935600836,17.39302006,2.89402129,38.62134546,5
Kaukura,9/10/2015 20:10,1.03001E+15,-15.7563,20.232,59.0482,50.4722,175.7442,69.768,355.7442,336.5438901,4.712760239,1.474952522,4.422959896,24.85226943,20
Kaukura,9/10/2015 20:10,10300100482E2100,-15.7563,15.4073,59.1815,50.1932,165.3486,74.5927,345.3486,336.7394391,4.730058938,3.853588657,-0.825415688,27.65124383,20
Kaukura,8/19/2019 20:05,1030010097806B00,-15.7563,26.1105,51.8168,43.8459,208.5313,63.8895,28.5313,333.9891002,12.4528183,347.7626325,7.370980998,14.48294953,all
Kili,4/24/2019 23:28,103001009153CE00,5.646111,15.0834,70.5791,66.2476,134.2765,74.9166,314.2765,341.7943731,13.06546938,11.17651532,16.00859217,28.56958151,10
Kilinailau,5/24/2020 23:48,10300100A9BB7200,-4.76,28.2842,53.3164,44.6665,251.6117,61.7158,71.6117,333.2847613,20.90757373,333.1952588,4.352174066,16.55562819,all
Kilinailau,1/14/2015 0:27,103001003C535500,-4.76,28.8315,64.4453,132.4244,61.8465,61.1685,241.8465,340.0009831,-21.39969522,26.46359418,-17.42437697,43.84891658,all
Kiritimati,6/14/2018 20:55,1.03001E+12,1.8708,27.9276,58.5572,45.0376,252.9658,62.0724,72.9658,336.2958499,23.34543667,332.9925078,9.553702952,14.14876385,all
Kiritimati,6/14/2018 20:55,103001008051A300,1.8708,24.9478,58.7589,44.8513,264.6414,65.0522,84.6414,336.5321932,23.29096573,335.1053316,3.954798552,19.38527313,all
Kiritimati,6/14/2016 20:56,1030010057CFEE00,1.8708,14.4932,58.8144,44.6138,7.5751,75.5068,187.5751,336.6646466,23.34956657,1.936485464,-12.49426228,43.54548928,all
Kiritimati,3/4/2012 21:21,1030010010CD4100,1.8708,5.902,68.9229,111.9005,154.7464,84.098,334.7464,340.3984973,-5.946801013,2.534326001,7.205189136,25.70506977,all
Kure,5/20/2020 22:47,10300100A6B6FF00,28.4226,26.5972,73.7254,116.0972,45.2103,63.4028,225.2103,344.4249024,20.39447696,18.74098744,8.522849817,35.18820324,5
Kuria,7/27/2017 23:17,103001006C2CD500,0.215,27.5122,63.6832,43.6518,96.2158,62.4878,276.2158,341.1260829,18.91316353,27.37914296,3.057798969,47.8942189,none
Kwajalein,5/10/2019 23:39,10300100910A6100,9.1876,17.1726,71.0311,61.4773,149.6381,72.8274,329.6381,342.5536245,17.71133272,9.389625632,23.83089909,25.78198928,10
Kwajalein,12/22/2019 23:16,10300100A0C50600,9.1876,25.0674,50.1688,145.3213,248.1209,64.9326,68.1209,336.6001696,-23.41385753,335.655786,17.48694667,40.91120686,10
Kwajalein,5/16/2019 23:18,10300100925FE100,9.1876,28.6991,66.2054,62.8027,250.8842,61.3009,70.8842,337.6734112,19.15550067,331.6466317,17.17515765,6.05856989,all
Kwajalein,5/8/2018 23:34,103001007B036800,9.1876,4.3119,70.7363,63.2907,44.4119,85.6881,224.4119,342.022013,17.28416203,3.033231949,6.096154574,23.38370722,all
Kwajalein,3/18/2020 23:14,10300100A499DF00,9.1876,30.6842,62.789,108.7617,337.4481,59.3158,157.4481,334.3435752,-0.182709775,348.0435495,-19.14286929,23.23895159,all
Kwajalein,6/29/2016 23:21,10300100572DB000,9.1876,21.6383,63.7112,53.9598,8.73,68.3617,188.73,336.9943558,23.60253917,3.282642377,-12.20336512,44.07961248,all
Kwajalein,4/11/2018 23:26,103001007A600400,9.1876,12.4251,69.3957,89.9458,266.7166,77.5749,86.7166,339.1497327,8.61433625,347.4136586,9.676969579,8.227477078,all
Kwajalein,5/8/2018 23:34,103001007B2AB300,9.1876,8.9279,70.4112,63.6921,196.9376,81.0721,16.9376,341.65395,17.28404383,357.279571,17.71534065,14.90443677,none
Kwajalein,3/31/2018 23:31,103001007B752F00,9.1876,10.8237,68.7225,101.7355,224.8635,79.1763,44.8635,339.1251207,4.354190398,352.0482119,16.75149697,17.73071189,all
Kwajalein,9/23/2019 23:32,103001009A805F00,9.1876,27.2417,69.9077,116.9506,17.5779,62.7583,197.5779,342.1679965,-0.214817436,8.302154065,-16.78706574,30.61784593,none
Kwajalein,10/26/2015 23:29,103001004A2C6C00,9.1876,11.1713,63.0694,142.9246,114.1112,78.8287,294.1112,343.7670912,-12.37818098,10.4818739,13.57821671,37.0815311,none
Kwajalein,5/8/2018 23:34,103001007DD62600,9.1876,3.0476,70.5564,63.3937,182.364,86.9524,2.364,341.8342297,17.32138934,359.8714331,12.23258134,18.15667111,none
Lae,1/5/2019 23:36,103001008BA30000,8.9374,20.7858,52.4837,147.1788,192.8396,69.2142,12.8396,339.0702529,-22.47832081,354.8194437,29.14652809,53.80668588,all
Lamotrek,5/9/2019 0:53,1030010090D5A200,7.4921,1.7626,68.7629,60.6365,311.3508,88.2374,131.3508,340.6900691,17.31569615,358.6688388,6.325706653,20.71876039,20
Layson,2/27/2020 22:05,10300100A4243700,25.7695,19.5839,49.1168,142.8935,330.4291,70.4161,150.4291,336.4919897,-8.128023023,350.373011,8.456998799,21.59619177,5
Lib,2/17/2020 23:19,10300100A4263400,8.3132,30.6805,57.0473,127.3323,349.9311,59.3195,169.9311,333.774726,-11.83415819,354.4832175,-21.88633419,22.18465597,none
Likiep,4/11/2018 23:27,103001007BBEF300,9.897,26.0962,70.934,92.3495,7.4755,63.9038,187.4755,340.7263752,8.583859047,3.412809498,-15.97957215,33.28471118,20
Likiep,3/18/2016 23:19,10300100520DD000,9.897,11.2306,64.9139,113.0491,101.9851,78.7694,281.9851,337.036457,-0.450438522,11.23250528,12.03020951,36.16796023,all
Likiep,3/18/2016 23:19,10300100523D9000,9.897,13.4635,65.0214,113.026,127.9305,76.5365,307.9305,337.1297916,-0.396208355,11.13002615,17.94738289,38.13623422,all
Likiep,1/21/2020 23:13,10300100A23BD000,9.897,25.9831,51.328,140.1044,344.1148,64.0169,164.1148,334.7951919,-19.75977324,352.8650911,-15.10567659,17.84490781,none
Liot,11/8/2017 1:06,10300100735D8200,-1.409444,15.6505,68.866,137.12,101.6614,74.3495,281.6614,345.1599216,-16.68243651,15.32690854,1.766487975,35.02190581,all
Lisianski,5/29/2020 22:17,10300100A8A25000,26.064,29.7172,72.1799,99.0745,5.3225,60.2828,185.3225,340.9750965,22.02039184,2.640653359,-3.542974386,33.20233477,5
Losap,6/30/2019 0:40,1030010095C06A00,6.8789,27.699,66.0982,44.9464,62.324,62.301,242.324,341.8533266,23.21621919,24.46142018,-6.217254281,50.9695785,all
Lukunor,2/18/2018 0:16,1030010077C29200,5.5185,20.3248,59.2103,124.0076,262.4817,69.6752,82.4817,334.3227436,-11.6750669,339.6620409,7.782686008,20.16938637,all
Maiana,10/8/2018 23:12,10300100858A0C00,0.9321,25.29,72.8774,114.6384,37.9933,64.71,217.9933,344.3855312,-6.152604012,16.1263657,-18.77884069,33.38100328,none
Majuro,11/4/2018 23:18,10300100868B8100,7.1137,21.3875,62.9906,146.7044,17.3439,68.6125,197.3439,345.0103578,-15.44635702,6.413846267,-13.3031226,20.83495079,none
Majuro,5/14/2016 23:18,1030010056D54500,7.1137,24.0543,68.3359,54.7787,109.5243,65.9457,289.5243,341.3944219,19.04816391,23.36458527,14.37453084,40.37651482,all
Majuro,7/24/2018 23:04,1.03001E+15,7.1137,23.03,63.4429,59.1329,282.1459,66.97,102.1459,335.9319145,19.77852928,337.5017453,1.850430774,17.99368638,none
Majuro,5/14/2016 23:17,1030010056A09700,7.1137,29.2139,68.511,54.7442,134.1854,60.7861,314.1854,341.5600871,18.96886992,23.01418845,26.46464774,38.79700516,none
Majuro,9/29/2019 23:11,103001009B656E00,7.1137,14.5357,69.0907,116.753,357.5402,75.4643,177.5402,341.3980423,-2.50645655,359.377613,-7.408740829,18.56509578,20
Majuro,7/24/2018 23:04,103001008239D800,7.1137,26.9665,63.2465,59.3298,305.4981,63.0335,125.4981,335.7030848,19.78158632,338.0706643,-8.680123571,28.55702965,10
Makalom,6/2/2020 23:18,10300100A8BD7C00,-10.168611,24.2137,49.7559,35.2372,174.4238,65.7863,354.4238,336.1835519,22.62048423,2.353294056,13.93228791,26.27420035,all
Makemo,3/29/2020 19:53,10300100A4B36700,-16.618,18.5657,57.321,54.2061,176.76,71.4343,356.76,333.9730569,3.54779636,1.031674722,1.919742261,27.0753123,all
Makemo,10/29/2019 19:53,103001009BACDB00,-16.618,24.8854,69.1411,84.9295,351.1842,65.1146,171.1842,338.5872608,-13.71487265,355.0874809,-41.13997235,30.96473821,20
Makemo,10/29/2019 19:52,103001009C0FC700,-16.618,18.8884,69.2235,85.1294,344.8236,71.1116,164.8236,338.65714,-13.79990198,354.0798077,-34.74850446,25.15411206,all
Makemo,2/20/2020 19:54,10300100A24F2900,-16.618,6.7277,61.982,82.3869,40.6071,83.2723,220.6071,331.6722575,-11.11839788,4.70629215,-21.66907522,33.31291124,all
Makemo,11/4/2018 20:04,103001008722D800,-16.618,24.7418,72.0704,89.721,15.0552,65.2582,195.0552,341.350336,-15.70378512,8.197127691,-40.3172837,33.89878537,none
Makin,9/5/2016 23:13,103001005C78A800,3.38,27.1509,71.5181,79.3726,99.787,62.8491,279.787,341.7223456,6.561977891,26.97083351,7.463634316,44.90000949,all
Maloelap,4/9/2020 23:03,10300100A57D9000,8.7375,20.8625,66.7048,89.8224,334.93,69.1375,154.93,336.4566858,8.09042427,351.1807802,-10.18832255,23.43060674,all
Maloelap,7/29/2018 23:19,103001008121AD00,8.7375,19.8124,67.585,61.9685,189.2018,70.1876,9.2018,339.2094762,18.51490105,356.4717513,28.2690693,18.57172754,none
Maloelap,6/7/2019 23:10,10300100935A4C00,8.7375,20.7116,65.3777,52.8675,335.2682,69.2884,155.2682,338.8890272,22.74822448,351.3560891,-10.102316,35.04712112,5
Maloelap,3/29/2018 23:04,103001007A294400,8.7375,29.8955,65.8014,100.2658,246.301,60.1045,66.301,336.1571266,3.804771449,331.0911451,19.25057314,16.21860719,none
Maloelap,3/13/2020 22:57,10300100A4669500,8.7375,26.8862,60.8768,111.3973,307.4586,63.1138,127.4586,333.0277647,-2.45282061,338.7552045,-7.837000426,7.842474765,all
Malum,11/2/2014 0:23,1.03001E+15,-3.1461,16.9203,70.8493,127.4287,21.4451,73.0797,201.4451,344.388016,-14.53237579,6.45562145,-18.84384533,21.55645137,10
Malum,4/23/2017 0:01,1030010068B90500,-3.1461,26.4825,60.9071,56.7174,251.1566,63.5175,71.1566,335.3839892,12.6189692,334.9170652,5.43320943,7.200520511,10
Manihi,9/13/2016 20:02,103001005C6B0E00,-14.4038,9.7057,59.9176,55.2539,212.7197,80.2943,32.7197,335.6288571,3.523148522,354.740841,-6.189387433,21.41317445,all
Manihi,9/13/2016 20:02,103001005B301900,-14.4038,15.813,60.0033,55.2217,201.505,74.187,21.505,335.7070542,3.484259396,354.2668693,0.356333703,18.80889549,all
Manihi,9/13/2016 20:01,103001005DA9EC00,-14.4038,22.2184,60.043,55.0521,195.2568,67.7816,15.2568,335.7900883,3.527712626,354.2454237,7.068730121,18.71091734,all
Manihiki,9/6/2018 21:11,1.03001E+15,-10.4259,12.3405,62.1533,54.9603,324.9399,77.6595,144.9399,337.3859653,5.955201738,352.4727546,-20.41610511,30.25330866,5
Manra,7/20/2018 22:14,10300100816C1C00,-4.4556,27.4981,58.7937,36.2752,87.1053,62.5019,267.1053,340.8979552,20.48688213,27.58737644,-5.287686654,52.58532972,none
Manu,3/19/2015 1:02,103001003D84C900,-1.310278,3.9121,67.193,88.8161,29.7358,86.0879,209.7358,337.1960849,-0.748990624,1.945831484,-4.705835112,25.0310272,15
Manuae,10/20/2017 21:13,1030010072866C00,-19.2697,21.6121,71.6307,65.0148,99.9182,68.3879,279.9182,343.0936083,-10.80962692,21.98787244,-14.29583746,38.08165928,none
Manuhangi,9/11/2016 19:38,103001005D38F800,-19.2011,13.0806,55.4689,50.0121,332.4388,76.9194,152.4388,334.1844156,4.190262505,353.008276,-30.65234092,39.2098619,15
Mapia,11/24/2014 1:47,103001003BA87200,0.8824,21.5854,63.9122,145.6614,166.6515,68.4146,346.6515,344.6495559,-20.44045245,5.250557064,21.85299114,46.83563447,all
Mapia,1/5/2011 1:51,1030010008A67900,0.8824,8.7569,59.9487,142.7369,103.5309,81.2431,283.5309,340.8187754,-22.65438378,8.523114275,2.913975919,37.2112317,all
Marakei,8/9/2016 23:09,103001005A649200,2.0014,26.5885,65.4243,54.7362,110.2471,63.4115,290.2471,339.3379058,15.76708584,25.30162521,10.72117208,44.94123476,all
Maria_Est,7/10/2014 19:34,1.03001E+15,-22.016,5.6463,40.1839,29.3769,0.7078,84.3537,180.7078,336.1509667,22.04367408,0.078623019,-27.66184977,54.81896156,all
Marokau,4/17/2018 19:53,103001007DAD6300,-18.0605,10.3915,52.8972,41.1147,338.7323,79.6085,158.7323,336.1946498,10.6513301,355.7625213,-27.69361904,42.77447512,all
Marokau,5/11/2019 19:51,1030010092B10D00,-18.0605,26.1626,47.1234,33.8983,1.1073,63.8374,181.1073,336.4771505,18.04436403,0.681188858,-44.2168416,66.07531289,none
Marokau,4/25/2018 20:00,103001007CCE0900,-18.0605,25.8726,52.0399,35.6966,26.3415,64.1274,206.3415,338.3555396,13.32642797,14.77399758,-40.59741197,63.60457284,all
Marutea_Nord,3/29/2020 19:53,10300100A3527D00,-21.5207,25.929,57.3506,54.056,179.454,64.071,359.454,334.0990701,-0.817541523,0.239447459,4.407238626,26.63567696,5
Marutea_Nord,9/29/2019 19:56,103001009A4F5D00,-21.5207,19.5697,64.6087,59.0568,183.8654,70.4303,3.8654,338.2388194,-7.255208674,358.7053611,-1.991637689,21.0602621,all
Marutea_Sud,5/21/2016 19:07,1030010057CE4700,-21.5207,12.2041,40.2066,34.8514,293.4363,77.7959,113.4363,332.2766703,20.25719861,347.5488389,-25.89756113,48.47783966,none
Marutea_Sud,6/5/2019 19:31,10300100927C7800,-21.5207,26.0233,40.9296,27.6467,39.144,63.9767,219.144,337.7042749,22.47442854,21.2788559,-40.25506712,74.69897309,none
Mataiva,12/19/2009 20:19,1.03001E+15,-14.8831,16.3189,66.5012,115.0952,172.6817,73.6811,352.6817,336.8092856,-23.51469951,2.051707112,1.30901651,34.90842208,all
Matema,8/30/2019 23:21,1030010097A71200,-10.293056,26.7573,59.5886,51.5467,3.1731,63.2427,183.1731,336.3400839,8.953487347,1.788175464,-37.00161718,51.78019694,none
Matureivavao,8/7/2019 19:10,10300100981F1300,-21.4721,27.6883,42.1069,40.6959,275.0692,62.3117,95.0692,329.7614517,16.1415012,330.2254289,-21.24390095,37.38817216,5
Marutea_Nord,8/12/2016 19:44,103001005AAD9700,-21.5207,22.8185,47.8575,42.6857,346.5302,67.1815,166.5302,332.4152333,10.76826264,352.8402008,-43.54948654,57.41670637,all
McKean,3/25/2018 22:16,103001007A8D7000,-3.5954,27.7328,67.772,75.6799,23.1706,62.2672,203.1706,338.4835543,2.024816429,12.06616603,-28.84731815,44.58521531,all
Mejit,2/20/2020 23:08,10300100A431D400,10.283333,29.6385,57.0889,129.0186,355.471,60.3615,175.471,334.5516485,-10.76077035,357.6292579,-19.26292558,23.82354906,none
Merir_Melieli,2/18/2018 1:56,103001007772ED00,4.324,11.4026,62.9007,126.3125,119.3301,78.5974,299.3301,337.9889583,-11.64663237,10.07396198,9.815436353,38.44038566,none
Midway_Atoll,3/15/2019 22:54,103001008E676B00,28.237,19.756,56.2896,150.2849,73.6202,70.244,253.6202,344.0238398,-1.781449582,20.35213403,21.17970347,42.30078038,none
Mili,6/18/2019 23:04,103001009409F900,6.1312,13.8762,62.4442,48.1785,240.3671,76.1238,60.3671,337.8888044,23.6657626,347.6564615,12.8024073,14.27290386,all
Mili,7/5/2016 22:59,1030010058B91900,6.1312,14.0929,61.1034,52.3165,220.0022,75.9071,40.0022,335.4941416,22.78139126,350.589797,16.80084009,15.39906903,none
Mili,7/24/2016 23:00,103001005BBD8200,6.1312,24.8802,62.2085,58.3723,349.5745,65.1198,169.5745,335.0539572,19.73012166,355.3997807,-18.33165657,42.97925961,none
Mili,10/13/2016 23:09,10300100605D8E00,6.1312,27.0767,67.6072,129.1866,176.8697,62.9233,356.8697,342.6483042,-8.081211945,1.701478561,33.16166964,45.04786691,none
Mili,3/13/2016 23:06,1030010053A18000,6.1312,26.3155,64.9192,109.1721,36.8924,63.6845,216.8924,336.3759675,-2.388727034,15.98349672,-14.87917585,41.00503152,all
Mili,3/27/2016 22:49,10300100531EC000,6.1312,24.3552,63.0812,95.0303,314.5267,65.6448,134.5267,333.1480643,3.196689359,342.5740569,-10.96631799,16.98746859,15
Mili,10/13/2016 23:09,103001005E28CD00,6.1312,22.7016,67.7412,129.5512,170.1428,67.2984,350.1428,342.8415555,-8.104288887,4.31001201,28.46295902,42.03183834,all
Mili,10/16/2016 22:58,103001005EBD9800,6.1312,23.2915,65.0181,127.7848,226.4697,66.7085,46.4697,340.2352762,-9.234097859,342.0355675,21.64637833,30.93099158,5
Mili,6/5/2016 23:06,103001005772D600,6.1312,12.9088,63.6363,48.6953,144.3405,77.0912,324.3405,338.7892318,22.77623134,7.80788242,16.53370725,27.98050164,15
Mili,6/5/2016 23:07,1.03001E+15,6.1312,12.5907,63.92,48.2217,82.5846,77.4093,262.5846,339.1715688,22.77764797,12.52074582,4.373875834,37.11037602,all
Mole,8/16/2016 0:29,103001005C612300,-2.871111,22.263,58.3938,57.8872,260.02,67.737,80.02,332.8223114,13.62606078,338.0872175,1.101293265,13.56536956,all
Mopelia,11/8/2016 20:37,1.03001E+15,-16.8098,27.6748,70.396,93.5565,14.4877,62.3252,194.4877,339.5022721,-16.99904515,9.196068648,-43.35996475,36.41745077,5
Morane,5/29/2020 19:10,10300100A8476200,-23.1569,26.7286,37.0552,34.2616,329.2137,63.2714,149.2137,331.086219,21.68269157,341.01774,-44.9496369,67.24603321,none
Moruroa,8/7/2018 19:38,1030010084B62200,-21.8347,25.1808,44.2543,35.5039,4.4175,64.8192,184.4175,334.3085312,16.36184051,2.749989327,-46.91699167,68.25072788,5
Moruroa,10/16/2016 19:46,103001005C7F4000,-21.8347,27.3776,67.9616,57.8864,127.7006,62.6224,307.7006,341.2195404,-9.183272874,21.39025131,-3.969775773,40.21998875,all
Motu_One,8/3/2010 20:49,1.03E+211,-15.8143,17.1461,49.8277,36.1975,23.2748,72.8539,203.2748,336.5211007,17.01598323,7.843935224,-31.39773141,56.98990785,none
Motutunga,3/31/2018 20:17,103001007960ED00,-17.1036,24.7404,60.2649,45.8043,119.3716,65.2596,299.3716,339.1076136,4.306609256,21.44648003,-4.066697703,43.12148754,none
Mouse,8/16/2016 0:29,103001005C612300,-2.897222,22.263,58.3938,57.8872,260.02,67.737,80.02,332.8251997,13.60283229,338.0874027,1.07706869,13.56536956,5
Murilo,5/20/2019 0:48,1.03001E+15,8.681,25.0114,69.6703,54.1188,160.255,64.9886,340.255,342.5632961,20.04906191,9.698238343,32.01630746,27.05153431,20
Murilo,4/12/2019 0:47,103001008F0D2400,8.681,25.1802,71.872,89.261,36.9798,64.8198,216.9798,341.6662738,8.476762255,15.13992553,-11.50180437,38.82483341,none
Murilo,6/27/2019 0:50,10300100960C9B00,8.681,27.4761,67.5259,47.3593,59.6263,62.5239,239.6263,342.1722511,23.29403315,23.57361827,-5.549725168,49.64812429,all
Mwoakilloa,12/18/2014 0:19,103001003A677D00,6.6799,28.3362,56.7882,155.0789,120.3786,61.6638,300.3786,345.4424901,-23.3309745,25.82022342,19.92489136,58.48901312,all
Nadikdik,4/4/2016 22:54,10300100536B6100,5.891111,22.58,65.2713,88.3519,343.3923,67.42,163.3923,335.1349782,6.038338229,353.4528641,-15.73816328,28.34125985,all
Nama,2/22/2020 0:10,10300100A153BC00,6.99,28.7606,57.0887,121.607,239.7799,61.2394,59.7799,331.9353188,-10.3975522,333.6843129,20.30746342,30.75320224,all
Namoluk,6/11/2019 0:40,10300100925AA100,5.9137,28.0713,66.5003,41.3773,79.1034,61.9287,259.1034,343.3503012,23.08522347,27.52185423,0.13913423,48.64131097,none
Namonuito,3/5/2018 1:05,1030010078A95B00,8.591,29.8664,63.5837,122.964,9.202,60.1336,189.202,337.9530674,-6.060086045,4.889568279,-20.88628872,30.0131094,none
Namorik,7/9/2019 23:31,10300100952F4500,5.6137,12.2225,64.1782,47.6464,98.5543,77.7775,278.5543,339.6344642,22.33951439,12.18453188,7.293002074,34.75456887,all
Namu,9/18/2019 23:14,1.03001E+15,7.9867,28.2826,67.3417,105.2249,235.9007,61.7174,55.9007,338.1696326,1.60648683,334.8363055,22.669655,21.31056243,20
Namu,6/29/2020 23:19,10300100A8789D00,7.9867,18.1663,63.2314,52.1578,25.863,71.8337,205.863,337.1919765,23.43329783,7.901613258,-8.384164488,43.74374023,all
Namu,11/29/2012 23:50,103001001D15AD00,7.9867,13.3747,58.3846,159.4656,103.1081,76.6253,283.1081,348.5950996,-21.58144212,13.25834871,10.78513324,40.42017778,5
Namu,5/21/2019 23:34,1.03001E+15,7.9867,21.3972,69.2148,51.295,143.4119,68.6028,323.4119,342.8073435,20.46586463,13.86022777,24.80069423,28.92433286,10
Nanuku,3/19/2011 22:40,1.03001E+15,-16.715,18.239,63.2631,53.7754,133.4738,71.761,313.4738,338.7195321,-0.127656217,13.15802376,-3.837199279,34.61053348,none
Nanumanga,5/23/2020 22:46,10300100A606A800,-6.2885,22.4034,56.07,37.3043,58.5688,67.5966,238.5688,338.8268296,20.51404336,19.92388204,-17.38666309,55.33039719,none
Nanumea,12/16/2011 23:11,10300100108EB800,-5.647222,33.6142,67.5193,142.0589,41.0261,56.3858,221.0261,345.2003921,-23.01779465,24.76642581,-29.83881932,35.90319462,all
Napuka,6/26/2019 19:54,10300100940C5000,-14.1726,24.7415,46.1073,31.5783,173.5039,65.2585,353.5039,336.7074881,23.34248767,2.759491392,10.41708702,28.00439776,all
Nassau,8/18/2010 21:42,10300100069D9F00,-11.55,18.2547,58.1485,40.7174,128.9902,71.7453,308.9902,339.3266065,12.81508195,14.09139234,0.169041642,36.7084027,all
Nengonengo,5/26/2017 19:49,103001006956B700,-18.7518,15.7625,43.8637,31.2368,195.3642,74.2375,15.3642,336.364155,21.16079794,355.8647792,-3.516880689,31.20960902,all
Nengonengo,5/26/2017 19:49,103001006A640600,-18.7518,11.8374,43.8161,31.3579,201.8931,78.1626,21.8931,336.257661,21.1551657,355.5729236,-7.723646783,34.55059774,5
Neoch,1/4/2020 0:16,10300100A18FAB00,7.113056,21.4685,51.2364,141.2645,279.8741,68.5315,99.8741,334.8437369,-22.83507886,338.8337757,3.035692566,26.16216067,all
Ngcheangel,2/4/2014 1:54,103001002C442D00,8.0727,7.2823,58.5192,140.5097,19.6577,82.7177,199.6577,339.7657435,-16.21571751,2.444462044,1.209547183,28.37183892,all
Ngulu,3/18/2020 1:31,10300100A5CF5D00,8.4507,28.2851,66.5286,112.111,38.3177,61.7149,218.3177,338.3440039,-0.773006341,17.60905804,-13.78826723,40.96916516,10
Ngulu,2/17/2020 1:34,10300100A2682C00,8.4507,30.6728,59.545,132.3184,155.9478,59.3272,335.9478,337.4554911,-12.17259961,14.88371049,35.95730694,59.69940515,all
Niau,8/19/2019 20:07,103001009738CE00,-16.1554,25.9121,52.2489,43.0228,0.3738,64.0879,180.3738,334.7075441,12.11743823,0.220035918,-42.06681058,59.04220272,none
Niau,8/19/2019 20:05,1030010097D1D400,-16.1554,14.2439,52.009,43.4008,217.0264,75.7561,37.0264,334.3668644,12.13885603,351.4509655,-4.646654786,23.87997138,10
Niau,11/19/2010 20:26,1.03001E+15,-16.1554,18.5534,74.3922,104.1049,72.8732,71.4466,252.8732,343.9472026,-19.32714505,18.97186978,-20.71897986,32.87385132,none
Niau,3/31/2015 20:25,103001004088B400,-16.1554,23.8908,61.1771,47.9702,96.6164,66.1092,276.6164,338.9677228,3.799054329,24.29500928,-12.09785572,47.77490251,all
Nifiloli,9/19/2018 23:13,1030010085B6BF00,-10.186944,27.6086,63.6482,65.1657,248.0373,62.3914,68.0373,336.2366393,1.432959038,334.5427076,0.794686222,1.80988474,10
Nihiru,5/8/2019 20:00,10300100922FA900,-16.6922,9.7114,49.8666,33.5994,51.3757,80.2886,231.3757,338.0828614,17.13688005,8.205697468,-22.57996419,49.45451659,10
Nihiru,5/8/2019 19:59,1030010090650B00,-16.6922,21.8508,49.8024,33.737,174.3714,68.1492,354.3714,337.9683121,17.14093568,2.100198113,5.059722748,26.53445205,none
Nikumaroro,10/31/2019 21:55,103001009D955F00,-4.6764,22.9669,66.7976,115.7861,269.0187,67.0331,89.0187,338.5325416,-14.22615146,336.9796492,-3.922378671,10.41692829,all
Nikunau,7/27/2016 22:50,103001005A056C00,-1.3475,19.4991,60.0342,46.5717,81.3227,70.5009,261.3227,337.4634388,18.83840635,19.31990885,-4.158305281,47.18361871,all
Ninigo,3/20/2017 0:57,10300100658A9F00,-1.2667,18.0108,66.6685,87.3756,16.7528,71.9892,196.7528,336.6943592,-0.124248439,5.392093178,-18.48303285,33.63279269,all
Ninigo,2/14/2012 1:18,1.03001E+15,-1.2667,23.6608,67.1769,122.4471,158.8819,66.3392,338.8819,340.3530749,-13.20490287,8.893931845,20.7339414,44.02915936,none
Nissan,2/16/2020 23:59,103001009F028000,-4.51,25.0536,59.9637,106.9052,317.7531,64.9464,137.7531,330.6471894,-12.30857876,342.0425296,-22.56532869,14.93150039,none
Nissan,6/18/2018 0:07,103001007E78BA00,-4.51,29.276,53.5442,39.1792,231.8205,60.724,51.8205,335.8709016,23.32450093,336.7177609,13.45898301,9.898085351,none
Nissan,1/31/2016 23:56,103001005040D600,-4.51,27.7418,57.948,116.0272,222.9528,62.2582,42.9528,330.0200999,-17.3849895,340.7663989,15.66713491,34.70844397,all
Niulakita,10/17/2016 22:27,103001005DB22100,-10.789,3.2941,70.2736,88.6422,78.7253,86.7059,258.7253,339.9817082,-9.691938041,3.295724152,-11.41530983,22.97800517,all
Niutao,7/6/2018 22:29,1030010081B1A600,-6.1087,27.5347,51.316,40.9383,272.5825,62.4653,92.5825,333.6385025,22.73094991,332.2959547,-6.607827754,29.36817505,none
Nomwin,2/8/2020 0:26,10300100A17ABE00,8.5345,2.6978,55.7503,133.6831,331.6301,87.3022,151.6301,335.0579403,-15.17299374,358.711034,6.158767473,31.69275232,all
Nomwin,12/13/2019 0:25,103001009DB95D00,8.5345,17.2063,52.6709,148.1261,216.2667,72.7937,36.2667,339.6384849,-23.03211949,349.1067845,22.1868324,46.14859164,none
Nonouti,9/21/2019 23:07,103001009B0CD600,-0.6534,23.9378,73.022,85.6304,98.6721,66.0622,278.6721,343.0717186,0.649728069,23.67971167,2.909074916,40.64772892,all
Nonouti,9/21/2019 23:07,103001009915FB00,-0.6534,23.1246,72.8147,85.9097,112.0075,66.8754,292.0075,342.8589138,0.583222489,21.56549431,7.855234604,39.25048825,5
Nonouti,7/13/2019 22:46,1.03001E+15,-0.6534,24.3671,56.3699,46.3759,313.4232,65.6329,133.4232,334.4047152,21.87482423,341.7291761,-17.09580634,39.62539434,5
Nuguria,4/23/2017 0:01,10300100692B6C00,-3.3195,28.0611,61.0089,56.5756,240.8874,61.9389,60.8874,335.5257636,12.46714571,335.3164524,10.21764346,2.258842823,none
Nuguria,3/24/2017 0:10,1030010064A94600,-3.3195,27.0571,65.2692,79.2022,358.3876,62.9429,178.3876,335.7270865,1.469892058,359.1500302,-30.36465919,38.87679036,all
Nuguria,7/31/2019 0:01,10300100957F7700,-3.3195,29.545,55.9941,49.2235,321.9864,60.455,141.9864,333.4808221,18.46083304,340.2542364,-25.99063193,44.9362583,none
Nui,3/27/2018 22:43,103001007AB9B100,-7.2258,24.6698,64.7844,67.3324,2.9566,65.3302,182.9566,336.8217968,2.813501985,1.452436583,-31.85841124,41.82060883,none
Nui,3/13/2011 22:55,1.03001E+12,-7.2258,34.6422,68.4145,79.2219,177.2115,55.3578,357.2115,338.7874547,-2.791862247,1.784572072,27.37330872,37.43083849,5
Nukapu,7/20/2019 23:29,10300100958B8700,-10.0906,26.4987,51.5194,36.2275,164.7509,63.5013,344.7509,336.8155029,20.91828341,6.994438331,15.48646946,29.13214113,none
Nukulaelae,6/28/2020 22:20,10300100A809D100,-9.3872,1.1172,48.7554,37.514,50.9028,88.8828,230.9028,334.10911,23.15984412,0.880634477,-10.09063492,42.33208423,all
Nukulaelae,6/28/2020 22:20,10300100A9BE7800,-9.3872,5.3845,48.8553,37.3258,25.9004,84.6155,205.9004,334.2821774,23.16493087,2.423504081,-14.2213568,46.43252574,none
Nukumanu,6/1/2020 23:54,10300100A784A800,-4.5429,16.4644,55.5336,37.0295,101.1801,73.5356,281.1801,338.3281369,22.64806397,16.14703805,-1.213453304,43.88609445,5
Nukumanu,6/1/2020 23:54,10300100A7D0C100,-4.5429,20.4309,55.733,36.8128,72.5108,69.5691,252.5108,338.5691042,22.57566197,19.77905661,-10.29988735,52.06129099,all
Nukumbasanga,6/28/2020 22:22,10300100AA7C2700,-16.3101,21.5925,43.8836,32.022,132.3486,68.4075,312.3486,335.4563278,23.06759496,15.78625521,-1.32957784,46.20369753,all
Nukunonu,7/7/2020 21:48,10300100A86F9B00,-9.1687,17.6448,49.4845,38.4157,176.2938,72.3552,356.2938,334.1080849,22.41911204,1.13498671,8.439848503,29.48044346,20
Nukunonu,7/7/2020 21:49,10300100A8315900,-9.1687,7.2766,49.5372,38.3278,46.9183,82.7234,226.9183,334.192101,22.41749267,5.473172825,-14.09124638,47.66796981,all
Nukuoro,5/30/2020 0:02,10300100A5532600,3.8478,16.1521,60.8232,49.8287,324.4897,73.8479,144.4897,336.3357325,21.86129935,350.576286,-9.292836153,34.14352814,none
Nukuoro,5/30/2020 0:01,10300100A7335E00,3.8478,25.8931,60.5943,50.1598,218.3545,64.1069,38.3545,336.0336113,21.85777716,342.7853688,23.70618987,6.492735656,none
Nukusemanu,6/28/2020 22:22,10300100A99B5100,-16.3375,18.5666,43.8298,32.1328,119.5575,71.4334,299.5575,335.3565009,23.04321989,16.19156654,-6.657143244,49.74767978,all
Nukutavake,1/12/2018 19:45,1.03001E+15,-19.28,13.6198,66.9208,99.9904,151.1238,76.3802,331.1238,335.4689483,-21.58925152,6.582525676,-7.253790785,33.26213707,5
Nupani,5/12/2017 23:26,10300100694FBA00,-10.0834,31.2747,54.1015,36.7682,12.3162,58.7253,192.3162,338.2511039,18.70063977,8.369403915,-40.46623307,65.46501309,none
Oeno,9/27/2010 19:12,1030010007A77800,-23.9254,6.4115,60.4131,44.9412,104.1664,83.5885,284.1664,339.5760953,-1.903113542,6.716165315,-22.21165325,33.28427638,all
Ofolanga,2/28/2020 21:40,10300100A4A58000,-19.600278,24.9469,56.4874,73.8284,276.1994,65.0531,96.1994,327.6452028,-7.748665437,333.4420182,-20.30795962,13.75544615,all
Olimarao,1/9/2019 1:07,10300100891EEC00,7.6901,18.2614,54.9075,148.4893,99.0019,71.7386,279.0019,341.0766955,-22.10013156,18.32349927,10.11730603,48.70081288,none
Onotoa,5/9/2019 22:39,10300100922,-1.8776,24.6892,59.7415,49.4436,267.251,65.3108,87.251,336.3453751,17.40708152,335.3398582,-0.558477285,17.99283216,none
Onotoa,12/4/2019 22:42,103001009F98CC00,-1.8776,19.2768,60.9148,136.3067,221.5651,70.7232,41.5651,338.7139742,-22.3290151,347.0367588,12.47100887,35.74383643,5
Ontong_Java,5/19/2020 23:32,10300100A71B9400,-5.349,25.2069,54.0794,45.056,253.0218,64.7931,73.0218,333.8285069,19.70207201,335.9430759,2.262398412,17.56172582,all
Ontong_Java,5/8/2020 23:38,10300100A47E3900,-5.349,19.7678,56.5936,47.448,310.7136,70.2322,130.7136,334.9005844,17.03097946,344.3715843,-17.90107204,36.15446602,all
Ontong_Java,5/8/2020 23:38,10300100A5C34900,-5.349,15.8638,56.5831,47.2793,282.6021,74.1362,102.6021,334.9546115,17.10890415,344.3488392,-8.571965127,27.3087659,all
Ontong_Java,5/8/2020 23:38,10300100A75DD000,-5.349,17.5416,56.6831,47.2935,254.1715,72.4584,74.1715,335.029409,17.03855777,343.1434169,-0.403142472,19.18695077,none
Ontong_Java,5/5/2020 23:48,10300100A5BA5D00,-5.349,22.2839,58.8031,45.7584,181.9822,67.7161,1.9822,337.2597571,16.26452686,359.2144745,16.92136977,21.03994287,all
Oroluk,1/26/2020 0:05,10300100A2C23000,7.5134,26.2957,52.8527,135.5324,226.0224,63.7043,46.0224,333.4503371,-18.84576754,339.4104741,24.97342683,44.20162833,all
Orona,9/7/2016 22:00,103001005B15EC00,-4.5118,23.2844,66.3351,64.9758,160.5909,66.7156,340.5909,338.5653935,5.57861592,7.913466249,17.42264326,31.03679835,all
Pakin,6/12/2016 23:47,1030010058D74000,7.0565,28.0399,60.8212,53.5609,236.856,61.9601,56.856,334.7312269,23.24394008,335.0071974,21.31522661,1.945543408,none
Palmerston,9/30/2016 21:17,103001005D70DF00,-18.0474,28.0843,64.4751,57.2269,31.6407,61.9157,211.6407,338.7204313,-3.312879034,19.06281682,-40.87414399,52.18002901,none
Papialou,9/22/2014 0:37,10300100372B9B00,-2.731111,26.0039,68.2327,81.9163,276.5215,63.9961,96.5215,338.4591565,0.449001641,334.0572056,-5.311124225,7.246030414,none
Paraoa,3/22/2017 19:50,103001006642BE00,-19.1365,19.8495,58.4591,52.9093,44.0784,70.1505,224.0784,335.3328821,1.068720263,16.28309195,-32.60152129,51.2358465,none
Pearl_Hermes_Atoll,3/27/2020 22:37,10300100A3C64700,27.873,27.9313,60.0289,142.0144,34.0352,62.0687,214.0352,342.0635219,3.264015367,15.23713714,4.009118072,33.1130406,10
Pearl_Hermes_Atoll,3/27/2020 22:36,10300100A1AF4400,27.873,14.4288,60.0076,142.1225,71.9297,75.5712,251.9297,342.0973008,3.216744877,14.86883391,22.60918035,37.19661362,all
Pelleluhu,10/12/2011 1:13,103001000E595200,-1.087778,24.4808,74.9505,113.4669,174.2777,65.5192,354.2777,346.1157242,-6.990998283,2.577696633,23.26419807,34.26821929,none
Pelleluhu,4/23/2011 1:14,103001000A9D0B00,-1.087778,18.8959,68.6417,49.6684,137.847,71.1041,317.847,343.4725609,12.59103591,12.87978181,12.83142912,28.67184109,none
Penrhyn,4/15/2020 21:06,10300100A79ED500,-8.9993,24.9723,61.4988,48.4688,75.3693,65.0277,255.3693,338.7269765,10.07993981,24.93347813,-14.30736937,51.9031066,5
Penrhyn,4/15/2020 21:06,10300100A2521C00,-8.9993,28.1825,61.6203,48.0713,66.9933,61.8175,246.9933,338.946848,10.14114113,27.31449754,-18.67453103,55.72523417,all
Pikelot,2/21/2020 0:49,10300100A1B78200,8.083,31.6278,59.9736,128.5526,26.4269,58.3722,206.4269,336.5243355,-10.77948491,14.39906715,-20.19475092,37.59700949,none
Pileni,9/19/2018 23:13,1030010085B6BF00,-10.173056,27.6086,63.6482,65.1657,248.0373,62.3914,68.0373,336.2364987,1.445669573,334.5426241,0.807225775,1.80988474,none
Pinaki,8/20/2019 19:31,1030010096D19200,-19.3949,26.6211,48.896,41.8955,348.3633,63.3789,168.3633,333.3100994,12.20260591,352.616939,-45.30383096,60.09632405,none
Pingelap,2/16/2020 23:55,10300100A26C1800,6.2174,10.707,59.9544,127.8523,99.3156,79.293,279.3156,336.1396775,-12.22089443,10.6648555,7.83452867,39.75048618,10
Piniper,6/18/2018 0:07,103001007F044600,-4.4,22.1422,53.498,39.2461,265.9387,67.8578,85.9387,335.7853692,23.43113162,337.8933375,-2.547398675,26.05954873,none
Pollap,12/18/2019 0:43,10300100A06A1E00,7.5901,29.6646,54.019,149.6682,26.5372,60.3354,206.5372,341.1507597,-23.31382456,13.5173179,-18.91263023,30.44917107,15
Poluwat,1/31/2016 0:30,1030010050CAF200,7.3592,18.0935,53.8712,133.7645,200.4206,71.9065,20.4206,333.4798152,-17.51822463,353.1754836,24.23055617,45.95716283,all
Puka_Puka,3/29/2018 19:50,103001007AA00600,7.3592,20.5493,61.224,52.1558,155.6249,69.4507,335.6249,335.4301523,23.90223099,9.268510852,25.91456342,30.67286426,all
Pukapuka,7/23/2019 21:39,10300100968C6000,7.3592,23.656,51.9472,35.8905,147.3283,66.344,327.3283,333.2528657,36.59173603,14.05562751,26.89150715,35.7406829,5
Pukaruhu,3/27/2020 19:28,10300100A3815200,-18.3159,12.4899,56.4904,53.1698,162.9612,77.5101,342.9612,333.7369561,2.98930028,3.655724395,-6.345266762,31.29677432,all
Pukaruhu,3/27/2020 19:29,10300100A59BF700,-18.3159,27.6578,56.8686,52.5848,26.9643,62.3422,206.9643,334.2339076,2.986189324,16.49389812,-42.15317487,59.13818308,none
Rakahanga,8/4/2019 20:57,1030010097A35500,-10.0165,27.1089,51.0948,45.742,293.3676,62.8911,113.3676,331.9044446,17.23351255,333.6665416,-19.43919111,36.7135426,5
Rangiroa,7/15/2018 20:20,1030010081792B00,-15.1138,20.7896,46.4847,33.6219,186.6409,69.2104,6.6409,335.8320182,21.37337672,357.6364502,5.543438016,26.39318931,all
Rangiroa,7/15/2018 20:21,10300100808A0D00,-15.1138,24.5291,46.6636,33.3767,14.9093,65.4709,194.9093,336.090336,21.32307297,7.860631301,-38.64606272,66.9550004,none
Rangiroa,5/17/2017 20:20,1.03001E+15,-15.1138,16.9687,49.4606,32.1839,157.8122,73.0313,337.8122,338.4604617,19.44614426,6.328130529,0.65919391,33.13604869,all
Rangiroa,7/18/2016 20:05,103001005924FD00,-15.1138,21.302,44.9534,38.0132,204.0123,68.698,24.0123,332.2246116,20.7355603,351.4728896,4.441595046,24.80896904,all
Rangiroa,5/27/2018 20:21,103001007F23F400,-15.1138,14.6122,48.1169,30.1714,158.0322,75.3878,338.0322,338.8930684,21.28967636,5.417107124,-1.514935573,34.53337411,5
Rangiroa,4/13/2019 20:18,1.03001E+15,-15.1138,26.4754,56.7284,44.6923,182.1271,63.5246,2.1271,336.9971661,9.120732668,359.0329903,11.34426913,21.79329608,none
Rangiroa,3/20/2018 20:21,103001007B641C00,-15.1138,20.9682,62.0155,59.2064,170.7652,69.0318,350.7652,336.2291684,0.095263242,3.307978129,5.596562094,27.58833015,all
Raraka,3/1/2019 20:01,103001008EB17500,-16.1764,8.6075,61.6365,74.8621,277.871,81.3925,97.871,332.4667457,-7.238659635,351.0735233,-17.16603946,20.69349141,all
Raraka,1/10/2017 20:09,10300100638F7300,-16.1764,24.4964,66.3663,107.0375,152.2719,65.5036,332.2719,335.6551163,-21.59464934,11.17884681,5.679989601,44.22480241,all
Raraka,5/7/2017 19:50,1030010068C7CD00,-16.1764,26.8491,47.6031,39.1731,255.8251,63.1509,75.8251,333.5171412,17.23432851,333.7431643,-8.183397194,25.41870762,5
Raroia,6/13/2020 19:55,10300100AAAB5600,-16.0809,24.0337,44.5772,31.0026,57.3676,65.9663,237.3676,336.4933168,23.09423149,22.77975976,-27.6460695,67.59853324,all
Raroia,6/13/2020 19:55,10300100A8605900,-16.0809,19.5132,44.4474,31.1809,70.3178,70.4868,250.3178,336.3007774,23.13492277,19.78037134,-21.66525896,61.63560462,all
Raroia,4/17/2018 19:52,103001007BCA4B00,-16.0809,23.6471,54.0988,43.2138,212.4448,66.3529,32.4448,335.8789334,10.73501736,347.5411489,4.100884474,13.32617938,none
Raroia,5/30/2019 19:51,103001009311F000,-16.0809,23.2682,45.3199,32.518,351.0909,66.7318,171.0909,335.9618522,21.88564765,355.4842391,-39.01060907,63.58042036,none
Raroia,4/17/2018 19:52,103001007B480900,-16.0809,19.5793,54.0328,43.3461,221.6556,70.4207,41.6556,335.7752639,10.73192932,347.1277184,-1.168663933,16.405287,5
Ravahere,9/30/2016 19:37,103001005DD55200,-18.2358,25.0777,61.164,62.0419,325.193,64.9223,145.193,334.737409,-3.403433821,342.1510561,-37.87665034,35.13443052,all
Ravahere,9/30/2016 19:36,103001005C4F6600,-18.2358,22.776,60.977,62.2517,312.0645,67.224,132.0645,334.5248546,-3.387697082,340.1142706,-32.334803,29.41834497,all
Rawaki,12/25/2018 22:05,103001008A590E00,-3.7217,15.8198,62.8523,138.0319,79.118,74.1802,259.118,340.5892876,-23.34709276,15.63222124,-6.534928504,37.63616344,15
Reao,8/20/2019 19:30,1.03001E+15,-18.516,4.855,50.8204,40.3987,135.0236,85.145,315.0236,335.2422386,12.1246181,3.551494831,-15.04983225,39.04063316,5
Reao,8/20/2019 19:29,103001009A239C00,-18.516,10.047,50.8634,40.2817,166.051,79.953,346.051,335.3286706,12.13753445,2.438638902,-8.751691133,34.09475607,all
Reitoru,5/31/2020 19:34,10300100A83B2200,-17.8555,23.6255,41.1768,36.4808,279.2908,66.3745,99.2908,331.1470201,21.9733504,335.1047587,-20.0293854,42.18033497,none
Reitoru,5/28/2020 19:45,10300100A7565E00,-17.8555,22.2652,43.0768,33.922,358.7896,67.7348,178.7896,334.0042816,21.56206367,359.400348,-40.11467074,66.06406267,5
Rekareka,8/27/2014 20:04,10300100365BDE00,-16.834,24.8971,56.1026,39.7608,25.3064,65.1029,205.3064,338.7789122,9.786143408,13.35566308,-38.82666178,58.29533031,5
Rongelap,1/31/2020 23:44,103001009F319700,11.3333,30.5225,54.8579,144.4521,65.7134,59.4775,245.7134,339.4739255,-17.36763733,27.59520397,-2.036278569,49.65972519,20
Rongelap,3/30/2019 23:48,103001008EAB6E00,11.3333,28.4477,71.3347,111.5656,58.4376,61.5523,238.4376,342.6393553,4.06213906,24.01252188,-4.110980775,42.13798016,5
Rongelap,1/27/2019 23:26,103001008ABF5F00,11.3333,29.2484,51.7449,140.5796,222.0344,60.7516,42.0344,335.5302056,-18.3406194,337.3545329,31.82237552,50.19349143,none
Rongelap,10/4/2019 23:26,103001009AB2FD00,11.3333,17.4497,65.664,128.9215,326.3363,72.5503,146.3363,341.2459007,-4.289321168,350.4158933,-3.281572811,9.205152667,none
Rongerik,3/1/2020 23:39,10300100A3A1D400,11.3565,28.4349,62.3368,130.7081,64.745,61.5651,244.745,339.2305743,-7.03460249,25.51792224,-1.490878052,46.46525492,5
Rongerik,2/25/2017 23:24,1030010067D42A00,11.3565,18.9521,58.2352,127.9618,231.2338,71.0479,51.2338,335.1776982,-8.630942176,344.0702776,22.6818908,32.50147947,none
Rose_Atoll,6/9/2014 21:57,1030010031D85200,-14.5452,29.3957,48.3259,26.3914,39.2693,60.6043,219.2693,341.2886062,22.88723427,22.55860548,-35.91802177,70.57183381,none
Rowa,11/27/2014 23:24,103001003A222600,-13.6239,16.945,71.2567,115.6098,30.9354,73.055,210.9354,341.9206374,-20.97981498,9.762773087,-27.92274984,26.21241411,none
Sae,6/10/2014 1:12,1030010032613B00,-0.758056,19.4287,61.3742,32.6447,98.2241,70.5713,278.2241,343.6869934,23.06395008,19.23332065,2.011533741,40.36808563,none
Sama,3/20/2017 0:56,10300100674BAC00,-1.4049,0.3873,66.3447,87.4185,49.0939,89.6127,229.0939,336.3699259,-0.251604328,0.292836767,-1.658492839,23.9602753,none
Samasuma,2/14/2012 1:18,1.03001E+12,-1.470556,28.8739,66.9794,122.2572,168.9497,61.1261,348.9497,340.1228581,-13.43067803,5.95328638,26.82722058,47.43527297,none
Sapwuahfik,2/8/2020 23:51,10300100A22EA700,5.8105,31.2643,55.1761,126.6524,323.6991,58.7357,143.6991,331.7096359,-14.83507571,341.0080199,-19.2429954,9.919732528,15
Sapwuahfik,2/8/2020 23:51,10300100A37B9A00,5.8105,29.6534,54.997,126.4663,314.7654,60.3466,134.7654,331.4944675,-14.84779375,338.6757686,-14.98921754,6.940378268,none
Satawan,5/21/2019 0:12,103001009334BC00,5.3944,29.242,63.7214,53.8596,234.5982,60.758,54.5982,337.6155912,20.13599086,334.6931133,21.331804,2.983249264,5
Satawan,12/13/2019 0:27,103001009F1BB700,5.3944,28.0028,56.4756,148.9229,36.0425,61.9972,216.0425,341.9425693,-23.11364742,16.8051589,-17.15481283,33.1886813,5
Savave,10/2/2010 22:46,10300100078B9E00,-7.9942,11.4596,72.2753,77.7491,151.1309,78.5404,331.1309,342.6497997,-3.927725346,5.508040734,2.062815349,23.61711099,20
Savave,9/28/2016 22:28,103001005DB98800,-7.9942,18.8939,67.1834,77.16,348.7589,71.1061,168.7589,337.7633136,-2.455952587,355.9555114,-26.49358496,29.70560606,5
Savave,10/13/2010 22:46,10300100072D7900,-7.9942,15.9443,73.7193,91.2174,160.6355,74.0557,340.6355,343.5580672,-8.012799072,5.266077451,7.060724542,26.37589648,all
Sikaiana,7/3/2014 23:50,1.03001E+15,-8.411389,19.4053,52.7591,32.4788,23.0558,70.5947,203.0558,339.3486003,22.86548723,8.33313163,-26.12883367,56.4599,none
Sikaiana,5/15/2014 23:56,1030010031154D00,-8.411389,19.2679,57.9165,31.2087,65.4272,70.7321,245.4272,343.0780499,18.99363562,18.1814046,-15.89254492,49.08927655,all
Sonsorol,3/31/2018 1:50,103001007B25A100,5.326667,17.9751,68.7275,92.3301,354.4021,72.0249,174.4021,338.6882286,4.118649003,358.2326298,-12.562399,25.60104635,none
Sorol,12/6/2019 1:24,103001009B813C00,8.1452,32.1735,55.6656,152.9651,41.7626,57.8265,221.7626,343.9069829,-22.35398011,21.63490621,-15.85799702,36.1402471,5
Suf,6/10/2014 1:12,10300100325D8600,-0.881667,20.6773,61.4172,32.4539,111.7936,69.3227,291.7936,343.809522,22.96377959,19.27617418,6.700719532,37.78544704,none
Suf,10/20/2013 0:55,103001002824F800,-0.881667,26.1176,70.8065,119.942,241.0671,63.8824,61.0671,343.1698341,-10.28846231,336.8497491,11.48597082,22.66236833,all
Surprise,10/5/2018 23:27,10300100864A9900,-18.4121,14.128,64.6532,61.5421,268.1435,75.872,88.1435,337.7921606,-5.272507978,345.1885509,-17.38512665,14.10987178,all
Surprise,9/18/2016 23:39,103001005C8DE400,-18.4121,26.0525,61.7566,47.8462,119.264,63.9475,299.264,339.4568977,1.322736556,22.60504752,-4.591640124,43.5141373,all
Surprise,4/22/2020 23:31,10300100A7273C00,-18.4121,14.5445,51.2117,38.5725,104.3941,75.4555,284.3941,336.4053969,12.62103436,14.53628648,-14.2701551,46.36583866,none
Suwarrow,3/29/2018 21:30,103001007A116900,-13.2279,15.9079,62.7636,53.3153,95.9656,74.0921,275.9656,338.4237179,3.595056267,16.1285783,-11.08883999,40.28720411,all
Swains_Island,6/29/2020 21:45,10300100A889DB00,-11.0555,20.9588,47.6119,36.2318,20.2137,69.0412,200.2137,334.3332431,23.08310227,8.252486974,-30.56459066,62.74509867,none
Tabiteuea,4/7/2020 22:39,10300100A40A3F00,-1.4089,17.1457,62.9656,71.1885,263.4092,72.8543,83.4092,334.302042,7.158759741,342.9701471,0.591976921,10.85503397,all
Tabiteuea,8/12/2018 23:08,1030010080A9CF00,-1.4089,22.9674,65.2175,48.9944,80.5783,67.0326,260.5783,340.9172779,14.63308341,22.73016133,-4.962045626,45.8454401,all
Tabiteuea,11/29/2018 23:00,10300100876C9C00,-1.4089,6.4313,63.6438,141.7299,74.1515,83.5687,254.1515,342.780456,-21.74470025,6.195273283,-3.153622528,29.37296285,20
Tabiteuea,11/29/2018 23:01,10300100895FF200,-1.4089,11.0401,63.743,142.0317,50.5514,78.9599,230.5514,342.9590414,-21.7594292,8.596140886,-8.381839331,28.06551943,all
Tabiteuea,9/30/2018 23:07,1.03001E+15,-1.4089,27.7496,74.2162,96.7054,50.091,62.2504,230.091,344.3022144,-3.176480483,22.14960049,-18.6864987,40.12624713,5
Tabuaeran,9/22/2018 21:19,1030010085A68C00,3.8637,6.5027,71.9128,101.5441,37.8087,83.4973,217.8087,342.2909018,0.118255292,3.981974596,-1.279033973,21.73436941,20
Tabuaeran,6/19/2016 21:10,103001005945FC00,3.8637,11.9398,61.0768,45.3342,131.9784,78.0602,311.9784,337.9768414,23.46495094,9.038611393,11.77010195,31.73653895,all
Taenga,8/14/2019 19:50,1.03001E+15,-16.3574,18.2771,49.5708,42.1033,225.7476,71.7229,45.7476,333.336933,14.31775772,346.9968981,-3.292466608,22.21450795,all
Taenga,8/14/2019 19:50,1.03001E+15,-16.3574,13.7402,49.5671,42.2289,255.1537,76.2598,75.1537,333.2715938,14.26637988,346.4026309,-12.42568137,29.69362656,5
Tahanea,10/24/2016 19:50,103001006054D100,-16.8646,25.6293,67.0347,82.2216,328.9978,64.3707,148.9978,336.6727441,-12.50831717,343.5649093,-38.05217018,26.27233299,all
Tahanea,3/1/2019 20:01,103001008EB17500,-16.8646,8.6075,61.6365,74.8621,277.871,81.3925,97.871,332.4245858,-7.848800477,351.0397781,-17.84587292,20.69349141,5
Tahanea,7/21/2016 19:56,103001005AAE9500,-16.8646,9.5924,44.6031,37.0608,13.3285,80.4076,193.3285,332.8531238,19.87781412,2.453470453,-26.18242321,54.28438907,all
Tahanea,7/21/2016 19:56,1030010059CF4C00,-16.8646,18.2881,44.6318,37.1787,9.5055,71.7119,189.5055,332.8014342,19.80363411,3.621040279,-34.86427222,62.01120915,none
Taiaro,12/21/2012 20:25,103001001EB32400,-15.7438,11.0318,71.5565,117.6046,79.7819,78.9682,259.7819,342.2012358,-23.48412769,11.38183028,-17.39720052,27.95863551,all
Takapoto,9/2/2016 20:07,103001005B918C00,-14.6236,27.0244,58.0685,47.658,162.1411,62.9756,342.1411,336.7775236,7.495082212,8.165303054,11.16086235,31.17279329,all
Takapoto,9/21/2016 20:07,103001005DA84700,-14.6236,13.4419,64.067,56.8329,78.1176,76.5581,258.1176,338.5262638,0.255179317,13.7587116,-16.96967424,38.7443771,all
Takapoto,6/12/2019 20:10,103001009551DB00,-14.6236,16.862,46.3697,30.4344,159.2597,73.138,339.2597,337.6606897,23.13607598,5.897249394,1.195774422,35.0980027,all
Takaroa,9/21/2016 20:07,103001005C75C300,-14.4496,16.3889,64.2058,56.6011,131.7563,73.6111,311.7563,338.6976215,0.417477959,12.17108795,-3.292201238,33.66176934,5
Takaroa,5/3/2016 20:09,1030010056BC5400,-14.4496,25.051,52.5752,36.1668,115.9058,64.949,295.9058,338.0846867,16.07711646,22.41399721,-2.689071736,47.65376736,all
Takume,6/13/2020 19:54,10300100A87D8E00,-15.8099,19.6756,44.7082,31.202,125.2162,70.3244,305.2162,336.3941638,23.15577369,16.00637037,-3.998195414,47.22093588,15
Takume,5/16/2019 20:05,1030010092173B00,-15.8099,24.6129,50.0851,29.8732,65.8439,65.3871,245.8439,340.23828,19.04915691,24.64475749,-24.31048306,61.24726348,all
Takume,4/17/2018 19:52,103001007EB65000,-15.8099,26.4801,54.4529,43.4916,208.9909,63.5199,28.9909,335.9778549,10.61117269,347.4085001,7.550383028,11.69317016,none
Takutea,9/28/2016 20:51,103001005C6FE800,-19.813,26.6844,61.6207,55.1859,14.0074,63.3156,194.0074,337.0087461,-2.459887085,8.915345742,-45.46156489,51.28409286,none
Takuu,4/14/2017 23:57,103001006703F400,-4.7537,21.166,62.2201,58.5185,224.7259,68.834,44.7259,336.2159022,9.743493049,345.034774,10.27484015,8.70059444,all
Takuu,11/10/2012 0:30,103001001D579F00,-4.7537,20.0402,73.3641,139.4903,102.5784,69.9598,282.5784,348.7721455,-17.23666371,19.53950522,-0.199643448,34.74576292,all
Tamana,6/19/2020 22:50,10300100A8362800,-2.5,22.885,56.4566,37.9955,68.992,67.115,248.992,338.2279718,23.49611064,21.6555229,-10.33872178,54.29130969,all
Tarawa,10/14/2018 22:51,10300100866FDE00,1.4387,27.4083,67.4422,115.9536,292.2481,62.5917,112.2481,339.5987055,-8.316845939,334.4649336,-8.739633713,5.09453121,none
Tarawa,4/7/2017 23:13,10300100692A0200,1.4387,26.0509,70.1136,73.5227,141.8178,63.9491,321.8178,340.8183911,6.895577738,16.9732235,21.57115811,37.85330479,5
Tarawa,12/9/2016 23:07,103001006244F800,1.4387,15.0365,59.5878,145.2427,86.7836,74.9635,266.7836,341.6989154,-23.2105614,15.01297822,0.555559223,40.16607916,all
Tatakoto,4/1/2018 19:42,103001007C932000,-17.3416,27.8431,57.8304,49.0311,13.0036,62.1569,193.0036,336.2128634,4.640895721,8.43846098,-44.26275155,56.81321793,all
Tatakoto,3/28/2017 19:27,10300100696F6300,-17.3416,20.9882,55.8268,55.6737,242.2708,69.0118,62.2708,332.3160851,3.19539468,341.3782752,-6.846579809,13.51555315,5
Tauere,6/11/2020 19:28,10300100A813C000,-17.3772,27.3853,40.4556,36.2828,244.4373,62.6147,64.4373,330.7011632,23.05345098,335.4086602,-4.345610971,27.78194545,all
Tematangi,3/29/2018 19:53,103001007A33C900,-21.6803,20.1561,55.9318,45.2068,42.628,69.8439,222.628,336.529999,3.481827582,16.68267892,-35.61933918,54.21049377,all
Tematangi,11/2/2018 19:38,1030010087614A00,-21.6803,16.0627,68.2448,76.0018,255.9747,73.9373,75.9747,338.1348573,-15.05833353,343.695922,-17.01922023,5.692506626,5
Temoe,9/8/2014 19:23,1.03001E+15,-23.3466,29.3417,53.5506,40.9037,1.5112,60.6583,181.5112,337.0000376,5.3650727,1.221203074,-52.67351149,61.56225909,none
Tenararo,3/28/2017 19:30,1.03001E+11,-21.3043,25.161,55.0773,48.3915,20.3025,64.839,200.3025,334.6139378,3.225640887,11.92731384,-44.45497745,58.16992098,none
Tenarunga,8/4/2019 19:20,1030010098C29F00,-21.3451,15.8813,42.8192,37.7139,241.2184,74.1187,61.2184,332.0110085,17.04107087,345.7418804,-13.14265843,33.09048207,all
Tepoto_North,9/27/2018 20:00,103001008574D400,-16.8206,10.9677,67.5163,58.4945,113.6541,79.0323,293.6541,340.9134653,-4.363555514,10.26993607,-12.18231267,30.05495334,all
Tepoto_South,3/1/2019 20:02,103001008E349900,-16.8206,22.1964,62.2853,74.2848,1.4693,67.8036,181.4693,333.137022,-7.793307107,0.714272675,-39.00823259,39.84670793,all
Teraina,6/23/2012 21:33,103001001A7B8D00,4.6839,7.5,64.5999,40.7,232.4,82.5,52.4,342.2490976,23.44512232,353.986086,9.226272279,18.1156927,all
Tetiaroa,5/27/2020 20:21,10300100A88FB400,-17.007,18.6842,45.2403,31.6702,57.7345,71.3158,237.7345,336.5997574,21.43127574,17.5630115,-26.14299146,61.96479005,all
Tetiaroa,5/27/2020 20:20,10300100A661D300,-17.007,24.6622,45.0821,32.0048,161.073,65.3378,341.073,336.2946404,21.43637452,7.82787883,6.409708101,33.9817031,all
Tetiaroa,5/27/2020 20:21,10300100A88FB400,-17.007,26.319,43.0456,32.8998,183.8639,63.681,3.8639,334.4991436,22.77567337,358.2653187,9.256049245,26.47641352,all
Tikehau,4/11/2020 20:15,10300100A5CBC200,-15.0031,18.3173,56.02,47.1827,33.2172,71.6827,213.2172,335.4929348,8.757480244,11.4646608,-29.98132293,51.92034726,all
Tikehau,7/4/2020 20:20,10300100A951FA00,-15.0031,25.1466,45.4852,32.366,123.167,64.8534,303.167,335.977044,22.7925822,20.83770704,-0.560741559,49.48463413,all
Tikehau,4/11/2020 20:15,10300100A3682200,-15.0031,13.2542,56.1026,47.1283,50.1267,76.7458,230.1267,335.5742503,8.721624181,11.03677936,-23.20047175,47.13791842,5
Tikei,12/15/2018 19:55,10300100879AE400,-14.95,24.0306,65.2437,114.2251,250.1266,65.9694,70.1266,335.3720349,-23.59553965,337.357788,-5.846830211,17.8513177,5
Tikei,7/2/2016 19:56,10300100581D0700,-14.95,14.1322,44.4095,35.0085,14.4447,75.8678,194.4447,333.6400592,22.62970713,3.977523247,-28.59446072,58.98255051,none
Tingwon,12/13/2010 0:47,1030010008295F00,-2.628333,13.0778,63.8175,142.9955,63.8334,76.9222,243.8334,343.2124014,-23.15024349,11.84318019,-8.2993824,31.20210194,none
Toau,4/2/2019 20:23,10300100910FED00,-15.907,26.1793,60.8923,46.9141,123.1003,63.8207,303.1003,339.1197061,4.59466423,21.69233338,-0.816781091,42.87521703,none
Toau,8/17/2016 19:58,103001005B980800,-15.907,16.8228,50.5976,44.8184,216.8581,73.1772,36.8581,332.6909668,12.78204312,349.9948573,-2.272297104,22.84229823,5
Toau,1/5/2019 20:23,1030010089018B00,-15.907,22.9535,68.5332,112.3932,79.3628,67.0465,259.3628,338.4496808,-22.90115395,23.87779661,-18.76008757,42.49885581,all
Tobi,4/5/2018 2:07,103001007B1A5D00,89.51,29.311,71.9858,79.7236,55.1448,60.689,235.1448,261.213229,72.06694707,54.4357917,60.4064738,46.24673436,none
Toke,4/11/2020 23:29,10300100A43EEB00,11.1454,31.7704,71.8345,95.6535,54.8191,58.2296,234.8191,341.7014208,8.831679769,25.73545626,-7.660327822,46.87459198,5
Tuanake,4/12/2016 19:44,103001005351E300,-16.650784,20.8831,52.1669,49.7668,230.8867,69.1169,50.8867,331.7153295,8.815431072,343.9212817,-2.996087565,16.95820593,5
Tupai,7/11/2019 20:43,1.03E+111,-16.2623,25.5042,45.7998,30.0919,71.393,64.4958,251.393,337.8138594,22.22910959,26.23672116,-22.62116589,65.06852135,none
Tureia,3/24/2015 19:45,103001003ED6AC00,-20.8293,17.2383,57.8844,48.9801,66.1589,72.7617,246.1589,336.3449479,1.429283495,17.68582739,-26.84429115,48.82101664,none
Tuvana_i_Colo,6/12/2016 22:16,1030010056077A00,-20.8293,25.9172,40.0901,29.9413,45.3661,64.0828,225.3661,335.4939287,22.9924091,23.03595241,-37.36055152,75.11422489,5
Tuvana_i_Ra,7/13/2012 22:44,103001001ABFA800,-20.8293,29.9784,43.6625,25.1698,44.5479,60.0216,224.5479,340.6903627,21.49633734,27.16817774,-39.85439435,75.1051367,5
Uanukuhahaki,2/28/2020 21:40,10300100A4A58000,-19.966389,24.9469,56.4874,73.8284,276.1994,65.0531,96.1994,327.6179938,-8.05789163,333.380844,-20.6353523,13.75544615,5
Ujae,3/7/2020 23:17,10300100A04D9C00,9.0679,29.0567,59.153,115.5932,251.383,60.9433,71.383,332.3508631,-4.785044092,331.245187,16.91052697,21.72306866,none
Ujae,6/28/2019 23:36,103001009448E700,9.0679,20.9881,65.4374,52.2212,5.1094,69.0119,185.1094,339.0469258,23.25451451,1.867675575,-11.8379126,41.59661968,none
Ujelang,3/6/2020 23:56,10300100A207B000,9.8237,32.2082,62.8263,122.3341,24.1613,57.7918,204.1613,337.2065133,-5.100093751,13.38668438,-19.56114242,38.06319505,5
Ujelang,5/2/2019 0:09,103001008F1DAE00,9.8237,26.754,73.5145,69.0305,134.3833,63.246,314.3833,344.0558993,15.28783457,21.27733766,27.55517496,36.58561932,5
Ulithi,3/29/2020 1:25,10300100A430BC00,9.955,25.8665,69.1304,106.464,56.8029,64.1335,236.8029,339.9831755,3.559754033,21.48377047,-4.572399426,42.25366591,none
Ulithi,3/16/2020 1:04,10300100A4CBBB00,9.955,32.0066,61.4395,112.4771,331.1543,57.9934,151.1543,333.7720814,-1.61533845,344.3940701,-18.09950592,19.50416619,none
Ulithi,3/2/2020 1:19,10300100A244F100,9.955,12.5019,61.085,125.012,36.3873,77.4981,216.3873,336.4851003,-7.00253423,7.378326856,-0.164213578,31.56240602,none
Ulithi,3/16/2020 1:03,10300100A43A3300,9.955,26.2937,61.0931,111.9337,251.4186,63.7063,71.4186,333.3489095,-1.518939097,333.9408892,17.09859629,18.62668576,none
Utirik,4/2/2019 23:37,103001008E0D4500,11.2458,30.2449,72.4052,108.9028,63.4526,59.7551,243.4526,343.3130467,5.154778806,26.82120674,-2.999450016,44.22124031,all
Vahanga,1/25/2020 19:13,10300100A2142500,-21.3321,19.4247,60.5501,91.2655,298.6801,70.5753,118.6801,328.6600313,-19.07970338,340.4227911,-29.45484689,14.9016479,all
Vahitahi,8/5/2010 19:37,103001000689ED00,-18.7742,13.0189,46.128,37.0257,322.6206,76.9811,142.6206,334.1298558,16.96916708,351.01405,-28.88488317,48.67050845,all
Vairaatea,4/15/2020 19:30,10300100A65F8B00,-19.3491,24.3948,50.5796,44.075,357.4041,65.6052,177.4041,333.346658,10.04896093,358.5170361,-43.7121929,58.427862,all
Vaitupu,10/11/2019 22:33,103001009B590E00,-7.2792,14.6359,70.581,90.7238,8.5721,75.3641,188.5721,340.4263146,-7.103534119,2.323797688,-21.74228854,25.70514468,all
Vanavana,5/26/2017 19:50,10300100699D1D00,-20.7809,23.0581,43.3775,27.1819,125.967,66.9419,305.967,339.1440301,21.15146564,18.60128099,-6.395047395,47.51392895,all
Vostok,1/18/2019 20:44,103001008C525400,-10.1,14.9916,64.8844,117.2934,44.0229,75.0084,224.0229,336.2513617,-20.51170687,11.07529066,-20.64156097,32.53849411,all
Wailagi_Lala,2/17/2019 22:23,103001008E8D9800,-16.7732,2.2895,63.5875,82.2685,44.5058,87.7105,224.5058,333.2572484,-11.60495497,1.691151855,-18.39897426,28.25476871,all
Wake_Island,6/17/2019 23:38,10300100931B4B00,19.2977,4.0665,71.7801,73.1091,307.4734,85.9335,127.4734,340.9511866,23.55618932,356.629795,16.79359845,16.18011763,20
West_Fayu,1/25/2020 0:43,10300100A0873400,8.0743,31.5273,53.0467,137.6777,353.8883,58.4727,173.8883,334.6313165,-19.13728894,356.5256537,-23.2693454,20.80373952,none
Woleai,12/26/2019 0:48,103001009F89C200,7.3462,27.0482,51.3334,143.127,315.7476,62.9518,135.7476,335.9049675,-23.32032881,341.0644276,-12.07342724,12.26988532,none
Wotho,1/27/2019 23:28,103001008C08CC00,10.1046,21.0675,52.3247,138.7397,291.4821,68.9325,111.4821,334.8837434,-18.26738896,340.4462549,1.95528931,20.9508938,none
Wotje,3/27/2017 23:18,1030010068D6EC00,9.4385,2.8651,67.6903,105.2039,348.1289,87.1349,168.1289,338.4784387,3.06713291,359.4068821,6.634225102,21.15214413,all
Wotje,2/1/2016 23:16,1030010050228A00,9.4385,14.5733,54.2752,137.6109,133.7159,75.4267,313.7159,335.6938192,-16.99475166,11.10885795,19.28382091,50.2728239,none
Wotje,2/1/2016 23:16,1.03001E+15,9.4385,16.7606,54.1537,137.3975,150.5667,73.2394,330.5667,335.5117003,-16.99494323,8.915213452,23.87701667,52.28592951,none
Wotje,6/26/2019 23:08,1030010093CBDC00,9.4385,28.3627,63.5678,55.0981,234.4292,61.6373,54.4292,336.5488642,23.45907758,334.8422646,24.63926018,1.954855983,15
