Atoll,Alternative names,Type,Country,Group,Subgroup,Lat,Lon,Average Rainfall (mm/yr),Inhabited?,History of copra production,Copra reference,Elevation (m),cocos km2,broadleaf km2,shrub km2,non_veg km2,cloud km2,total km2,total non-cloud km2,cocos%,broadleaf%,shrub%,non_veg%,cloud%,cocos/veg%,cocos/tree%,monocrop km2,monocrop coconut km2,% of coconut existing in monocrop
Abaiang,"Apaiang, Apia, Charlotte",Atoll,Kiribati,Gilbert Islands,Northern Gilberts,1.8569,172.9472,2356.52196,1,Yes,https://www.britannica.com/place/Abaiang-Atoll,3,8.359724,3.713168,2.228396,2.287076,0.516628,17.104992,16.588364,50.39510828,22.38417242,13.43348868,13.78723062,3.020334649,58.45434341,69.24375701,6.347468,4.54644,54.3850491
Abemama,"Apamama, Roger Simpson, Dundas, Hopper, Simpson",Atoll,Kiribati,Gilbert Islands,Central Gilberts,0.3927,173.8657,1671.6786,1,Yes,https://www.britannica.com/place/Abemama-Atoll,3,11.975628,4.416116,7.921356,5.992992,1.083148,31.38924,30.306092,39.5155799,14.57171053,26.13783394,19.77487563,3.450698392,49.25586618,73.05890087,8.229904,5.64468,47.1347306
Ahe,"Peacock, Ahemaru, Omaru",Atoll,French Polynesia,Tuamotu Archipelago,King George Islands,-14.4784,-146.3037,1333.76016,1,Yes,https://www.airtahiti.com/en/ahe,4,3.249108,3.222924,3.397068,6.552328,0.00942,16.430848,16.421428,19.78578233,19.62633213,20.6868002,39.90108534,0.057331186,32.92202936,50.20228577,1.84882,1.317976,40.564241
Ahnd,Ant,Atoll,Federated States of Micronesia,Caroline Islands,Pohnpei State,6.7768,157.9598,3080.10276,0,Yes,https://micronesica.org/sites/default/files/2_-_budenocr.pdf,5,1.183288,1.178556,0.221172,0.06554,0.015628,2.664184,2.648556,44.67672196,44.49805856,8.350663531,2.474555947,0.586596121,45.81032406,50.10017596,0.54268,0.387192,32.7217043
Ahunui,"Byam Martin, Nga-taumanga",Closed Atoll,French Polynesia,Tuamotu Archipelago,Hao Group,-19.6342,-140.4093,1591.60332,0,Yes,http://yabaha.net/dahl/isldb/IKM.htm,8,0.161136,1.776524,0.723148,2.108196,0.035852,4.804856,4.769004,3.378818722,37.25146802,15.16350165,44.20621161,0.7461618,6.055904823,8.316010033,0.000004,0.000004,2.48E-03
Ailinginae,Ailiginae,Atoll,Marshall Islands,Ralik Chain,,11.1429,166.4339,1211.01228,0,Unknown,,2,NA,NA,NA,NA,NA,NA,NA,NA,NA,NA,NA,NA,NA,NA,NA,NA,NA
Ailinglaplap,"Ailinglapalap, Lambert",Atoll,Marshall Islands,Ralik Chain,,7.3947,168.7634,2958.8778,1,Yes,https://marshallislandsjournal.com/rmis-bumper-copra-year/,3,NA,NA,NA,NA,NA,NA,NA,NA,NA,NA,NA,NA,NA,NA,NA,NA,NA
Ailuk,"Aelok, Los Placeres",Atoll,Marshall Islands,Ratak Chain,,10.3134,169.9373,1425.59772,1,Yes,"http://www.reefbase.org/global_database/dbr1,23,MHL,473.aspx",3,2.883648,1.97484,0.76554,1.9656,0,7.589628,7.589628,37.99458946,26.02024763,10.08666037,25.89850254,0,51.27371343,59.3527863,1.932268,1.383816,47.9883814
Akiaki,"Lancier, Thrum",Coral Island,French Polynesia,Tuamotu Archipelago,Far East Tuamotu Group,-18.55,-139.22,1535.36724,0,Yes,https://tropicalislands.net/category/ecological-education/,9,0.445056,0.440124,0.1322,0.212592,0.066748,1.29672,1.229972,36.18423834,35.7832536,10.74821215,17.2842959,5.147448948,43.74530657,50.27858741,0.209132,0.138004,31.0082327
Amanu,"Moller, Las Animas, Timanu, Karere",Atoll,French Polynesia,Tuamotu Archipelago,Hao Group,-17.8076,-140.7621,1586.94804,1,Yes,https://www.moxon.net/photo_library/index.php?location=Amanu&article_name=amanu.html&folder=french_polynesia&all=on&french_polynesia=on&order=place&terms=&all=on&skip=0&submitted=1,9,2.742188,0.690648,4.428976,7.123304,0,14.985116,14.985116,18.29941123,4.608893251,29.55583394,47.53586158,0,34.87984704,79.88112453,1.87254,1.308068,47.7016164
Anaa,"Chain, Nganaa-nui, Ara-ura, Isla de Todos los Santos",Closed Atoll,French Polynesia,Tuamotu Archipelago,Raeffsky Islands,-17.4134,-145.4918,1587.53004,1,Yes,https://www.theislandinitiative.org/projects/anaa-atoll/,7,9.523784,6.140384,11.975316,10.897412,0,38.536896,38.536896,24.7134175,15.93377941,31.0749366,28.27786649,0,34.45717004,60.79980756,4.630632,3.057096,32.099594
Anuanuraro,Archangel,Closed Atoll,French Polynesia,Tuamotu Archipelago,Duke of Gloucester Islands,-20.436,-143.5355,1816.9008,0,Unknown,,,NA,NA,NA,NA,NA,NA,NA,NA,NA,NA,NA,NA,NA,NA,NA,NA,NA
Anuanurunga,,Closed Atoll,French Polynesia,Tuamotu Archipelago,Duke of Gloucester Islands,-20.6135,-143.287,1877.30232,0,Unknown,,,NA,NA,NA,NA,NA,NA,NA,NA,NA,NA,NA,NA,NA,NA,NA,NA,NA
Apataki,Hagemeister,Atoll,French Polynesia,Tuamotu Archipelago,Palliser Islands,-15.4527,-146.3248,1665.3882,1,Yes,https://earthobservatory.nasa.gov/images/6341/apataki-atoll,4,6.33606,3.765756,6.828168,7.178796,0.597184,24.705964,24.10878,26.28113077,15.61985302,28.32232904,29.77668717,2.417165345,37.42507967,62.72198979,4.47268,3.292592,51.965922
Aranuka,Ananuka,Atoll,Kiribati,Gilbert Islands,Central Gilberts,0.1659,173.6088,1573.26144,1,Yes,https://mapcarta.com/27499142,3,5.038572,1.258844,3.6092,5.233016,0.063096,15.202728,15.139632,33.28067684,8.31489167,23.83941697,34.56501453,0.415030776,50.86067735,80.01015019,3.887456,2.965344,58.8528655
Aratika,Carlshoff,Atoll,French Polynesia,Tuamotu Archipelago,Raeffsky Islands,-15.5392,-145.5294,1374.81528,1,Yes,https://en.unesco.org/biosphere/eu-na/commune-de-fakarava,4,1.407092,2.212772,3.603864,4.05658,0,11.280308,11.280308,12.47387926,19.61623743,31.94827659,35.96160672,0,19.47875114,38.87140511,0.523864,0.371524,26.4036751
Arno,,Atoll,Marshall Islands,Ratak Chain,,7.0611,171.6631,3327.77196,1,Yes,https://marshallislandsjournal.com/rmis-bumper-copra-year/,2,8.14644,2.875596,2.271324,3.520456,0.12942,16.943236,16.813816,48.45086921,17.10257802,13.50867644,20.93787633,0.76384464,61.28202351,73.9104826,6.652292,5.424084,66.5822617
Arorae,"Hope, Hurd, Arorai, Arurai",Coral Island,Kiribati,Gilbert Islands,Southern Gilberts,-2.64,176.83,1622.25696,1,Yes,,2,4.894724,1.410164,0.403676,0.509832,0,7.218396,7.218396,67.80902572,19.5356974,5.592322727,7.062954152,0,72.962321,77.63379778,5.240324,3.923788,80.1636211
Arutua,"Ngaru-atua, Rurick, Cockburn",Atoll,French Polynesia,Tuamotu Archipelago,Palliser Islands,-15.3217,-146.742,1444.62684,1,Yes,https://rahuicenter.pf/en/our-projects/arutua/,4,2.827828,2.433756,5.462752,5.83414,0.329212,16.887688,16.558476,17.07782769,14.69794684,32.99066895,35.23355652,1.949420193,26.36832714,53.74480385,1.279796,0.839344,29.6815789
Asia,,Coral Island,Indonesia,Raja Ampat Archipelago,,1.0396,131.2509,2513.38296,1,Unknown,,,0.361084,7.667652,0.467956,0.431664,0.054332,8.982688,8.928356,4.044238379,85.87977451,5.24123366,4.834753453,0.604852356,4.249700942,4.497395356,0.000532,0.000384,0.1063464
Atafu,Duke of York,Closed Atoll,Tokelau,Tokelau Islands,,-8.5602,-172.4929,2783.45376,1,Yes,https://www.britannica.com/place/Atafu,5,1.737356,0.629068,0.424432,0.960096,0,3.750952,3.750952,46.3177348,16.7708891,11.31531409,25.59606201,0,62.25172492,73.41693627,1.434236,1.201848,69.1768411
Aua,Durour,Coral Island,Papua New Guinea,Bismarck Archipelago,Western Islands,-1.463333,143.060833,3374.53272,1,Yes,https://nla.gov.au/nla.obj-319422511/view?sectionId=nla.obj-374068796&partId=nla.obj-319637213#page/n62/mode/1up,2,0.314836,4.762412,0.312824,0.049464,0,5.439536,5.439536,5.787920146,87.55180589,5.750931697,0.909342267,0,5.841035148,6.200918293,0.056176,0.03988,12.6669123
Aur,,Atoll,Marshall Islands,Ratak Chain,,8.2557,171.0935,2374.17312,1,Yes,https://marshallislandsjournal.com/dengue-ban-slows-copra-production/,3,2.35852,1.12066,1.0238,0.470224,0,4.973204,4.973204,47.42455769,22.53396402,20.58632624,9.455152051,0,52.37687043,67.78953661,1.921492,1.430436,60.6497295
Awin,,Atoll,Papua New Guinea,Bismarck Archipelago,Western Islands,-1.6475,144.029722,3558.86796,1,Yes,https://nla.gov.au/nla.obj-318598376/view?sectionId=nla.obj-332834748&partId=nla.obj-318730234#page/n87/mode/1up,2,0.581436,0.176076,0.075468,0.016624,0,0.849604,0.849604,68.43611847,20.7244787,8.882726541,1.956676287,0,69.80191601,76.75601179,0.571768,0.44082,75.815739
Baker,New Nantucket,Coral Island,United States,Isolated Central Pacific,,0.195,-176.479,913.88016,0,No,https://www.fws.gov/refuge/baker-island,8,0.001784,0.002192,1.420312,0.218696,0,1.642984,1.642984,0.10858292,0.133415785,86.44709869,13.3109026,0,0.125255566,44.86921529,0,0,0
Bat,,Coral Island,Papua New Guinea,Bismarck Archipelago,Admiralty Islands,-2.841667,146.235556,3347.73048,0,Unknown,,2,0.109084,0.112924,0.01808,0.046276,0,0.286364,0.286364,38.09277703,39.4337277,6.313642776,16.1598525,0,45.43500716,49.1351663,0.070756,0.054976,50.3978585
Bellona,,Atoll,New Caledonia,Chesterfield Islands,,-21.156,158.9917,838.83816,0,Unknown,,1,0,0,0.08714,0.069608,0,0.156748,0.156748,0,0,55.59241585,44.40758415,0,0,0,0,0,0
Beru,"Eliza, Francis, Maria, Peroat, Peru, Sunday",Atoll,Kiribati,Gilbert Islands,Southern Gilberts,-1.3215,175.9784,1351.30368,1,Yes,,3,8.08992,2.705936,2.107124,4.084744,0,16.987724,16.987724,47.6221535,15.92877304,12.40380406,24.0452694,0,62.6980744,74.93541966,6.481192,4.937992,61.0388236
Bikar,Pikaar,Atoll,Marshall Islands,Ratak Chain,,12.2439,170.1074,1019.97012,0,Unknown,,6,0.00416,0.098272,0.2635,0.337496,0,0.703428,0.703428,0.591389595,13.97044189,37.45941305,47.97875547,0,1.136823235,4.061230865,0,0,0
Bikini,"Pikinni, Eschscholtz",Atoll,Marshall Islands,Ralik Chain,,11.5904,165.3822,1168.40436,0,Yes,https://www.bikiniatoll.com/history.html,5,1.586228,0.911236,3.270328,1.920812,0,7.688604,7.688604,20.63089736,11.85177439,42.53474363,24.98258461,0,27.50147717,63.51354814,1.393784,1.075912,67.8283324
Birnie,,Closed Atoll,Kiribati,Phoenix Islands,,-3.5847,-171.5169,980.48004,0,Yes,,4,0,0.000092,0.181972,0.290712,0,0.472776,0.472776,0,0.019459533,38.49010948,61.49043099,0,0,0,0,0,0
Bokak,Taongi,Closed Atoll,Marshall Islands,Ratak Chain,,14.6559,168.9733,882.29832,0,Unknown,,3,0.063732,0.730944,2.908016,1.023136,0,4.725828,4.725828,1.348589073,15.46700388,61.53452898,21.64987807,0,1.721234172,8.01987225,0,0,0
Butaritari,"Makin, Pitt, Taritari, Touching",Atoll,Kiribati,Gilbert Islands,Northern Gilberts,3.152,172.8311,3136.75668,1,Yes,,3,3.794064,5.102692,4.492368,3.729592,0.78708,17.905796,17.118716,22.16325103,29.8076795,26.24243547,21.786634,4.395671658,28.33690987,42.64547662,1.28838,0.88846,23.4171063
Chesterfield,,Atoll,New Caledonia,Chesterfield Islands,,-19.2865,158.6077,1028.64408,0,Unknown,,9,0.000296,0.00114,0.6433,0.462048,0,1.106784,1.106784,0.026744152,0.103001128,58.1233556,41.74689912,0,0.045910264,20.61281337,0,0,0
Ducie,Luna Puesta,Atoll,Pitcairn Islands,Pitcairn Islands,,-24.6811,-124.7854,1361.88948,0,No,,4,0,0.131484,0.375368,0.337828,0.04248,0.84468,0.84468,0,15.56613155,44.43907752,39.99479093,5.029123455,0,0,0.00194,0,0
Eauripik,,Atoll,Federated States of Micronesia,Caroline Islands,Yap State,6.6899,143.0416,3788.15328,1,Yes,http://cpi.kagoshima-u.ac.jp/publications/southpacificstudies/sps/sps40-1/SouthPacificStudies40-1-pp1-14.pdf,3,0.082684,0.064064,0.020612,0.008036,0,0.175396,0.175396,47.14132591,36.52534835,11.75169331,4.58163242,0,49.40487572,56.34420912,0.039668,0.028272,34.1928305
Ebon,"Epoon, Boston, Covell, Fourteen, Linnez",Atoll,Marshall Islands,Ralik Chain,,4.6349,168.7192,4027.09464,1,Yes,https://marshallislandsjournal.com/copra-makers-makes-nearly-9-million/,3,3.098164,1.44712,0.560412,0.962664,0,6.06836,6.06836,51.05438702,23.84697019,9.234982763,15.86366003,0,60.68054189,68.16216544,2.560172,1.921928,62.0344178
Elato,,Atoll,Federated States of Micronesia,Caroline Islands,Yap State,7.4406,146.1477,3458.56308,1,Unknown,,3,0.334372,0.232244,0.070612,0.035672,0,0.6729,0.6729,49.6911874,34.51389508,10.49368405,5.301233467,0,52.47289824,59.01209991,0.19732,0.14228,42.5514098
Enewetak,"Eniwetok, Eniewetok, Brown",Atoll,Marshall Islands,Ralik Chain,,11.4948,162.2244,1468.75044,1,Yes,https://www.theguardian.com/world/2015/jul/03/runit-dome-pacific-radioactive-waste,4,1.424424,1.11228,2.401716,2.21152,0.499316,7.649256,7.14994,19.92218117,15.55649418,33.59071545,30.93060921,6.527641381,28.84371925,56.15255071,0.881012,0.619816,43.5134482
Erikub,Adkup,Atoll,Marshall Islands,Ratak Chain,,9.142,170.0205,1932.00864,0,Unknown,,3,0.292104,0.396768,0.237808,0.240428,0.06488,1.231988,1.167108,25.02801797,33.99582558,20.37583497,20.60032148,5.266285061,31.52156084,42.40323311,0.177292,0.123724,42.3561471
Ettal,Etal,Atoll,Federated States of Micronesia,Caroline Islands,Chuuk State,5.5903,153.5672,3970.11432,1,Yes,http://cpi.kagoshima-u.ac.jp/publications/southpacificstudies/sps/sps40-1/SouthPacificStudies40-1-pp1-14.pdf,5,0.520948,0.645592,0.069788,0.070976,0,1.307304,1.307304,39.84903282,49.38346398,5.338314577,5.42918862,0,42.13671453,44.65753425,0.175828,0.128612,24.6880687
Faaite,"Faaiti, Decena, Miloradovitch",Atoll,French Polynesia,Tuamotu Archipelago,Raeffsky Islands,-16.7506,-145.2421,1380.76284,1,Unknown,,9,1.03638,1.389892,2.399016,4.546452,0.038892,9.410632,9.37174,11.05856543,14.83067179,25.59840542,48.51235736,0.413277238,21.47809623,42.71491407,0.606608,0.4746,45.7940138
Fakahina,"Enterprise, Kaina, Predpriati",Closed Atoll,French Polynesia,Tuamotu Archipelago,Far East Tuamotu Group,-15.9851,-140.1331,1172.1672,1,Yes,https://www.service-public.pf/wp-content/uploads/2021/09/FAKAHINA-maj-19072021.pdf,7,2.55336,0.376964,2.44886,5.565264,0.062348,11.006796,10.944448,23.33018531,3.444339998,22.37536329,50.8501114,0.566450037,47.46742257,87.135757,1.69806,1.110384,43.4871698
Fakaofo,Bowditch,Closed Atoll,Tokelau,Tokelau Islands,,-9.3736,-171.2162,2739.56724,1,Yes,https://www.britannica.com/place/Fakaofo,5,2.315364,0.304864,0.341064,0.249804,0.022884,3.23398,3.211096,72.10510056,9.49407928,10.62142023,7.779399931,0.707611055,78.18762891,88.36498198,2.064344,1.81826,78.5302009
Fakarava,"Havaiki-te-araro, Havai'i, Farea, Wittgenstein",Atoll,French Polynesia,Tuamotu Archipelago,Palliser Islands,-16.2928,-145.6084,1591.7964,1,Yes,https://www.juliaportersteele.com/fakarava,7,2.849012,5.08206,10.00706,5.137876,0.183212,23.25922,23.076008,12.34620823,22.02313329,43.36564626,22.26501222,0.787696234,15.88243414,35.92215529,0.53106,0.350364,12.2977369
Fangatau,"Nakai-erua, Arakcheev",Closed Atoll,French Polynesia,Tuamotu Archipelago,Far East Tuamotu Group,-15.8262,-140.8618,1118.30148,1,Yes,https://academic.oup.com/icesjms/article/62/6/1037/615844,8,2.654604,0.465788,2.51962,3.602468,0,9.24248,9.24248,28.72177165,5.03964304,27.26129783,38.97728748,0,47.06734667,85.07277291,1.97226,1.410372,53.1292803
Fangataufa,"Fangatafoa, Cockburn",Closed Atoll,French Polynesia,Tuamotu Archipelago,Far East Tuamotu Group,-22.2356,-138.7401,1886.6574,0,Unknown,,8,0.000232,1.696848,1.421208,1.002684,0,4.120972,4.120972,0.00562974,41.17591675,34.4872035,24.33125001,0,0.00743998,0.01367054,0,0,0
Fanna,Fana,Coral Island,Palau,Southwest Islands,Sonsorol State,5.353,132.226,3062.40348,0,Unknown,,6,NA,NA,NA,NA,NA,NA,NA,NA,NA,NA,NA,NA,NA,NA,NA,NA,NA
Faraulep,,Atoll,Federated States of Micronesia,Caroline Islands,Yap State,8.679,152.2321,2793.38652,1,Yes,https://ozoutback.com.au/Micronesia/yapwest/slides/19900513006.html,7,0.517872,0.491884,0.15832,0.12256,0.05774,1.348376,1.290636,40.12533356,38.11175266,12.26682039,9.496093399,4.282188351,44.33547132,51.28684553,0.342312,0.257508,49.7242562
Fayu,"East Fayu, Fayo",Coral Island,Federated States of Micronesia,Caroline Islands,Chuuk State,8.548,151.34,2918.97252,0,Yes,http://cpi.kagoshima-u.ac.jp/publications/southpacificstudies/sps/sps40-1/SouthPacificStudies40-1-pp1-14.pdf,2,0.059536,0.0912,0.025768,0.090368,0,0.266872,0.266872,22.30882221,34.17368626,9.655565215,33.86192632,0,33.73068032,39.4968687,0.011244,0.007496,12.5907014
Flint,Tiburones,Coral Island,Kiribati,Line Islands,Southern Line Islands,-11.43,-151.8,1540.21176,0,Yes,,4,1.228716,0.472608,0.342264,0.246472,0.015568,2.305628,2.29006,53.65431473,20.63736321,14.94563461,10.76268744,0.675217338,60.12542646,72.22116422,1.189284,0.870068,70.8111557
Funafuti,Ellice,Atoll,Tuvalu,Tuvalu,,-8.5155,179.113,3196.55424,1,Yes,https://www.britannica.com/place/Funafuti-Atoll,3,1.293292,0.423988,1.043448,1.110284,0,3.871012,3.871012,33.40966135,10.95289811,26.95543181,28.68200874,0,46.8460493,75.31049101,0.685324,0.561044,43.3810771
Gaferut,Fayo,Coral Island,Federated States of Micronesia,Caroline Islands,Yap State,9.23,145.385,2947.5744,0,Yes,http://cpi.kagoshima-u.ac.jp/publications/southpacificstudies/sps/sps40-1/SouthPacificStudies40-1-pp1-14.pdf,5,0.004184,0.005456,0.044796,0.048192,0,0.102628,0.102628,4.076860116,5.316287953,43.64890673,46.9579452,0,7.686090087,43.40248963,0,0,0
Hao,"Haorangi, Harp",Atoll,French Polynesia,Tuamotu Archipelago,Hao Group,-18.209167,-140.853611,1727.32032,,Yes,https://greencoconutrun.com/2018/03/15/coconuts-and-fish-a-floating-lunch-in-hao/,8,3.3269,2.517364,5.742248,12.04512,0,23.631632,23.631632,14.07816439,10.65251862,24.29899044,50.97032655,0,28.71355935,56.92590205,1.53416,1.082092,32.5255343
Haraiki,"Croker, San Quentin",Atoll,French Polynesia,Tuamotu Archipelago,Raeffsky Islands,-17.4651,-143.4489,1430.32764,0,Yes,https://greencoconutrun.com/2018/03/23/haraikis-nearly-impossible-entrance/,9,1.866372,0.436996,0.86626,0.76148,0,3.931108,3.931108,47.47699631,11.11635702,22.03602648,19.37062019,0,58.88299826,81.02795559,1.574776,1.295624,69.4193869
Heina,,Atoll,Papua New Guinea,Bismarck Archipelago,Western Islands,-1.132222,144.505833,3448.98852,1,Unknown,,3,1.117444,1.547364,0.178796,0.006812,0,2.850416,2.850416,39.20283916,54.2855499,6.272628276,0.238982661,0,39.29675159,41.93337756,0.580808,0.428736,38.3675603
Helen,Hotsarihie,Atoll,Palau,Southwest Islands,Tobi State,2.97375,131.8121,2814.8736,1,Unknown,,3,0.000188,0,0.009112,0.01888,0,0.02818,0.02818,0.667139815,0,32.33498935,66.99787083,0,2.021505376,100,0,0,0
Hereheretue,"Hiri-oro, St. Paul",Closed Atoll,French Polynesia,Tuamotu Archipelago,Duke of Gloucester Islands,-19.8698,-144.959,1868.28552,1,Unknown,,8,1.627516,1.202548,1.079172,0.93054,0,4.839776,4.839776,33.62791997,24.84718301,22.29797412,19.2269229,0,41.63258499,57.50809876,0.711644,0.471852,28.9921574
Hikueru,"Tiveru, Te Karena, Melville",Closed Atoll,French Polynesia,Tuamotu Archipelago,Hikueru Group,-17.5884,-142.6158,1350.426,1,Yes,https://www.voyagence.com/in-the-land-of-pearls/?lang=en,8,0.6215,0.2785,1.247252,2.70648,0.547528,5.40126,4.853732,12.80458006,5.737852852,25.69676282,55.76080426,10.1370421,28.94397118,69.05555556,0.345032,0.253576,40.8006436
Hiti,"Hiti-rau-mea, Ohiti, Clute",Closed Atoll,French Polynesia,Tuamotu Archipelago,Raeffsky Islands,-16.7277,-144.0955,1394.71272,0,Unknown,,9,NA,NA,NA,NA,NA,NA,NA,NA,NA,NA,NA,NA,NA,NA,NA,NA,NA
Houk,"Pulusuk, Bartolome",Closed Atoll,Federated States of Micronesia,Caroline Islands,Chuuk State,6.6915,149.3024,3640.25868,1,Yes,https://www.uog.edu/_resources/files/ml/technical_reports/77Nelson_and_Cushing_1982_UOGMLTechReport77.pdf,3,0.985908,1.318008,0.297604,0.114824,0,2.716344,2.716344,36.29540294,48.52139493,10.95604975,4.227152378,0,37.89738307,42.79270598,0.529084,0.399132,40.4836962
Howland,Worth,Coral Island,United States,Isolated Central Pacific,,0.807,-176.616,1022.9172,0,No,https://www.cs.mcgill.ca/~rwest/wikispeedia/wpcd/wp/h/Howland_Island.htm,3,0,0.00002,0.365008,1.554548,0,1.919576,1.919576,0,0.001041897,19.01503249,80.98392562,0,0,0,0,0,0
Huon,,Atoll,New Caledonia,Loyalty Islands,Entrecasteaux Reefs,-18.1031,162.8905,1484.02896,0,Unknown,,1,0.000052,0.000852,0.152148,0.17368,0,0.326732,0.326732,0.015915184,0.260764174,46.56660505,53.1567156,0,0.033975381,5.752212389,0,0,0
Ifalik,Ifaluk,Atoll,Federated States of Micronesia,Caroline Islands,Yap State,7.2508,144.4462,3649.79004,1,Yes,http://cpi.kagoshima-u.ac.jp/publications/southpacificstudies/sps/sps40-1/SouthPacificStudies40-1-pp1-14.pdf,3,0.686472,0.377464,0.316076,0.036548,0,1.41656,1.41656,48.46049585,26.64652397,22.31292709,2.580053086,0,49.74391527,64.52192613,0.451152,0.310576,45.2423405
Iles Maria,Hull,Closed Atoll,French Polynesia,Austral Islands,Tupua'i Islands,-21.8095,-154.7047,1933.67856,0,Yes,https://archive.org/details/tahitifrenchpoly00hila/page/4/mode/2up,7,0.380216,0.835572,0.159292,0.164588,0.02438,1.564048,1.539668,24.69467444,54.26962176,10.34586677,10.68983703,1.55877569,27.65046397,31.2732154,0.24652,0.191048,50.2472279
Jabat,"Jabot, Jabwot, Jebat",Coral Island,Marshall Islands,Ralik Chain,,7.7517,168.9767,2787.42588,1,Yes,https://marshallislandsjournal.com/copra-2-28-2020/,3,0.215292,0.090288,0.157852,0.148392,0,0.611824,0.611824,35.18855096,14.75718507,25.80023013,24.25403384,0,46.45600649,70.45356371,0.163996,0.121072,56.2361816
Jaluit,"Jalwoj, Jalooj",Atoll,Marshall Islands,Ralik Chain,,6.0064,169.5537,3665.87628,1,Yes,https://marshallislandsjournal.com/dengue-ban-slows-copra-production/,3,6.060024,3.555464,1.588628,3.202284,0.974044,15.380444,14.4064,42.06480453,24.67975344,11.02723789,22.22820413,6.33300313,54.08747999,63.02357197,4.620344,3.672604,60.6037864
Jarvis,Bunker,Coral Island,United States,Line Islands,Central Line Islands,-0.373889,-159.997778,308.98824,0,No,fws.gov/refuge/jarvis-island,7,0.000644,0.000396,0.813432,3.536704,0,4.351176,4.351176,0.014800596,0.009100988,18.69453224,81.28156618,0,0.07906963,61.92307692,0,0,0
Jemo,"Jamo, Los Pajaros",Coral Island,Marshall Islands,Ratak Chain,,10.116667,169.55,1468.74648,0,Unknown,,3,0.065908,0.025184,0.079616,0.030748,0,0.201456,0.201456,32.71582877,12.50099277,39.52029227,15.26288619,0,38.60861823,72.35322531,0.044916,0.034988,53.08612
Johnston,Kalama,Coral Island,United States,Isolated Northern Pacific,,16.732222,-169.530833,646.13184,0,No,https://www.pacioos.hawaii.edu/education/region-johnston/,5,0.050544,0.375012,1.365984,0.85094,0,2.64248,2.64248,1.91274863,14.19166843,51.69325785,32.20232509,0,2.821259922,11.87716775,0,0,0
Kapingamarangi,"Greenwich, Pikaram, Los Pescadores, Constantine",Atoll,Federated States of Micronesia,Caroline Islands,Pohnpei State,1.065,154.7722,3290.35872,1,Yes,https://www.jstor.org/stable/pdf/1948559.pdf,3,0.607148,0.221108,0.260652,0.184652,0,1.27356,1.27356,47.67329376,17.3614121,20.46640912,14.49888502,0,55.75751119,73.30438898,0.344776,0.260976,42.9839183
Katiu,"Taungataki, Saken",Atoll,French Polynesia,Tuamotu Archipelago,Raeffsky Islands,-16.4236,-144.3601,1331.682,1,Yes,https://ne-np.facebook.com/holopunivaa/videos/holopuni-vaa-tuamotu-voyage-episode-1-makemo/880291475981966/,7,1.639604,1.778956,2.207764,3.484904,0,9.111228,9.111228,17.99542279,19.52487634,24.23124523,38.24845564,0,29.14165626,47.96183188,0.815672,0.567252,34.5968905
Kauehi,"Putake, Vincennes",Atoll,French Polynesia,Tuamotu Archipelago,Raeffsky Islands,-15.8772,-145.1562,1380.66768,1,Yes,https://www.expeditions.com/expedition-stories/daily-expedition-reports/kauehi-atoll-tuamotu-archipelago-RS-2022-09-19/,5,NA,NA,NA,NA,NA,NA,NA,NA,NA,NA,NA,NA,NA,NA,NA,NA,NA
Kaukura,"Kaheko, Auura, Oura",Closed Atoll,French Polynesia,Tuamotu Archipelago,Palliser Islands,-15.7563,-146.6987,1479.76188,1,Yes,https://welcome-tahiti.com/en/kaukura-generous-by-nature/,5,3.992748,2.867168,3.022656,4.8769,0,14.759472,14.759472,27.05210593,19.42595236,20.47943178,33.04250992,0,40.40191157,58.20403632,2.807596,1.909444,47.8228027
Kayangel,"Ngcheangel, Ngajangel",Atoll,Palau,Caroline Islands,,8.0727,134.7054,3157.51908,1,Unknown,,2,0.160348,0.574008,0.52294,0.351024,0,1.60832,1.60832,9.969906486,35.68991246,32.5146737,21.82550736,0,12.75340095,21.8351862,0.000196,0.000092,0.0573752
Kili,Kole,Coral Island,Marshall Islands,Ralik Chain,,5.646111,169.128333,3615.9774,1,Yes,https://www.britannica.com/place/Kili,3,0.21486,0.203944,0.24774,0.123908,0,0.790452,0.790452,27.18191617,25.80093415,31.34156154,15.67558814,0,32.23493123,51.30323493,0.12606,0.094872,44.1552639
Kiritimati,"Christmas, Acea, Turtle",Closed Atoll,Kiribati,Line Islands,Northern Line Islands,1.8708,-157.4141,577.99452,1,Yes,,3,10.865172,6.613108,116.310624,233.757968,0,367.546872,367.546872,2.956132354,1.799255688,31.64511328,63.59949868,0,8.121130882,62.16385136,1.027984,0.6185,5.6925008
Kure,"Holaniku, Mokupapapa",Atoll,United States,Hawaiian Islands,Northwestern Hawaiian Islands,28.4226,-178.3294,969.27492,0,No,http://kureatollconservancy.org/,3,0.00478,0.187072,0.437556,0.244968,0,0.874376,0.874376,0.546675572,21.39491477,50.04208716,28.0163225,0,0.759443795,2.491503868,0,0,0
Kuria,,Coral Island,Kiribati,Gilbert Islands,Central Gilberts,0.215,173.43,1598.14908,1,Yes,,3,7.199104,4.190364,1.887272,1.709016,0.112024,15.09778,14.985756,48.03964511,27.96231301,12.59377238,11.40426949,0.741989882,54.22343135,63.20843081,5.34558,3.760712,52.2386119
Kwajalein,Kuwajleen,Atoll,Marshall Islands,Ralik Chain,,9.1876,167.4552,1955.64552,1,Yes,https://pubs.usgs.gov/wri/wri97-4184/pdf/wri97-4184.pdf,6,3.4654,5.100876,4.575084,4.900092,0.65386,18.695312,18.041452,19.20798836,28.27309021,25.35873498,27.16018644,3.497454335,26.37017782,40.45398491,1.424312,1.068852,30.843539
Lae,,Atoll,Marshall Islands,Ralik Chain,,8.9374,166.2406,2098.59708,1,Yes,https://www.infomarshallislands.com/atolls-a-l/lae-atoll/,3,1.068224,0.570804,0.249476,0.400572,0,2.289076,2.289076,46.66616574,24.93600038,10.89854596,17.49928792,0,56.56456116,65.17423741,0.845332,0.616168,57.681535
Lamotrek,,Atoll,Federated States of Micronesia,Caroline Islands,Yap State,7.4921,146.3187,3461.99892,1,Yes,http://cpi.kagoshima-u.ac.jp/publications/southpacificstudies/sps/sps40-1/SouthPacificStudies40-1-pp1-14.pdf,3,0.557572,0.25946,0.018912,0.027888,0,0.863832,0.863832,64.54634697,30.03593291,2.189314589,3.228405523,0,66.69968323,68.24359389,0.54404,0.398004,71.3816332
Laysan,Kauo,Closed Atoll,United States,Hawaiian Islands,Northwestern Hawaiian Islands,25.7695,-171.7328,870.13668,0,No,https://dlnr.hawaii.gov/wildlife/birds/laysan-finch/,2,0.000764,0.003528,1.29536,2.029128,0,3.32878,3.32878,0.022951352,0.105984775,38.91395646,60.95710741,0,0.058784967,17.80055918,0,0,0
Lib,"Ellep, Princess, Los Nadadores",Closed Atoll,Marshall Islands,Ralik Chain,,8.3132,167.3805,2302.33392,1,Yes,https://marshall.csu.edu.au/Marshalls/html/History_Varia/taxation.html,3,0.477388,0.307764,0.106824,0.057544,0,0.94952,0.94952,50.27677142,32.41258741,11.25031595,6.060325217,0,53.52027409,60.80198484,0.409276,0.306188,64.1381853
Likiep,Los Corrales,Atoll,Marshall Islands,Ratak Chain,,9.897,169.1366,1584.25128,1,Yes,https://rmi-data.sprep.org/system/files/Copra%20Production%20in%20RMI%202013-2020.pdf,4,3.732648,1.661944,3.459584,2.005284,0.242768,11.102228,10.85946,34.37231686,15.30411273,31.85779035,18.46578007,2.186660191,42.15692121,69.19240602,2.637924,2.039592,54.6419593
Liot,,Atoll,Papua New Guinea,Bismarck Archipelago,Western Islands,-1.409444,144.513056,3540.68808,1,Unknown,,3,0.627112,0.493996,0.081528,0.013164,0,1.2158,1.2158,51.58019411,40.63135384,6.705708176,1.082743872,0,52.14478861,55.93680537,0.362264,0.25206,40.1937772
Lisianski,Papa‘apoho,Coral Island,United States,Hawaiian Islands,Northwestern Hawaiian Islands,26.064,-173.965,903.12576,0,No,https://www.fws.gov/refuge/hawaiian-islands/visit-us,6,0,0.001036,0.550636,0.832496,0,1.384168,1.384168,0,0.074846406,39.78100924,60.14414435,0,0,0,0,0,0
Losap,,Atoll,Federated States of Micronesia,Caroline Islands,Chuuk State,6.8789,152.6969,3660.90936,1,Yes,http://cpi.kagoshima-u.ac.jp/publications/southpacificstudies/sps/sps15-2/SouthPacificStudies15(2)pp49-73.pdf,5,0.449936,0.564044,0.333896,0.133584,0,1.48146,1.48146,30.37112038,38.07352207,22.53830681,9.017050747,0,33.38111221,44.3732618,0.18078,0.1218,27.0705167
Lukunor,,Atoll,Federated States of Micronesia,Caroline Islands,Chuuk State,5.5185,153.753,4050.95328,1,Yes,http://shark.comfsm.fm/library/digitallibrary/V5N241984.pdf,8,1.2294,0.791504,0.305616,0.20484,0,2.53136,2.53136,48.56677833,31.26793502,12.07319386,8.092092788,0,52.84287262,60.83416135,0.739556,0.550116,44.7467057
Maiana,,Atoll,Kiribati,Gilbert Islands,Central Gilberts,0.9321,173.0036,1815.68796,1,Yes,,3,8.547708,1.635432,3.507768,12.07964,0,25.770548,25.770548,33.16851469,6.346128146,13.61153826,46.8738189,0,62.43346314,83.93980639,7.539336,5.65908,66.205818
Majuro,Majro,Atoll,Marshall Islands,Ratak Chain,,7.1137,171.1993,2998.91112,1,Yes,https://marshallislandsjournal.com/600000-copra-makers/,3,3.229756,1.940408,3.86956,3.516316,0.30918,12.86522,12.55604,25.72272787,15.45398071,30.81831533,28.00497609,2.403223575,35.72848021,62.4691209,1.2162,0.942948,29.195642
Makalom,,Coral Island,Solomon Islands,Santa Cruz Islands,Reef Islands,-10.168611,166.200278,3544.28832,,Unknown,,3,0.005136,0.005964,0.008712,0.031044,0,0.050856,0.050856,10.09910335,11.72722983,17.13072204,61.04294479,0,25.92368262,46.27027027,0.00148,0.001296,25.2336449
Makemo,"Rangi-kemo, Te Paritua, Phillips, Kutusov, Koutousof Smolenski",Atoll,French Polynesia,Tuamotu Archipelago,Raeffsky Islands,-16.618,-143.689,1350.20292,1,Yes,https://adventuresofatribe.com/2017/06/21/makemo-tuamotus-2/,6,3.233328,2.916588,8.117668,12.017292,0.031948,26.316824,26.284876,12.30109665,11.09606909,30.88341752,45.71941675,0.121397628,22.66205687,52.57515712,1.422164,0.983244,30.4096584
Makin,Buen Viaje,Atoll,Kiribati,Gilbert Islands,Northern Gilberts,3.38,173,3349.89072,1,Yes,,3,3.823804,1.06214,1.178008,0.898192,0,6.962144,6.962144,54.9227939,15.25593266,16.9201901,12.90108334,0,63.05795297,78.2613145,3.412192,2.67542,69.9674983
Maloelap,,Atoll,Marshall Islands,Ratak Chain,,8.7375,171.0411,2089.4244,1,Yes,https://marshallislandsjournal.com/rmis-bumper-copra-year/,3,2.727732,2.882868,2.380824,2.034516,0.604956,10.630896,10.02594,27.2067457,28.75409189,23.74664121,20.2925212,5.690545745,34.13324083,48.61747407,1.72836,1.336416,48.9936695
Malum,,Atoll,Papua New Guinea,Solomon Archipelago,Northern Solomon Islands,-3.1461,154.4937,3703.7772,,Yes,https://ses.library.usyd.edu.au/bitstream/handle/2123/7040/Chapter_7.pdf?sequence=1&isAllowed=y,2,0.389888,0.646736,0.108948,0.07528,0,1.220852,1.220852,31.93573013,52.97415248,8.923931812,6.166185582,0,34.0343514,37.61132291,0.220716,0.16556,42.4634767
Manihi,"Paeua, Wilson",Atoll,French Polynesia,Tuamotu Archipelago,King George Islands,-14.4038,-145.9477,1344.7158,1,Yes,https://www.tahiti.com/island/manihi,9,2.396008,4.000184,3.963288,8.092064,0,18.451544,18.451544,12.98540653,21.67939984,21.47943825,43.85575538,0,23.12865125,37.45991365,0.897752,0.60526,25.2611844
Manihiki,,Closed Atoll,Cook Islands,Northern Cook Islands,,-10.4259,-161.0007,2099.05356,1,Yes,https://airraro.com/manihiki/,3,3.213344,0.3917,0.575392,0.861604,0,5.04204,5.04204,63.7310295,7.768680931,11.41188884,17.08840073,0,76.86624075,89.13466798,2.889088,2.658308,82.7271528
Manra,Sydney,Closed Atoll,Kiribati,Phoenix Islands,,-4.4556,-171.2444,1269.00168,0,Yes,,4,0.681084,1.38788,3.016296,0.673144,0.025424,5.783828,5.758404,11.82765225,24.1018171,52.38076384,11.68976682,0.439570471,13.39329749,32.91908414,0.392608,0.277736,40.7785236
Manu,Allison,Coral Island,Papua New Guinea,Bismarck Archipelago,Western Islands,-1.310278,143.581389,3406.7988,1,Unknown,,2,0.306276,0.04784,0.010144,0.011872,0,0.376132,0.376132,81.42779662,12.7189391,2.696925547,3.156338732,0,84.08169988,86.49030261,0.30048,0.271016,88.487508
Manuae,"Harvey, Hervey",Closed Atoll,Cook Islands,Southern Cook Islands,,-19.2697,-158.9441,2054.5464,0,Yes,https://paperspast.natlib.govt.nz/newspapers/EP19360528.2.80,5,1.131612,0.175992,0.860504,0.317568,6.591848,9.077524,2.485676,45.52532188,7.080246983,34.61851022,12.77592092,72.61724673,52.19352541,86.54087935,1.037284,0.796516,70.3877301
Manua'e,"Scilly, Isla de Pajaros, Fenua-ura",Closed Atoll,French Polynesia,Society Islands,Leeward Group,-16.5434,-154.6841,1950.89424,1,Yes,https://en.wikipedia.org/wiki/Manuae_(Society_Islands),8,1.84662,0.239328,1.176596,1.07252,0,4.335064,4.335064,42.59729499,5.520748944,27.14137554,24.74058053,0,56.60061596,88.52665551,1.689492,1.403908,76.0258201
Manuhangi,"Te Fara, Cumberland",Closed Atoll,French Polynesia,Tuamotu Archipelago,Hao Group,-19.2011,-141.2441,1527.4758,0,Unknown,,5,0.345784,0.2833,1.133672,1.823488,0,3.586244,3.586244,9.641954089,7.899629808,31.61168063,50.84673547,0,19.61610115,54.96626842,0.190988,0.13816,39.9555792
Mapia,"Freewill, San David",Atoll,Indonesia,Papua Province,,0.8824,134.3048,2534.15484,1,Yes,https://global-citizen-01.blogspot.com/2011/04/mapia-middle-of-no-where.html,,1.598124,0.3032,0.07676,0.050984,1.150404,3.179472,2.029068,78.76148064,14.94282104,3.783017622,2.512680699,36.18223403,80.7915134,84.05321765,1.582056,1.312956,82.156078
Marakei,,Closed Atoll,Kiribati,Gilbert Islands,Northern Gilberts,2.0014,173.2765,2383.14792,1,Yes,,3,7.588224,2.422564,2.294076,0.90614,0.089924,13.300928,13.211004,57.4386625,18.33747079,17.36488763,6.858979075,0.676073128,61.66849142,75.80046646,6.892308,4.894108,64.4960929
Maria Est,"Maria, Moerenhout",Closed Atoll,French Polynesia,Tuamotu Archipelago,Outer Gambier Group,-22.016,-136.1892,1709.75208,0,Unknown,,8,1.525612,0.212104,0.783296,1.01654,0,3.537552,3.537552,43.12620705,5.995784656,22.14231763,28.73569067,0,60.51585633,87.79409294,1.469224,1.093248,71.6596356
Marokau,Manaka,Closed Atoll,French Polynesia,Tuamotu Archipelago,Hikueru Group,-18.0605,-142.2658,1471.326,1,Yes,https://www.hoarau.org/polynesie/marokau.htm,5,1.482076,0.874416,6.232344,3.967116,0.82724,13.383192,12.555952,11.80377243,6.964155326,49.63657077,31.59550148,6.181186073,17.25584235,62.89331769,0.605208,0.397572,26.825345
Marutea Nord,"Taunga tauranga-e-havana, Furneaux",Closed Atoll,French Polynesia,Tuamotu Archipelago,Raeffsky Islands,-17.0245,-143.1548,1408.30248,0,Unknown,,,0.147904,0.470284,1.43288,3.641572,0,5.69264,5.69264,2.598161837,8.261263667,25.17074679,63.96982771,0,7.211072475,23.9254078,0.032852,0.022268,15.0557118
Marutea Sud,"Lord Hood Island, Marutea-i-runga, Nuku-nui",Closed Atoll,French Polynesia,Tuamotu Archipelago,Outer Gambier Group,-21.5207,-135.5566,1609.9554,1,Unknown,,6,NA,NA,NA,NA,NA,NA,NA,NA,NA,NA,NA,NA,NA,NA,NA,NA,NA
Mataiva,"Matahiva, Lazareff, Tepoetiriura",Closed Atoll,French Polynesia,Tuamotu Archipelago,Palliser Islands,-14.8831,-148.6738,1441.7022,1,Yes,https://www.seabourn.com/en_US/ports/mataiva-french-polynesia.html,8,7.429628,1.5357,4.418104,2.164472,0,15.547904,15.547904,47.78539924,9.877215604,28.4160746,13.92131055,0,55.51362311,82.8706769,6.539376,4.869828,65.5460543
Matema,,Coral Island,Solomon Islands,Santa Cruz Islands,Reef Islands,-10.293056,166.184167,3333.33984,1,Yes,https://onlinelibrary.wiley.com/doi/10.1111/1477-8947.12038,8,NA,NA,NA,NA,NA,NA,NA,NA,NA,NA,NA,NA,NA,NA,NA,NA,NA
Matureivavao,"Maturei-vavao, Melbourne",Closed Atoll,French Polynesia,Tuamotu Archipelago,Acteon Group,-21.4721,-136.3935,1733.43492,0,Yes,https://www.researchgate.net/publication/332157840_Multi_island_multi_invasive_species_eradication_in_French_Polynesia_demonstrates_economies_of_scale,6,1.06692,0.200212,0.460636,1.22582,0,2.953588,2.953588,36.12284449,6.778602838,15.59581093,41.50274175,0,61.75134625,84.19959404,0.965744,0.799428,74.9285795
Maupihaa,Mopelia,Atoll,French Polynesia,Society Islands,Leeward Group,-16.8098,-153.9555,1906.23528,1,Yes,https://www.pitufa.at/maupihaa/,6,1.531036,0.750744,1.416776,0.794692,0,4.493248,4.493248,34.07414859,16.70826983,31.53122196,17.68635962,0,41.39550679,67.09831798,1.297096,1.065104,69.5675347
McKean,"Drummond, Wigram, Arthur",Closed Atoll,Kiribati,Phoenix Islands,,-3.5954,-174.1229,1182.56712,0,Yes,,2,0,0.00098,0.197712,0.130036,0.204692,0.53342,0.328728,0,0.298118809,60.1445572,39.55732399,38.3735143,0,0,0,0,0
Mejit,"Majej, Majeej, New Year, Los Barbudos",Coral Island,Marshall Islands,Ratak Chain,,10.283333,170.866667,1456.3698,1,Yes,https://rmi-data.sprep.org/system/files/Copra%20Production%20in%20RMI%202013-2020.pdf,3,1.833672,0.3217,0.986124,0.332276,0,3.473772,3.473772,52.78619322,9.26082656,28.38770075,9.565279471,0,58.36938834,85.07450222,1.768988,1.339192,73.0333451
Merir,Melieli,Coral Island,Palau,Southwest Islands,Sonsorol State,4.324,132.31,3018.24732,0,Unknown,,6,NA,NA,NA,NA,NA,NA,NA,NA,NA,NA,NA,NA,NA,NA,NA,NA,NA
Midway,"Kauihelani, Pihemanu, Middlebrook",Atoll,United States,Isolated Northern Pacific,,28.237,-177.3711,925.80792,1,No,https://www.britannica.com/place/Midway-Islands,4,NA,NA,NA,NA,NA,NA,NA,NA,NA,NA,NA,NA,NA,NA,NA,NA,NA
Mili,Mile,Atoll,Marshall Islands,Ratak Chain,,6.1312,171.9422,3662.58396,1,Yes,https://marshallislandsjournal.com/rmis-bumper-copra-year/,3,5.895188,3.382168,1.918656,2.803968,0.533692,14.533672,13.99998,42.10854587,24.15837737,13.70470529,20.02837147,3.67210709,52.65435585,63.54383727,4.198416,3.264004,55.3672589
Mole,,Coral Island,Papua New Guinea,Bismarck Archipelago,Admiralty Islands,-2.871111,146.458611,3337.29312,0,Unknown,,2,0.054512,0.218956,0.0201,0.016968,0,0.310536,0.310536,17.55416441,70.50905531,6.472679496,5.464100781,0,18.56878134,19.93359369,0.007556,0.00508,9.319049
Morane,"Grimwood, Cadmus",Closed Atoll,French Polynesia,Tuamotu Archipelago,Outer Gambier Group,-23.1569,-137.133,1804.54344,0,Unknown,,9,NA,NA,NA,NA,NA,NA,NA,NA,NA,NA,NA,NA,NA,NA,NA,NA,NA
Moruroa,"Mururoa, Mururura, Matilda, Aopuni",Atoll,French Polynesia,Tuamotu Archipelago,Far East Tuamotu Group,-21.8347,-138.8842,1809.19956,0,Yes,https://www-pub.iaea.org/MTCD/Publications/PDF/Pub1028_web.pdf,7,0.024348,3.28378,2.41684,1.720104,0,7.445072,7.445072,0.327035118,44.10675948,32.4622784,23.103927,0,0.425294954,0.736005378,0,0,0
Motu One,Bellinghausen,Closed Atoll,French Polynesia,Society Islands,Leeward Group,-15.8143,-154.5224,1911.79104,0,Unknown,,6,NA,NA,NA,NA,NA,NA,NA,NA,NA,NA,NA,NA,NA,NA,NA,NA,NA
Motutunga,"Adventure, San Blas",Atoll,French Polynesia,Tuamotu Archipelago,Raeffsky Islands,-17.1036,-144.3686,1398.97524,0,Unknown,,8,0.169696,0.211376,1.262584,1.14634,0.0043,2.794296,2.789996,6.082302627,7.576211579,45.25397169,41.0875141,0.153884914,10.32430144,44.5312172,0.037536,0.026664,15.7128041
Mouse,,Coral Island,Papua New Guinea,Bismarck Archipelago,Admiralty Islands,-2.897222,146.403056,3337.29312,0,Unknown,,2,0.072852,0.06798,0.003592,0.016052,0,0.160476,0.160476,45.39744261,42.36147461,2.238340936,10.00274184,0,50.44313964,51.72972052,0.05838,0.048712,66.8643277
Murilo,,Atoll,Federated States of Micronesia,Caroline Islands,Chuuk State,8.681,150.355,2905.3854,1,Yes,https://core.ac.uk/download/pdf/5097558.pdf,8,1.020276,2.183152,0.49672,0.263792,0,3.96394,3.96394,25.73893651,55.07530386,12.53096666,6.654792959,0,27.57392407,31.84950622,0.330868,0.224216,21.9760143
Mwoakilloa,"Mokil, Manton, Wellington, Duperrey",Closed Atoll,Federated States of Micronesia,Caroline Islands,Pohnpei State,6.6799,159.7566,3533.51328,1,Yes,https://scholarship.tricolib.brynmawr.edu/bitstream/handle/10066/15355/Rizzo-Busack_thesis_2015.pdf?sequence=1&isAllowed=y,2,0.7762,0.516764,0.084656,0.037504,0,1.415124,1.415124,54.850317,36.51722393,5.982231946,2.650227118,0,56.34354902,60.03260725,0.649232,0.471256,60.7132182
Nadikdik,Knox,Atoll,Marshall Islands,Ratak Chain,,5.891111,172.165833,3781.6296,0,Yes,https://www.islandconservation.org/living-and-working-on-a-coral-atoll/,3,0.549488,0.066976,0.341512,0.484868,0.00604,1.448884,1.442844,38.08367363,4.641943273,23.66936412,33.60501898,0.416872572,57.35926579,89.13545641,0.452924,0.37602,68.4309757
Nama,Nema,Coral Island,Federated States of Micronesia,Caroline Islands,Chuuk State,6.99,152.58,3570.3102,1,Unknown,,14,0.497572,0.301536,0.040496,0.082152,0,0.921756,0.921756,53.98087997,32.71321261,4.393353556,8.912553865,0,59.26270003,62.26592651,0.378028,0.312612,62.8274903
Namdrik,"Namorik, Nam?dik",Closed Atoll,Marshall Islands,Ralik Chain,,5.6137,168.1155,3820.72008,1,Yes,https://marshallislandsjournal.com/bumper-copra-crop-hits-tobolar/,3,2.315092,1.117472,0.282216,0.17102,0.04062,3.92642,3.8858,59.5782593,28.75783622,7.262751557,4.401152916,1.034530183,62.3211065,67.44497699,2.054804,1.632644,70.5217762
Namoluk,,Closed Atoll,Federated States of Micronesia,Caroline Islands,Chuuk State,5.9137,153.1406,3813.07392,1,Yes,https://muse.jhu.edu/article/185438,5,0.429984,0.726196,0.108372,0.063456,0,1.328008,1.328008,32.3781182,54.68310432,8.160493009,4.778284468,0,34.00287216,37.19005691,0.118412,0.087564,20.3644787
Namonuito,"Namonweito, Weito, Magur, Anonima",Atoll,Federated States of Micronesia,Caroline Islands,Chuuk State,8.591,144.5096,3111.56688,1,Yes,https://www.famsf.org/stories/navigating-the-unknown,8,0.316436,0.18948,0.064036,0.018072,0,0.588024,0.588024,53.81344979,32.22317456,10.8900317,3.073343945,0,55.51976307,62.54714221,0.230268,0.17778,56.1819768
Namu,,Atoll,Marshall Islands,Ralik Chain,,7.9867,168.1679,2635.3416,1,Yes,https://marshallislandsjournal.com/dengue-ban-slows-copra-production/,3,3.15458,0.896864,0.601588,1.158524,0.738272,6.549828,5.811556,54.28115981,15.43242464,10.35158226,19.93483329,11.27162423,67.79622405,77.86310264,2.808504,2.332864,73.9516512
Nanuku Levu,,Coral Island,Fiji,Ringgold Isles,,-16.715,-179.452,2154.1338,0,Unknown,https://www.nanukulevuisland.com/,3,0.002336,0.01248,0.022736,0.015964,0,0.053516,0.053516,4.365049705,23.32012856,42.48449062,29.83033112,0,6.220707286,15.76673866,0,0,0
Nanumanga,Nanumaga,Closed Atoll,Tuvalu,Tuvalu,,-6.2885,176.3202,2881.25616,1,Yes,https://www.britannica.com/place/Tuvalu,3,1.585204,0.79746,0.08958,0.380528,0.061056,2.913828,2.852772,55.56714662,27.95386382,3.140103731,13.33888583,2.095387923,64.1200464,66.53074038,1.616136,1.174756,74.1075597
Nanumea,San Augustin,Atoll,Tuvalu,Tuvalu,,-5.647222,176.068333,2670.74208,1,Yes,https://www.seacology.org/project/78-tuvalu/,8,1.514728,1.114048,0.513336,0.39436,0.251424,3.787896,3.536472,42.83161297,31.50167738,14.51548323,11.15122642,6.637563439,48.20732043,57.62103732,0.85228,0.594988,39.2801876
Napuka,Pukaroa,Closed Atoll,French Polynesia,Tuamotu Archipelago,Disappointment Islands,-14.1726,-141.231,977.18208,1,Yes,https://www.bbc.com/travel/article/20190319-a-journey-to-the-disappointment-islands,7,0.551992,1.656044,2.862004,3.932504,0,9.002544,9.002544,6.131511271,18.39528915,31.79105817,43.6821414,0,10.88733028,24.99923009,0.111312,0.073636,13.3400484
Nassau,"Te Nuku-o-Ngalewu, Adele, Lydra, Ranger, Mitchell, New-Port",Coral Island,Cook Islands,Northern Cook Islands,,-11.55,-165.42,2471.45196,1,Yes,https://www.jps.auckland.ac.nz/document//Volume_67_1958/Volume_67%2C_No._3/The_Pukupukans_on_Nassau_Island%2C_by__A._P._Vayda%2C_p_256-265/p1,9,0.86434,0.131868,0.069952,0.184156,0.00742,1.257736,1.250316,69.12972401,10.54677378,5.594745648,14.72875657,0.589948924,81.07038343,86.76300532,0.880616,0.723792,83.7392693
Nengonengo,Prince William Henry,Atoll,French Polynesia,Tuamotu Archipelago,Hao Group,-18.7518,-141.8072,1559.9052,1,Unknown,,,0.201244,0.22772,1.59042,4.56146,0,6.580844,6.580844,3.058027207,3.460346424,24.16741682,69.31420955,0,9.965613276,46.91396015,0.089528,0.062464,31.0389378
Neoch,Kuop,Atoll,Federated States of Micronesia,Caroline Islands,Chuuk State,7.113056,151.8775,3781.54032,0,Unknown,,1,0.183472,0.208604,0.011576,0.007792,0,0.411444,0.411444,44.59221668,50.70045984,2.813505605,1.893817871,0,45.45301398,46.79500913,0.064428,0.047904,26.1097061
Ngulu,,Atoll,Federated States of Micronesia,Caroline Islands,Yap State,8.4507,137.4544,3282.94488,1,Yes,http://cpi.kagoshima-u.ac.jp/publications/southpacificstudies/sps/sps40-1/SouthPacificStudies40-1-pp1-14.pdf,2,0.10874,0.04988,0.062524,0.071608,0,0.292752,0.292752,37.14406733,17.03831229,21.35732634,24.46029404,0,49.17158051,68.55377632,0.075464,0.054736,50.3365827
Niau,Greig,Closed Atoll,French Polynesia,Tuamotu Archipelago,,-16.1554,-146.3544,1443.31104,1,Unknown,,9,5.312984,11.992952,3.464492,1.043152,0,21.81358,21.81358,24.35631382,54.97929272,15.8822715,4.782121963,0,25.57955955,30.70035622,1.784032,1.317784,24.8030862
Nifiloli,Niuve,Coral Island,Solomon Islands,Santa Cruz Islands,Reef Islands,-10.186944,166.3,3554.80224,1,Yes,https://onlinelibrary.wiley.com/doi/10.1111/1477-8947.12038,3,0.024156,0.355556,0.097852,0.029828,0.018392,0.525784,0.507392,4.760816095,70.07520812,19.28528633,5.878689455,3.498014394,5.058170214,6.361663577,0.000016,0.000016,0.0662361
Nihiru,"Nikia, Nigeri",Closed Atoll,French Polynesia,Tuamotu Archipelago,Raeffsky Islands,-16.6922,-142.8347,1336.82112,1,Unknown,,5,0.528784,1.120516,2.023932,3.677692,0.111868,7.462792,7.350924,7.193435818,15.24319936,27.5330285,50.03033632,1.499010022,14.39560583,32.06111684,0.096468,0.059288,11.2121396
Nikumaroro,"Gardner, Kemins, Kemis, Motu Oonga, Motu Oona, Mary Letitia",Closed Atoll,Kiribati,Phoenix Islands,,-4.6764,-174.5185,1482.1536,0,Yes,,2,0.957724,0.824104,1.799108,0.721088,0,4.302024,4.302024,22.26217241,19.15619253,41.82003634,16.76159873,0,26.74507447,53.74952016,0.7009,0.633072,66.1017162
Nikunau,,Closed Atoll,Kiribati,Gilbert Islands,Southern Gilberts,-1.3475,176.4512,1342.44924,1,Yes,,3,10.684392,3.740552,2.688748,1.330484,0.024584,18.46876,18.444176,57.92826961,20.28039637,14.57776157,7.213572458,0.133111265,62.43183528,74.06886294,10.00204,7.228284,67.6527406
Ninigo,,Atoll,Papua New Guinea,Bismarck Archipelago,Western Islands,-1.2667,144.2667,3424.9464,1,Yes,https://fscluster.org/sites/default/files/documents/masp18_manusprovince.pdf,2,3.201124,3.402912,0.429992,0.125684,0.466676,7.626388,7.159712,44.71023415,47.52861568,6.005716431,1.755433738,6.119227084,45.50911654,48.47223728,1.913096,1.41886,44.3238063
Nissan,"Green, Sir Charles Hardy",Atoll,Papua New Guinea,Solomon Archipelago,Northern Solomon Islands,-4.51,154.2,3754.50072,1,Yes,https://www.encyclopedia.com/humanities/encyclopedias-almanacs-transcripts-and-maps/nissan,3,7.516872,18.049396,2.8926,0.334956,0.537168,29.330992,28.793824,26.10584825,62.68495633,10.04590429,1.163291128,1.831400725,26.41310961,29.40152235,2.38232,1.699596,22.6104156
Niulakita,"La Solitaria, Rocky, Independence, Sophia",Coral Island,Tuvalu,Tuvalu,,-10.789,179.473,3161.42316,1,Yes,https://eap.bl.uk/archive-file/EAP110-1-9-2-17#?c=0&m=0&s=0&cv=3&xywh=-1422%2C-101%2C4891%2C3648,5,0.29466,0.089532,0.019852,0.080932,0,0.484976,0.484976,60.75764574,18.46111973,4.093398436,16.6878361,0,72.92770094,76.69602699,0.270812,0.218808,74.2577886
Niutao,"El Gran Cocal, Loper",Closed Atoll,Tuvalu,Tuvalu,,-6.1087,177.3418,2795.71032,1,Yes,https://www.nytimes.com/2004/07/15/travel/tuvalu.html,3,1.3644,0.701732,0.106584,0.206668,0,2.379384,2.379384,57.3425727,29.49217108,4.479478722,8.685777495,0,62.79697853,66.0364391,1.241916,0.862644,63.2251539
Nomwin,,Atoll,Federated States of Micronesia,Caroline Islands,Chuuk State,8.5345,151.7724,2874.84468,1,Yes,https://core.ac.uk/download/pdf/5097558.pdf,2,0.556604,0.643,0.159448,0.107156,0.014012,1.48022,1.466208,37.96214453,43.85462363,10.87485541,7.308376438,0.946616044,40.95531297,46.39897833,0.32288,0.252936,45.4427205
Nonouti,,Atoll,Kiribati,Gilbert Islands,Central Gilberts,-0.6534,174.3477,1492.35732,1,Yes,,2,9.543204,5.409028,4.565432,5.718624,0.110956,25.347244,25.236288,37.81540296,21.43353254,18.09074298,22.66032152,0.437743843,48.89521615,63.8246116,7.039592,5.111032,53.5567719
Nuguria,Abgarris,Atoll,Papua New Guinea,Solomon Archipelago,Northern Solomon Islands,-3.3195,154.6854,3703.15248,1,Yes,https://ses.library.usyd.edu.au/bitstream/handle/2123/7040/Chapter_7.pdf?sequence=1&isAllowed=y,5,1.933316,3.194952,1.77758,0.473788,0,7.379636,7.379636,26.19798592,43.2941679,24.08763793,6.42020826,0,27.99534539,37.69919981,0.66236,0.479552,24.8046362
Nui,"Isla de Jesús, Egg, Netherland",Closed Atoll,Tuvalu,Tuvalu,,-7.2258,177.1546,3162.8928,1,Yes,https://www.britannica.com/place/Tahiti,3,1.61188,0.949176,0.662256,0.382188,0.347836,3.953336,3.6055,44.70614339,26.32578006,18.36793787,10.60013868,8.798543812,50.00694937,62.93810053,1.022496,0.731076,45.3554855
Nukapu,,Atoll,Solomon Islands,Santa Cruz Islands,Reef Islands,-10.0906,166.0389,3586.62372,1,Yes,https://onlinelibrary.wiley.com/doi/10.1111/1477-8947.12038,3,0.104596,0.168876,0.043008,0.029748,0,0.346228,0.346228,30.21015054,48.77595111,12.42187229,8.592026064,0,33.04979778,38.2474257,0.06544,0.0517,49.4282764
Nukufetau,,Atoll,Tuvalu,Tuvalu,,-7.9942,178.3778,3186.39,1,Yes,https://media.australian.museum/media/Uploads/Journals/16686/487_complete.pdf,3,2.1751,0.86518,0.212528,0.450024,0.205332,3.908164,3.702832,58.74152541,23.36535927,5.739606874,12.15350845,5.253924861,66.86837957,71.54275264,1.83978,1.516124,69.7036458
Nukulaelae,Mitchell,Closed Atoll,Tuvalu,Tuvalu,,-9.3872,179.8424,3304.82628,1,Yes,https://books.google.com/books?id=6Jk5zERqlKgC&pg=PA97#v=onepage&q&f=false,3,0.986768,0.663476,0.257936,0.219904,0.033432,2.161516,2.128084,46.36884634,31.17715278,12.12057419,10.33342669,1.546692229,51.71252188,59.79527876,0.584388,0.4759,48.2281549
Nukumanu,Tasman,Atoll,Papua New Guinea,Solomon Archipelago,Northern Solomon Islands,-4.5429,159.3974,3868.73988,1,Yes,https://www.jstor.org/stable/20707490,2,2.035204,0.4229,0.356588,0.296344,0,3.111036,3.111036,65.41885083,13.59354247,11.46203387,9.525572832,0,72.30645484,82.79568318,1.79738,1.472972,72.3746612
Nukumbasanga,,Atoll,Fiji,Ringgold Isles,,-16.3101,-179.2631,2288.4798,0,Unknown,,2,0.009452,0.017632,0.00476,0.01482,0,0.046664,0.046664,20.25544317,37.78501629,10.20058289,31.75895765,0,29.68220073,34.89883326,0,0,0
Nukunonu,Duke of Clarence,Closed Atoll,Tokelau,Tokelau Islands,,-9.1687,-171.8176,2785.53408,1,Yes,https://www.britannica.com/place/Nukunonu,5,2.400412,0.374984,0.296572,0.4605,0,3.532468,3.532468,67.95283071,10.61535448,8.395603301,13.03621151,0,78.13922541,86.48899112,2.157892,1.909004,79.528181
Nukuoro,Monteverde,Closed Atoll,Federated States of Micronesia,Caroline Islands,Pohnpei State,3.8478,154.9414,4198.64424,1,Yes,https://archive.ph/20141125235524/http://www.guampdn.com/apps/pbcs.dll/article#selection-1795.0-1798.0,5,0.933632,0.427788,0.241484,0.101064,0.045356,1.749324,1.703968,54.79163928,25.10540104,14.17186238,5.931097298,2.59277298,58.246283,68.57780846,0.654796,0.524168,56.1428914
Nukusemanu,,Atoll,Fiji,Ringgold Isles,,-16.3375,-179.415278,2173.2618,0,Yes,https://www.jstor.org/stable/24367440?seq=2,2,0.009412,0.002916,0.004836,0.005676,0,0.02284,0.02284,41.2084063,12.76707531,21.17338004,24.85113835,0,54.83570263,76.34652823,0.00596,0.004532,48.1512962
Nukutavake,Queen Charlotte,Coral Island,French Polynesia,Tuamotu Archipelago,Far East Tuamotu Group,-19.28,-138.8,1544.0394,1,Yes,https://www.expeditions.com/expedition-stories/daily-expedition-reports/nukutavake-tuamotu-archipelago/,5,1.681232,0.229664,1.667956,0.850836,0,4.429688,4.429688,37.95373399,5.184654089,37.65402891,19.20758302,0,46.97685179,87.98134488,1.135116,0.744024,44.2546894
Nukutepipi,"Nuku-te-pipi, Margaret",Closed Atoll,French Polynesia,Tuamotu Archipelago,Duke of Gloucester Islands,-20.7045,-143.052,1833.47364,0,Unknown,,,NA,NA,NA,NA,NA,NA,NA,NA,NA,NA,NA,NA,NA,NA,NA,NA,NA
Nupani,"Nalongo, Nimba",Atoll,Solomon Islands,Santa Cruz Islands,Reef Islands,-10.0834,165.729,3591.42732,1,Yes,https://www.cepf.net/sites/default/files/64036_safeguard_socialassessment.pdf,3,NA,NA,NA,NA,NA,NA,NA,NA,NA,NA,NA,NA,NA,NA,NA,NA,NA
Oeno,,Atoll,Pitcairn Islands,Pitcairn Islands,,-23.9254,-130.7308,1759.09164,0,Unknown,,3,0.106664,0.034212,0.397804,0.144808,0,0.683488,0.683488,15.60583361,5.005501194,58.20204598,21.18661922,0,19.80099502,75.71481303,0.031184,0.024552,23.0180755
Ofolanga,,Coral Island,Tonga,Ha'apai Group,,-19.600278,-174.453333,1893.49164,0,Yes,https://ago.gov.to/cms/judgements/land-court/category/90-la-2015.html?download=1167:tapealava-v-minister-of-land-ors-unreported-supreme-court-of-tonga-la-24-11-4-august-2015-paulsen-president,7,0.634124,0.114716,0.036912,0.04868,0,0.834432,0.834432,75.9946886,13.74779491,4.423607915,5.833908575,0,80.70281717,84.6808397,0.680324,0.5627,88.7365878
Olimarao,,Atoll,Federated States of Micronesia,Caroline Islands,Yap State,7.6901,145.8716,3392.78724,0,Yes,https://ozoutback.com.au/Micronesia/yapeast/index.html,5,0.119876,0.01918,0.026084,0.020704,0,0.185844,0.185844,64.50356213,10.32048385,14.03542756,11.14052646,0,72.59052925,86.20699574,0.103864,0.088948,74.2000067
Onotoa,,Atoll,Kiribati,Gilbert Islands,Southern Gilberts,-1.8776,175.5596,1432.57308,1,Yes,,2,7.5622,1.514504,1.890064,1.19114,0,12.157908,12.157908,62.19984557,12.45694572,15.54596399,9.797244723,0,68.95559384,83.31438372,7.580116,5.735152,75.8397292
Ontong Java,"Luangiua, Lord Howe",Atoll,Solomon Islands,Solomon Islands,Northern Solomon Islands,-5.349,159.3282,4260.23184,1,Yes,https://www.britannica.com/place/Ontong-Java-Atoll,9,5.5658,1.209388,0.896604,2.472952,0.4632,10.607944,10.144744,54.86387828,11.92132596,8.838113608,24.37668215,4.366538888,72.54889079,82.14974994,4.682044,3.978948,71.4892378
Oroluk,"Mira Cómo Vas, Bajo Triste, San Agustín",Atoll,Federated States of Micronesia,Caroline Islands,Pohnpei State,7.5134,155.3036,3217.45824,1,Yes,https://www.encyclopedia.com/humanities/encyclopedias-almanacs-transcripts-and-maps/kapingamarangi,3,0.070804,0.090612,0.019944,0.005336,0,0.186696,0.186696,37.92475468,48.534516,10.68260702,2.858122295,0,39.04058227,43.86430094,0.019012,0.012324,17.4057963
Orona,Hull,Closed Atoll,Kiribati,Phoenix Islands,,-4.5118,-172.1798,1329.98892,0,Yes,,3,0.69326,3.139084,1.752444,1.582308,0.055992,7.223088,7.167096,9.67281588,43.79854825,24.45124218,22.07739369,0.77518092,12.41336287,18.0897122,0.410988,0.282528,40.7535412
Pakin,,Closed Atoll,Federated States of Micronesia,Caroline Islands,Pohnpei State,7.0565,157.8079,3046.73916,1,Yes,https://spccfpstore1.blob.core.windows.net/digitallibrary-docs/files/62/6274f7875465bb90481fe67182e290d8.pdf?sv=2015-12-11&sr=b&sig=vl1glZX%2BDAKxlMJTTSLh5zJgPtKxXACIw%2FYxjC5lsH4%3D&se=2023-05-08T09%3A11%3A30Z&sp=r&rscc=public%2C%20max-age%3D864000%2C%20max-stale%3D86400&rsct=application%2Fpdf&rscd=inline%3B%20filename%3D%22Ropeti_10_PakinMngmtPlan.pdf%22,3,NA,NA,NA,NA,NA,NA,NA,NA,NA,NA,NA,NA,NA,NA,NA,NA,NA
Palmerston,Avarau,Closed Atoll,Cook Islands,Northern Cook Islands,,-18.0474,-163.1548,2031.83904,1,Yes,https://en.wikipedia.org/wiki/Palmerston_Island,4,0.6445,0.594232,0.506772,0.333408,0,2.078912,2.078912,31.00179325,28.58379768,24.3767894,16.03761968,0,36.923433,52.02901031,0.306136,0.21566,33.4615981
Palmyra,,Atoll,United States,Line Islands,Northern Line Islands,5.8885,-162.0787,3413.424,0,Yes,"Krauss in Honolulu Star Advertiser, Sept. 17, 1979 issue",2,1.001464,0.789984,0.19464,0.37986,0,2.365948,2.365948,42.32823376,33.38974483,8.226723495,16.05529792,0,50.42394899,55.90248782,0.623012,0.569712,56.8879161
Papialou,"Hayrick, Pialou, Heuschober",Coral Island,Papua New Guinea,Bismarck Archipelago,Admiralty Islands,-2.731111,147.348056,3113.65644,0,Unknown,,2,0.015432,0.004044,0.012168,0.005444,0,0.037088,0.037088,41.60914582,10.90379638,32.80845557,14.67860224,0,48.76753887,79.23598275,0.008292,0.006292,40.7724209
Paraoa,"Tohora, Hariri, Gloucester",Closed Atoll,French Polynesia,Tuamotu Archipelago,Hao Group,-19.1365,-140.69,1541.44668,0,Unknown,,6,NA,NA,NA,NA,NA,NA,NA,NA,NA,NA,NA,NA,NA,NA,NA,NA,NA
Pearl and Hermes,Holoikauaua,Atoll,United States,Hawaiian Islands,Northwestern Hawaiian Islands,27.873,-175.8354,944.82024,0,No,https://www.fws.gov/refuge/hawaiian-islands/visit-us,3,0,0.0002,0.100368,0.252188,0,0.352756,0.352756,0,0.056696413,28.45252809,71.49077549,0,0,0,0,0,0
Pelleluhu,,Atoll,Papua New Guinea,Bismarck Archipelago,Western Islands,-1.087778,144.399444,3405.40428,1,Yes,https://fscluster.org/sites/default/files/documents/masp18_manusprovince.pdf,3,1.685672,3.128832,0.585236,0.028184,0,5.427924,5.427924,31.05555642,57.64325366,10.78194905,0.519240874,0,31.21765122,35.01237095,0.558768,0.393276,23.3305174
Penrhyn,"Tongareva, M?ngarongaro, Hararanga, Te Pitaka",Atoll,Cook Islands,Northern Cook Islands,,-8.9993,-157.9715,1563.56724,1,Yes,https://wikimapia.org/5445928/Penrhyn-Atoll,4,4.023052,1.40904,1.797256,1.70348,0.050468,8.983296,8.932828,45.03671178,15.7737281,20.11967543,19.0698847,0.561798253,55.64889116,74.06082224,3.304784,2.52458,62.7528553
Piagailoe,West Fayu,Atoll,Federated States of Micronesia,Caroline Islands,Yap State,8.0743,146.7162,3202.63332,0,Yes,http://cpi.kagoshima-u.ac.jp/publications/southpacificstudies/sps/sps40-1/SouthPacificStudies40-1-pp1-14.pdf,1,0.030332,0.012624,0.019532,0.00614,0,0.068628,0.068628,44.19770356,18.39482427,28.4606866,8.946785569,0,48.54051978,70.61178881,0.02152,0.015616,51.4835817
Pikelot,,Coral Island,Federated States of Micronesia,Caroline Islands,Yap State,8.083,147.633,3161.4756,0,Yes,http://cpi.kagoshima-u.ac.jp/publications/southpacificstudies/sps/sps40-1/SouthPacificStudies40-1-pp1-14.pdf,3,NA,NA,NA,NA,NA,NA,NA,NA,NA,NA,NA,NA,NA,NA,NA,NA,NA
Pileni,,Coral Island,Solomon Islands,Santa Cruz Islands,Reef Islands,-10.173056,166.2475,3544.28832,1,Unknown,,3,NA,NA,NA,NA,NA,NA,NA,NA,NA,NA,NA,NA,NA,NA,NA,NA,NA
Pinaki,"Te Kiekie, Artomix, Whitsunday",Closed Atoll,French Polynesia,Tuamotu Archipelago,Far East Tuamotu Group,-19.3949,-138.6751,1502.20596,0,Yes,https://tropicalislands.net/pinaki-atoll/,8,0.824404,0.237368,0.28048,0.39794,0,1.740192,1.740192,47.37431272,13.64033394,16.11776172,22.86759162,0,61.4194652,77.64416466,0.77892,0.556616,67.5173823
Pingelap,Pikelap,Closed Atoll,Federated States of Micronesia,Caroline Islands,Pohnpei State,6.2174,160.7024,3735.41052,1,Yes,https://sun.iwu.edu/~jwilliam/pingelap2.pdf,6,1.29696,0.589784,0.110252,0.057588,0,2.054584,2.054584,63.12518739,28.70576233,5.366147113,2.802903167,0,64.94554821,68.74064526,1.148092,0.86142,66.4183938
Pinipel,Green,Atoll,Papua New Guinea,Solomon Archipelago,Northern Solomon Islands,-4.4,154.1201,3816.25812,1,Yes,https://www.encyclopedia.com/humanities/encyclopedias-almanacs-transcripts-and-maps/nissan,4,1.687008,3.79826,0.407596,0.092944,0,5.985808,5.985808,28.18346329,63.4544242,6.809373104,1.552739413,0,28.62798123,30.75525207,0.578972,0.442456,26.2272615
Poluwat,"Puluwat, Polowat",Atoll,Federated States of Micronesia,Caroline Islands,Chuuk State,7.3592,149.1893,3359.22288,1,Yes,https://issuu.com/marc_virtual_library/docs/an_annotated_list_of_the_vascular_p,2,1.884892,1.166588,0.170888,0.036148,0,3.258516,3.258516,57.84510495,35.80120521,5.244350496,1.109339343,0,58.49400193,61.76976418,1.533652,1.115208,59.165618
Pukapuka,"Danger, Otter, San Bernardo",Atoll,Cook Islands,Northern Cook Islands,,-10.8858,-165.8534,2479.06716,1,Yes,https://www.everyculture.com/Oceania/Pukapuka-Economy.html,4,1.680068,1.199656,0.265404,0.422532,0,3.56766,3.56766,47.09159505,33.62585,7.439161804,11.84339315,0,53.41811208,58.34128548,1.292748,0.997496,59.3723587
Puka-Puka,Dog,Closed Atoll,French Polynesia,Tuamotu Archipelago,Disappointment Islands,-14.8176,-138.8167,887.58468,1,Yes,https://www.jps.auckland.ac.nz/document//Volume_67_1958/Volume_67%2C_No._3/The_Pukupukans_on_Nassau_Island%2C_by__A._P._Vayda%2C_p_256-265/p1,5,1.137284,0.461852,3.764224,6.60562,0,11.96898,11.96898,9.501929154,3.858741513,31.44983115,55.18949819,0,21.20469258,71.11865407,0.48918,0.309128,27.1812494
Pukarua,Searle Island; Pukaruha,Closed Atoll,French Polynesia,Tuamotu Archipelago,Far East Tuamotu Group,-18.3159,-137.0181,1317.53208,1,Yes,https://www.persee.fr/doc/jso_0300-953x_1971_num_27_32_2333,5,2.579572,0.515048,2.305936,2.306972,0.027396,7.734924,7.707528,33.46821445,6.682401932,29.91797111,29.93141251,0.354185768,47.76493383,83.35666415,2.109376,1.502844,58.2594322
Pulap,"Pollap, Los Martires",Atoll,Federated States of Micronesia,Caroline Islands,Chuuk State,7.5901,149.422,3341.26644,1,Yes,https://www.jstor.org/stable/3195693,2,0.445284,0.5513,0.064484,0.073616,0,1.134684,1.134684,39.24299629,48.58621431,5.682991917,6.487797484,0,41.96564216,44.6810304,0.180816,0.129232,29.0223767
Rakahanga,Grand Duke Alexander,Closed Atoll,Cook Islands,Northern Cook Islands,,-10.0165,-161.0896,1943.17308,1,Yes,https://www.adb.org/sites/default/files/publication/29732/cook-islands-economic-report-2008.pdf,4,2.732256,0.41318,0.223384,0.392792,0,3.761612,3.761612,72.63524255,10.98412064,5.938517848,10.44211896,0,81.10424422,86.8641422,2.616776,2.383116,87.2215488
Rangiroa,"Te Kokota, Dean, Nairsa, Flies",Atoll,French Polynesia,Tuamotu Archipelago,Palliser Islands,-15.1138,-147.6486,1687.85904,1,Yes,https://xdaysiny.com/4-days-rangiroa-itinerary-french-polynesia/2/,6,15.215188,13.306512,19.01566,16.446564,0.036248,64.020172,63.983924,23.77970441,20.79664886,29.7194339,25.70421283,0.056619654,32.00680055,53.34600672,8.107436,5.635604,37.039332
Raraka,Te Marie,Atoll,French Polynesia,Tuamotu Archipelago,Raeffsky Islands,-16.1764,-144.8953,1390.54464,1,Yes,https://www.sailblogs.com/member/tyee3/131959,4,1.136668,1.125,4.487036,8.108476,0.252356,15.109536,14.85718,7.650630873,7.572096454,30.20112834,54.57614433,1.670177033,16.84275974,50.25795121,0.583512,0.40692,35.7993715
Raroia,"Raro-nuku, Barclay de Tolley",Atoll,French Polynesia,Tuamotu Archipelago,Raeffsky Islands,-16.0809,-142.4241,1295.66232,1,Yes,https://www.cambridge.org/core/journals/journal-of-asian-studies/article/work-and-life-on-raroia-an-acculturation-study-from-the-tuamotu-group-in-french-oceania-by-bengt-danielsson-new-york-macmillan-1957-244-photographs-maps-tables-bibliography-575/BB214643FF012AC068E778CCC8C7D6A2,2,1.799424,2.905064,3.615284,8.578748,1.200528,18.099048,16.89852,10.64841181,17.19123332,21.39408658,50.76626829,6.63310026,21.62828501,38.24909321,0.503404,0.369592,20.5394615
Ravahere,Dawhaida,Closed Atoll,French Polynesia,Tuamotu Archipelago,Hikueru Group,-18.2358,-142.1475,1517.98896,0,Unknown,,4,0.207052,0.51576,2.7323,3.897568,0,7.35268,7.35268,2.816007225,7.014585158,37.16059994,53.00880767,0,5.992627735,28.64534623,0.094548,0.069764,33.6939513
Rawaki,Phoenix,Closed Atoll,Kiribati,Phoenix Islands,,-3.7217,-170.7118,1044.97284,0,Yes,,3,0,0.00016,0.11364,0.453492,0,0.567292,0.567292,0,0.02820417,20.03201173,79.9397841,0,0,0,0,0,0
Reao,Clermont Tonnerre,Closed Atoll,French Polynesia,Tuamotu Archipelago,Far East Tuamotu Group,-18.516,-136.3717,1198.9536,1,Yes,https://greencoconutrun.com/2017/06/07/the-fundamentals-of-copra/#more-5311,8,3.880956,1.214496,3.23576,9.537416,0,17.868628,17.868628,21.71938439,6.796806112,18.10860912,53.37520038,0,46.58333025,76.16509782,2.87844,2.122252,54.6837429
Reitoru,"Te Pirehi, Bird",Closed Atoll,French Polynesia,Tuamotu Archipelago,Hikueru Group,-17.8555,-143.0744,1501.43556,0,Yes,https://sora-dev.unm.edu/sites/default/files/journals/iwsgb/v105/p00093-p00100.pdf,,NA,NA,NA,NA,NA,NA,NA,NA,NA,NA,NA,NA,NA,NA,NA,NA,NA
Rekareka,"Tehuata, Tu-henua, Good Hope, Bonne Esperance, La Sagitaria",Closed Atoll,French Polynesia,Tuamotu Archipelago,Hao Group,-16.834,-141.9218,1294.34172,0,Unknown,,8,0.310848,1.185356,0.637448,1.032412,0.038024,3.204088,3.166064,9.818121175,37.43942005,20.13376862,32.60869016,1.186733947,14.56882378,20.77577657,0.07006,0.052132,16.7708977
Rongelap,,Atoll,Marshall Islands,Ralik Chain,,11.3333,166.8131,1186.15488,1,Yes,https://www.osti.gov/servlets/purl/1389953,3,1.405472,3.352396,2.152172,1.741064,0.018504,8.669608,8.651104,16.24615772,38.75107732,24.87742605,20.12533892,0.213435256,20.33956388,29.53995361,0.677184,0.510872,36.3487853
Rongerik,"Rongdrik, Rondik",Atoll,Marshall Islands,Ralik Chain,,11.3565,167.4482,1161.963,0,Unknown,,3,0.333768,0.2999,0.862064,0.446404,0,1.942136,1.942136,17.18561419,15.44176103,44.38741674,22.98520804,0,22.31469274,52.67237733,0.161064,0.115768,34.6851705
Rose,"Manu, Vuil, Kordinkov",Atoll,American Samoa,Samoan Islands,,-14.5452,-168.1554,2273.68836,0,No,https://www.cerc.usgs.gov/orda_docs/DocHandler.ashx?task=get&ID=1144,4,0.003016,0.02496,0.022032,0.090036,0,0.140044,0.140044,2.153608866,17.82296992,15.73219845,64.29122276,0,6.031035034,10.78066914,0,0,0
Rowa,"Reef, Roua, Ayo",Atoll,Vanuatu,Banks Islands,,-13.6239,167.5185,2426.58036,0,Yes,http://www.positiveearth.org/bungalows/TORBA/reefislands.htm,3,0.166944,0.751848,0.4206,0.4224,0,1.761792,1.761792,9.475806452,42.67518527,23.87341979,23.97558849,0,12.46416284,18.16994488,0.04108,0.031464,18.8470385
Sae,Commerson,Coral Island,Papua New Guinea,Bismarck Archipelago,Western Islands,-0.758056,145.306389,3407.62908,0,Unknown,,2,NA,NA,NA,NA,NA,NA,NA,NA,NA,NA,NA,NA,NA,NA,NA,NA,NA
Sama,,Atoll,Papua New Guinea,Bismarck Archipelago,Western Islands,-1.4049,144.0796,3518.27748,1,Unknown,,2,NA,NA,NA,NA,NA,NA,NA,NA,NA,NA,NA,NA,NA,NA,NA,NA,NA
Samasuma,Sumasuma,Atoll,Papua New Guinea,Bismarck Archipelago,Western Islands,-1.470556,144.051389,3518.27748,1,Unknown,,2,NA,NA,NA,NA,NA,NA,NA,NA,NA,NA,NA,NA,NA,NA,NA,NA,NA
Sapwuahfik,"Ngatik, Raven, Los Valientes",Atoll,Federated States of Micronesia,Caroline Islands,Pohnpei State,5.8105,157.2732,3971.12076,1,Yes,Being Sapwuahfik: Cultural and Ethnic Identity in a Micronesian ...De Gruyterhttps://www.degruyter.com › document › doi › pdf,5,0.717964,0.67904,0.265536,0.209232,0,1.871772,1.871772,38.35744952,36.27792274,14.18634321,11.17828453,0,43.18476548,51.39312414,0.41242,0.297624,41.4538891
Satawan,,Atoll,Federated States of Micronesia,Caroline Islands,Chuuk State,5.3944,153.6206,3884.1936,1,Yes,https://www.everyculture.com/Oceania/Nomoi.html,5,1.644248,1.638432,0.76658,1.11832,0.038524,5.206104,5.16758,31.81853014,31.7059823,14.83440992,21.64107764,0.739977534,40.60613544,50.08858616,0.796768,0.566556,34.4568459
Sikaiana,Stewart,Coral Island,Solomon Islands,Solomon Islands,,-8.411389,162.941111,4150.94016,1,Yes,https://www.jstor.org/stable/20703331?seq=2,3,0.778704,0.40776,0.110284,0.146432,0.316564,1.759744,1.44318,53.9575105,28.25427182,7.641735612,10.14648207,17.98920752,60.05052639,65.63233271,0.623644,0.438296,56.2853151
Sonsorol,,Coral Island,Palau,Southwest Islands,Sonsorol State,5.326667,132.222778,3062.40348,1,Unknown,,20,0.034116,1.181252,0.027024,0.063024,0,1.305416,1.305416,2.613419783,90.48854924,2.07014469,4.827886283,0,2.745993213,2.807051033,0,0,0
Sorol,,Coral Island,Federated States of Micronesia,Caroline Islands,Yap State,8.1452,140.3724,3279.39876,0,Yes,http://cpi.kagoshima-u.ac.jp/publications/southpacificstudies/sps/sps40-1/SouthPacificStudies40-1-pp1-14.pdf,3,0.298936,0.331448,0.069868,0.19182,0,0.892072,0.892072,33.51029962,37.15484849,7.832103238,21.50274866,0,42.68977454,47.42125435,0.192172,0.134072,44.8497337
Suf,,Closed Atoll,Papua New Guinea,Bismarck Archipelago,Western Islands,-0.881667,145.556944,3415.782,1,Yes,https://bioone.org/journals/bulletin-of-the-british-ornithologists-club/volume-140/issue-4/bboc.v140i4.2020.a5/Avifauna-of-the-Ninigo-Hermit-Sae-and-Kaniet-Islands-and/10.25226/bboc.v140i4.2020.a5.full,2,1.160528,1.185352,0.121072,0.050296,0.303532,2.82078,2.517248,46.10304587,47.08920218,4.809696939,1.998055019,10.76056977,47.0429907,49.47090218,0.785728,0.583052,50.2402355
Surprise,,Atoll,New Caledonia,Loyalty Islands,Entrecasteaux Reefs,-18.4121,163.1109,1395.67044,0,Unknown,,4,0,0.001308,0.288224,0.12396,0,0.413492,0.413492,0,0.316330183,69.70485523,29.97881458,0,0,0,0,0,0
Suwarrow,"Suvorov, Suvarou, Suvarov, Souvorow, Souwaroff, Souworoff",Atoll,Cook Islands,Northern Cook Islands,,-13.2279,-163.1261,2228.9826,0,Yes,https://nla.gov.au/nla.obj-311664997/view?partId=nla.obj-311672155#page/n47/mode/1up,3,0.142904,0.305068,0.26612,0.69076,0.087016,1.491868,1.404852,10.17217472,21.71531236,18.94292068,49.16959224,5.83268761,20.01198725,31.90020805,0.074648,0.059544,41.6671332
Swains,"Olohega, Olosega, Quiros, Jennings",Closed Atoll,American Samoa,Tokelau Islands,,-11.0555,-171.078,2766.06576,0,Yes,"September 2013 ""Unlocking the Secrets of Swains Island:"" a Maritime Heritage Resources Survey",4,NA,NA,NA,NA,NA,NA,NA,NA,NA,NA,NA,NA,NA,NA,NA,NA,NA
Tabiteuea,"Drummond, Bishop",Atoll,Kiribati,Gilbert Islands,Southern Gilberts,-1.4089,174.8694,1491.2478,1,Yes,,3,15.554636,5.575772,10.169516,9.83944,0.09636,41.235724,41.139364,37.80961709,13.55337433,24.71967238,23.9173362,0.233680873,49.69544335,73.6125682,10.27442,7.581912,48.7437443
Tabuaeran,Fanning,Atoll,Kiribati,Line Islands,Northern Line Islands,3.8637,-159.3236,1738.15536,1,Yes,,3,10.189088,7.892856,4.529068,10.707328,0,33.31834,33.31834,30.58101934,23.68922341,13.59331827,32.13643897,0,45.06250317,56.3495164,6.999456,5.66032,55.5527639
Taenga,"Taunga-hara, Holt, Yermolov",Atoll,French Polynesia,Tuamotu Archipelago,Raeffsky Islands,-16.3574,-143.1398,1350.9192,1,Unknown,,3,0.612968,0.420592,1.85458,7.780724,0,10.668864,10.668864,5.745391449,3.942237899,17.38310658,72.92926407,0,21.22362489,59.30647471,0.355036,0.260144,42.4400621
Tahanea,"Tchitchagoff, Chichagov, San Julián",Atoll,French Polynesia,Tuamotu Archipelago,Raeffsky Islands,-16.8646,-144.7778,1374.68472,0,Yes,https://www.expeditions.com/expedition-stories/daily-expedition-reports/tahanea-atoll-tuamotu-archipelago/,4,1.3207,1.345716,3.870068,4.461884,0.179224,11.177592,10.998368,12.00814521,12.23559714,35.18765693,40.56860072,1.603422276,20.20505214,49.53090591,0.78066,0.56516,42.7924585
Taiaro,"Maro-taua, King",Closed Atoll,French Polynesia,Tuamotu Archipelago,Raeffsky Islands,-15.7438,-144.6336,1290.69384,0,Unknown,,5,0.307456,0.546756,1.880512,1.417868,0.038004,4.190596,4.152592,7.403953964,13.16661979,45.28525798,34.14416827,0.906887708,11.24267019,35.99293852,0.08366,0.053548,17.4164759
Takapoto,"Tua-poto, Oura, Spiridof",Closed Atoll,French Polynesia,Tuamotu Archipelago,King George Islands,-14.6236,-145.2024,1310.664,1,Yes,https://tahititourisme.com/en-us/island/other-tuamotu-islands/,6,4.109612,2.054176,4.666012,3.544292,0,14.374092,14.374092,28.59041114,14.29082268,32.46126434,24.65750184,0,37.94725664,66.67348066,2.684304,1.866476,45.4173289
Takaroa,"Taka-roa, Takapua, King George",Atoll,French Polynesia,Tuamotu Archipelago,King George Islands,-14.4496,-144.9694,1357.10712,1,Yes,https://www.thechurchnews.com/1994/9/10/23256572/members-on-isolated-isle-must-rely-on-selves-lord,5,3.355348,3.733896,6.163932,4.606256,0.151984,18.011416,17.859432,18.78754039,20.90713747,34.51359483,25.79172731,0.843820386,25.31731262,47.33012434,1.498116,1.03712,30.9094616
Takume,"Pukamaru, Volkonsky",Closed Atoll,French Polynesia,Tuamotu Archipelago,Raeffsky Islands,-15.8099,-142.2098,1291.86708,1,Yes,https://www.expeditions.com/expedition-stories/daily-expedition-reports/raroia-and-takume-atolls-tuamotu-french-polynesia/,9,1.177744,1.206668,2.138976,4.385436,0.17894,9.087764,8.908824,13.21997157,13.54463844,24.00963359,49.2257564,1.969021203,26.03676713,49.3934773,0.832904,0.574104,48.7460772
Takutea,"Areuna, Taka-ku-tea, Enua-iti",Coral Island,Cook Islands,Northern Cook Islands,,-19.813,-158.29,1958.13888,0,Yes,https://www.sprep.org/att/publication/Retro/Nature-Conservation/Takutea%20Wildlife%20sanctuary%20Cook%20Islands.%20SPREP%20RSS.%20No.66-Reduced.pdf,3,0.285844,0.496292,0.160108,0.277296,0,1.21954,1.21954,23.4386736,40.69501615,13.12855667,22.73775358,0,30.33651581,36.54658525,0.072648,0.051284,17.9412547
Takuu,"Takuu Mortlock, Marqueen",Atoll,Papua New Guinea,Solomon Archipelago,Northern Solomon Islands,-4.7537,156.9735,4065.6636,1,Yes,https://journals.openedition.org/jso/11312,,0.544796,0.25212,0.074564,0.063556,0.064968,1.000004,0.935036,58.26470852,26.96366771,7.974452321,6.797171446,6.496774013,62.51388443,68.36303952,0.433824,0.327416,60.098826
Tamana,Rotcher,Coral Island,Kiribati,Gilbert Islands,Southern Gilberts,-2.5,175.983333,1595.84028,1,Yes,,2,3.135112,0.707908,0.46652,0.48626,0,4.7958,4.7958,65.37203386,14.76099921,9.727678385,10.13928854,0,72.74818194,81.57938288,3.342912,2.453228,78.2500912
Tarawa,,Atoll,Kiribati,Gilbert Islands,Northern Gilberts,1.4387,172.9878,2122.08468,1,Yes,,3,8.319696,4.55062,9.365668,10.344832,0.173368,32.754184,32.580816,25.5355667,13.96717627,28.74595897,31.75129806,0.529300318,37.41546135,64.64251538,4.140504,2.8711,34.5096744
Tatakoto,"Clerke, Narcissus, d'Augier",Closed Atoll,French Polynesia,Tuamotu Archipelago,Far East Tuamotu Group,-17.3416,-138.3967,1302.18168,1,Yes,https://dxnews.com/tatakoto-atoll-tx0t-story/,9,2.658908,2.09244,2.43406,2.774344,0.010152,9.969904,9.959752,26.69652819,21.00895685,24.43896193,27.85555303,0.101826457,37.0042731,55.96112935,1.561576,1.118816,42.078026
Tauere,"Taouere, St. Simon, Te Putua, La Decena",Closed Atoll,French Polynesia,Tuamotu Archipelago,Hao Group,-17.3772,-141.506,1402.51452,1,Unknown,,7,1.252196,0.141308,0.460156,1.226804,0,3.080464,3.080464,40.64959045,4.587231015,14.93787949,39.82529905,0,67.55262562,89.8595196,1.158196,0.912644,72.8834783
Tekokota,"Doubtful, La del Peligro, Los Mártires",Closed Atoll,French Polynesia,Tuamotu Archipelago,Hikueru Group,-17.3135,-142.5725,1349.58012,0,Unknown,,1,NA,NA,NA,NA,NA,NA,NA,NA,NA,NA,NA,NA,NA,NA,NA,NA,NA
Tematangi,Bligh,Closed Atoll,French Polynesia,Tuamotu Archipelago,Far East Tuamotu Group,-21.6803,-140.6266,1847.28,1,Yes,http://yabaha.net/dahl/isldb/IKM.htm,9,1.57818,0.083808,1.945436,4.186336,0.468324,8.262084,7.79376,20.24927634,1.075321796,24.96145634,53.71394552,5.668351956,43.748115,94.95736431,1.14636,0.822716,52.1306822
Temoe,"Te Moe, Crescent",Closed Atoll,French Polynesia,Gambier Group,Outer Gambier Group,-23.3466,-134.4779,1677.23784,0,Unknown,,5,NA,NA,NA,NA,NA,NA,NA,NA,NA,NA,NA,NA,NA,NA,NA,NA,NA
Tenararo,,Closed Atoll,French Polynesia,Tuamotu Archipelago,Acteon Group,-21.3043,-136.7447,1713.37908,0,Yes,https://sora-dev.unm.edu/sites/default/files/journals/iwsgb/v105/p00093-p00100.pdf,,1.119012,0.344832,0.404532,0.626964,0,2.49534,2.49534,44.84406935,13.81903869,16.21149823,25.12539373,0,59.89222726,76.44339151,1.084192,0.793668,70.925781
Tenarunga,"Tenania, Narunga, Minto",Closed Atoll,French Polynesia,Tuamotu Archipelago,Acteon Group,-21.3451,-136.542,1707.75732,0,Yes,http://yabaha.net/dahl/isldb/IKM.htm,5,1.5602,0.22272,1.054072,1.118828,0,3.95582,3.95582,39.44062167,5.630185398,26.64610624,28.28308669,0,54.9948678,87.50813273,1.297644,0.880536,56.4373798
Tepoto Nord,"Tepoto North, Te Poto, Toho, Pukapoto, Otuho",Coral Island,French Polynesia,Tuamotu Archipelago,Disappointment Islands,-14.13,-141.4,960.78948,1,Yes,https://www.bbc.com/travel/article/20190319-a-journey-to-the-disappointment-islands,7,0.433516,0.422516,0.585552,0.587392,0,2.028976,2.028976,21.36624583,20.82410043,28.8594838,28.95016994,0,30.07219836,50.64249935,0.183184,0.119244,27.5062512
Tepoto Sud,"Tepoto South, Ti Poto, Eliza",Closed Atoll,French Polynesia,Tuamotu Archipelago,Raeffsky Islands,-16.8206,-144.2804,1403.27112,0,Unknown,,6,0.10208,0.34912,0.43876,0.53112,0,1.42108,1.42108,7.183269063,24.56723056,30.87510907,37.37439131,0,11.47017843,22.62411348,0.018708,0.01218,11.9318182
Teraina,Washington,Closed Atoll,Kiribati,Line Islands,Northern Line Islands,4.6839,-160.3803,2487.83052,1,Yes,,5,8.184732,0.79882,0.54666,0.604,0.47716,10.611372,10.134212,80.76337854,7.882408617,5.394203318,5.96000952,4.496685254,85.881951,91.10797155,7.865468,7.46782,91.2408616
Tetiaroa,Teti'aroa,Closed Atoll,French Polynesia,Society Islands,Windward Group,-17.007,-149.5602,1554.39648,1,Yes,https://thebrando.com/the-atoll/,4,3.0293,1.285812,0.525336,0.33884,0.04324,5.222528,5.179288,58.48873436,24.82603786,10.1430158,6.54221198,0.827951521,62.58305016,70.20211758,2.692964,2.106532,69.5385733
Tikehau,"Porutu-kai, Krusenstern",Atoll,French Polynesia,Tuamotu Archipelago,Palliser Islands,-15.0031,-148.1738,1507.70076,1,Yes,https://tahitibycarl.com/tikehau/,8,6.098292,3.715864,6.654164,6.247748,0.348516,23.064584,22.716068,26.84571995,16.35786616,29.29276317,27.50365072,1.511043945,37.03044391,62.1377121,4.257792,3.014776,49.4363996
Tikei,"Manu, Tikai, Tiku, Carlshoff, Romanzoff",Coral Island,French Polynesia,Tuamotu Archipelago,King George Islands,-14.95,-144.55,1252.1634,0,Unknown,,3,NA,NA,NA,NA,NA,NA,NA,NA,NA,NA,NA,NA,NA,NA,NA,NA,NA
Tingwon,Portland,Coral Island,Papua New Guinea,Bismarck Archipelago,New Ireland Province,-2.628333,149.676111,3158.60232,1,Yes,https://openresearch-repository.anu.edu.au/bitstream/1885/13671/1/Agricultural%20systems%20of%20Papua%20New%20Guinea%20Working%20Paper%20No%2017.pdf,2,NA,NA,NA,NA,NA,NA,NA,NA,NA,NA,NA,NA,NA,NA,NA,NA,NA
Toau,"Pakuria, Taha-a-titi, Elizabeth",Atoll,French Polynesia,Tuamotu Archipelago,Palliser Islands,-15.907,-146.0233,1539.47328,1,Yes,https://www.spiritofargo.com/2020/09/18/toau-tuamotus-archipelago-french-polynesia-a-friendly-cultural-exchange/,6,1.0841,2.05598,5.646508,5.3814,0,14.167988,14.167988,7.651756904,14.51144651,39.85398632,37.98281026,0,12.3381226,34.5245981,0.425388,0.294564,27.1712942
Tobi,Hotanian,Coral Island,Palau,Southwest Islands,Tobi State,3.006111145,131.12389,2830.41096,1,Yes,https://www.friendsoftobi.org/misc/tobioverviewculturehistory.htm,1,NA,NA,NA,NA,NA,NA,NA,NA,NA,NA,NA,NA,NA,NA,NA,NA,NA
Toke,"Taka, Toka",Atoll,Marshall Islands,Ratak Chain,,11.1454,169.6238,1276.5006,0,Unknown,,6,0.026756,0.145696,0.338764,0.148152,0,0.659368,0.659368,4.057825069,22.09631041,51.37707623,22.46878829,0,5.233795499,15.51504187,0.001568,0.001268,4.7391239
Tuanake,"Mata-rua-puna, Raevski, Reid",Closed Atoll,French Polynesia,Tuamotu Archipelago,Raeffsky Islands,-16.650784,-144.216049,1358.70744,0,Unknown,,8,0.481132,0.977796,0.87658,1.683632,0,4.01914,4.01914,11.97101868,24.32848818,21.81013849,41.89035465,0,20.60074296,32.9784609,0.2581,0.204136,42.4282733
Tulun,"Carteret, Kilinailau, Massacre",Atoll,Papua New Guinea,Solomon Archipelago,Northern Solomon Islands,-4.76,155.3899,3748.20888,1,Yes,https://incarnationparish.org/wp-content/uploads/frontpics/BackgroundOnCarteretIslands.pdf,2,0.45928,0.250408,0.125376,0.095128,0,0.930192,0.930192,49.37475274,26.92003371,13.47850766,10.22670588,0,54.99937729,64.71576242,0.30564,0.214888,46.788016
Tupai,Motu Iti,Closed Atoll,French Polynesia,Society Islands,Leeward Group,-16.2623,-151.8165,1809.33624,0,Unknown,,4,NA,NA,NA,NA,NA,NA,NA,NA,NA,NA,NA,NA,NA,NA,NA,NA,NA
Tureia,"Papahena, Carysfort",Closed Atoll,French Polynesia,Tuamotu Archipelago,Far East Tuamotu Group,-20.8293,-138.539,1649.8446,1,Yes,http://yabaha.net/dahl/isldb/IKM.htm,8,NA,NA,NA,NA,NA,NA,NA,NA,NA,NA,NA,NA,NA,NA,NA,NA,NA
Tuvana-i-Colo,Siminov,Coral Island,Fiji,Lau Group,,-21.01,-178.75,1970.51664,0,Yes,https://citeseerx.ist.psu.edu/document?repid=rep1&type=pdf&doi=a1d1c87bface9b272f9d3b2c1ed204449bd684a2,3,0.314436,0.047284,0.019152,0.026396,0,0.407268,0.407268,77.206164,11.61004547,4.702554583,6.481235943,0,82.5568695,86.92801062,0.316596,0.276948,88.077701
Tuvana-i-Ra,Mikhailov,Coral Island,Fiji,Lau Group,,-21.0364,-178.848,1951.3332,1,Yes,https://citeseerx.ist.psu.edu/document?repid=rep1&type=pdf&doi=a1d1c87bface9b272f9d3b2c1ed204449bd684a2,3,0.481792,0.152144,0.039352,0.089568,0,0.762856,0.762856,63.1563493,19.94399992,5.158509601,11.74114119,0,71.5580851,76.00010096,0.45568,0.402264,83.4932917
Ujae,Wujae,Atoll,Marshall Islands,Ralik Chain,,9.0679,165.6367,2061.5394,1,Yes,https://rmi-data.sprep.org/system/files/Copra%20Production%20in%20RMI%202013-2020.pdf,3,1.295824,0.398656,0.742564,0.50016,0,2.937204,2.937204,44.117603,13.57263574,25.28132196,17.02843929,0,53.1719575,76.47325433,1.12008,0.851232,65.6904024
Ujelang,"Wujlan, Providence",Atoll,Marshall Islands,Ralik Chain,,9.8237,160.8952,2036.92332,0,Yes,https://marshall.csu.edu.au/Marshalls/html/copra/ujelang.html,3,0.714092,0.721844,0.197008,0.249524,0,1.882468,1.882468,37.9338188,38.34561862,10.4654103,13.25515228,0,43.73034225,49.73007154,0.558808,0.425252,59.5514303
Ulithi,"Wulthiy, Yulthiy, Wugöy, Kings, Chickpea",Atoll,Federated States of Micronesia,Caroline Islands,Yap State,9.955,139.6495,2798.75376,1,Yes,http://cpi.kagoshima-u.ac.jp/publications/southpacificstudies/sps/sps40-1/SouthPacificStudies40-1-pp1-14.pdf,6,1.634412,1.242808,0.662676,0.54384,0.106376,4.190112,4.083736,40.02246962,30.43311321,16.2271998,13.31721737,2.538738821,46.17118695,56.80524951,0.939256,0.74602,45.6445498
Utirik,"Utrik, Utrok",Atoll,Marshall Islands,Ratak Chain,,11.2458,169.7902,1253.99484,1,Yes,https://rmi-data.sprep.org/system/files/Copra%20Production%20in%20RMI%202013-2020.pdf,3,0.379632,0.209472,1.674224,0.70304,0,2.966368,2.966368,12.79787268,7.06156485,56.44019892,23.70036354,0,16.77317649,64.44227165,0.023784,0.01474,3.8827075
Vahanga,Bedford,Closed Atoll,French Polynesia,Tuamotu Archipelago,Acteon Group,-21.3321,-136.651,1712.03856,0,Yes,https://sora-dev.unm.edu/sites/default/files/journals/iwsgb/v105/p00093-p00100.pdf,5,0.808744,0.326284,0.809536,1.79874,0,3.743304,3.743304,21.60508471,8.716470797,21.62624249,48.05220201,0,41.58999138,71.25322018,0.542012,0.36656,45.3246021
Vahitahi,"Vaitake, Lagoon, Les Quatre Facardins",Closed Atoll,French Polynesia,Tuamotu Archipelago,Far East Tuamotu Group,-18.7742,-138.8197,1540.12668,1,Yes,http://yabaha.net/dahl/isldb/IKM.htm,6,1.717096,0.105368,0.718436,1.407188,0.143968,4.092056,3.948088,43.49183706,2.668836156,18.19706146,35.64226532,3.518231422,67.57825967,94.21837688,1.693016,1.251768,72.9002921
Vairaatea,"Egmont, Industriel, San Miguel Arcángel, Santa Polonia",Closed Atoll,French Polynesia,Tuamotu Archipelago,Far East Tuamotu Group,-19.3491,-139.2201,1530.10332,1,Yes,https://georgehbalazs.com/wp-content/uploads/2019/08/Rapaport_1989_WelcomeStrangerLandOfVairaatea_HonoluluAdvertiser.pdf,6,1.153972,0.859236,0.735464,0.999976,0,3.748648,3.748648,30.78368521,22.92122387,19.6194468,26.67564413,0,41.9828921,57.32005833,0.6064,0.368484,31.9317973
Vaitupu,Tracy,Closed Atoll,Tuvalu,Tuvalu,,-7.4785,178.6783,3027.72108,1,Yes,https://www.jstor.org/stable/25168878?seq=2,5,3.43334,1.349584,0.387564,0.575412,0,5.7459,5.7459,59.75286726,23.48777389,6.745052994,10.01430585,0,66.40262969,71.78328571,3.153936,2.507296,73.027897
Vanavana,"Kurataki, Huataki, Barrow",Closed Atoll,French Polynesia,Tuamotu Archipelago,Far East Tuamotu Group,-20.7809,-139.1407,1664.68116,0,Unknown,,5,0.919624,0.32316,0.507124,0.696892,0.05574,2.50254,2.4468,37.58476377,13.20745463,20.72600948,28.48177211,2.227337026,52.55270563,73.9970904,0.67038,0.437724,47.5981488
Vostok,"Anne, Bostock, Leavitts, Reaper, Wostock, Wostok",Coral Island,Kiribati,Line Islands,Southern Line Islands,-10.1,-152.42,1509.87396,0,Unknown,,5,0.007496,0.144108,0.04548,0.073888,0,0.270972,0.270972,2.766337481,53.18187857,16.78402197,27.26776198,0,3.803454365,4.944460568,0,0,0
Wailagi Lala,Wailangilala,Atoll,Fiji,Lau Group,,-16.7732,-179.1073,2100.174,0,No,https://www.marineecologyfiji.com/projects/,4,0.03006,0.275932,0.057716,0.136372,0,0.50008,0.50008,6.011038234,55.17757159,11.54135338,27.27003679,0,8.26487182,9.823786243,0.000096,0.000088,0.2927478
Wake,Anen Kio,Atoll,United States,Isolated Western Pacific,,19.2977,166.6262,984.36636,1,No,https://www.doi.gov/oia/islands/wakeatoll,6,0.00198,0.89914,1.514088,4.620984,0.078976,7.115168,7.036192,0.028140221,12.77878716,21.51857141,65.67450121,1.109966764,0.081980517,0.219726563,0,0,0
Woleai,Oleai,Atoll,Federated States of Micronesia,Caroline Islands,Yap State,7.3462,143.8652,3502.1748,1,Yes,http://cpi.kagoshima-u.ac.jp/publications/southpacificstudies/sps/sps40-1/SouthPacificStudies40-1-pp1-14.pdf,3,1.889016,1.955708,0.227492,0.13414,0,4.206356,4.206356,44.90860973,46.4941151,5.408291642,3.188983529,0,46.38791263,49.13268157,1.159508,0.890232,47.1267581
Wotho,"Wotto, Las Hermanas, Schantz",Atoll,Marshall Islands,Ralik Chain,,10.1046,165.9733,1579.92552,1,Yes,https://rmi-data.sprep.org/system/files/Copra%20Production%20in%20RMI%202013-2020.pdf,3,0.8111,1.924412,1.684804,0.729672,0,5.149988,5.149988,15.74955126,37.36731037,32.71471701,14.16842136,0,18.34936688,29.65075642,0.060788,0.041112,5.0686722
Wotje,"Wojja, Los Corales",Atoll,Marshall Islands,Ratak Chain,,9.4385,170.0167,1766.70012,1,Yes,https://marshallislandsjournal.com/rmis-bumper-copra-year/,6,4.159476,3.249936,1.512424,1.69488,0,10.616716,10.616716,39.17855578,30.61149983,14.24568577,15.96425863,0,46.62130082,56.13773401,2.951196,2.196296,52.802228
Wuvulu,"Maty, Matty, Mary, Tiger, Tiger-Inseln",Coral Island,Papua New Guinea,Bismarck Archipelago,Western Islands,-1.734167,142.851944,3397.67724,1,Yes,https://nla.gov.au/nla.obj-332161942/view?sectionId=nla.obj-337503571&partId=nla.obj-332186456,2,2.871896,9.184832,0.264244,0.073544,2.047212,14.441728,12.394516,23.17069904,74.1039989,2.131942869,0.593359192,14.17567205,23.30900517,23.81986224,0.608188,0.409228,14.2494018
